{
"type": "FeatureCollection",
"name": "flood_extent_2025-09",
"crs": { "type": "name", "properties": { "name": "urn:ogc:def:crs:OGC:1.3:CRS84" } },
"features": [
{ "type": "Feature", "properties": { "month": "2025-09" }, "geometry": { "type": "MultiPolygon", "coordinates": [ [ [ [ 29.985916276580362, -5.894790569071005 ], [ 29.986818461762088, -5.894785728677679 ], [ 29.986832969008109, -5.897495924116002 ], [ 29.985930779460272, -5.89750076674992 ], [ 29.985935615261031, -5.898404165909851 ], [ 29.984131230992705, -5.898413848297619 ], [ 29.984126398103609, -5.897510447644625 ], [ 29.98322420629524, -5.8975152859054 ], [ 29.983229037728488, -5.898418687304589 ], [ 29.980522453418409, -5.898433195577768 ], [ 29.980517626352714, -5.897529791941345 ], [ 29.979615431533489, -5.897534624371178 ], [ 29.979586493669437, -5.892114197384392 ], [ 29.981390865094671, -5.892104540011774 ], [ 29.981386041841205, -5.891201136888727 ], [ 29.982288224970816, -5.891196306763558 ], [ 29.98229304967856, -5.892099709140877 ], [ 29.984097416587726, -5.892090043029938 ], [ 29.984102244957224, -5.892993443881971 ], [ 29.985004428736527, -5.892988607895536 ], [ 29.985009259313976, -5.893892007968002 ], [ 29.9859114437945, -5.893887169778343 ], [ 29.985916276580362, -5.894790569071005 ] ] ], [ [ [ 30.190649723991001, -5.39144265574789 ], [ 30.187946021429457, -5.391456842954282 ], [ 30.187936589890242, -5.389650359035969 ], [ 30.187035356754489, -5.389655083850387 ], [ 30.187030643514852, -5.388751841048617 ], [ 30.187931875323297, -5.388747117030528 ], [ 30.187927161558115, -5.387843874994235 ], [ 30.187025931076757, -5.387848598216002 ], [ 30.187021219440201, -5.386945355352543 ], [ 30.18972490449821, -5.386931184086982 ], [ 30.189729620115326, -5.387834424560802 ], [ 30.190630848190725, -5.38782969734915 ], [ 30.190635565937121, -5.388732936995125 ], [ 30.191536794537143, -5.388728207656301 ], [ 30.19154151441327, -5.389631446474197 ], [ 30.190640284485966, -5.389636176610244 ], [ 30.190649723991001, -5.39144265574789 ] ] ], [ [ [ 30.248673496487214, -5.11023504992855 ], [ 30.247772718487166, -5.110239615790467 ], [ 30.24776816588637, -5.109336419126308 ], [ 30.245966609955051, -5.109345545446248 ], [ 30.245962060683663, -5.108442347131144 ], [ 30.248664389586651, -5.108428658193032 ], [ 30.248673496487214, -5.11023504992855 ] ] ], [ [ [ 30.190009677585653, -5.087947996784049 ], [ 30.190910475939827, -5.087943531542142 ], [ 30.190914930096266, -5.088846779555558 ], [ 30.190014130489875, -5.088851245594183 ], [ 30.190009677585653, -5.087947996784049 ] ] ], [ [ [ 30.195347645682265, -5.074372522606333 ], [ 30.194446870091117, -5.074376982158528 ], [ 30.194451317228367, -5.075280227419674 ], [ 30.191748981898424, -5.075293600955397 ], [ 30.191744538507621, -5.074390353302173 ], [ 30.190843759710535, -5.074394807845724 ], [ 30.190839318369481, -5.073491559366517 ], [ 30.189938540020083, -5.073496011861211 ], [ 30.18993410072833, -5.072592762556251 ], [ 30.190834877829339, -5.072588310858242 ], [ 30.190830438090114, -5.0716850623209 ], [ 30.191731213142067, -5.071680610168069 ], [ 30.191726772955807, -5.070777362398575 ], [ 30.192627545958704, -5.070772909791373 ], [ 30.192623105325875, -5.069869662789945 ], [ 30.194424646432019, -5.069860755416667 ], [ 30.194429089560227, -5.070764000823172 ], [ 30.195329860158402, -5.070759544462186 ], [ 30.195334305336317, -5.071662789041831 ], [ 30.196235076380376, -5.07165833063157 ], [ 30.196239523608444, -5.072561574384122 ], [ 30.195338751316267, -5.072566033592406 ], [ 30.195347645682265, -5.074372522606333 ] ] ], [ [ [ 30.174558998400439, -5.060022567457584 ], [ 30.171856673939757, -5.060035817918846 ], [ 30.171843469185767, -5.057326020953065 ], [ 30.172744241067722, -5.05732160775785 ], [ 30.172739839830797, -5.056418342836884 ], [ 30.173640609672006, -5.056413929186029 ], [ 30.173636207987176, -5.055510665028523 ], [ 30.174536975787646, -5.055506250922481 ], [ 30.174545782442468, -5.057312777623342 ], [ 30.175446551934805, -5.05730836068406 ], [ 30.17545536426621, -5.059114885683489 ], [ 30.176356135451076, -5.05911046591007 ], [ 30.176364953460894, -5.06091698920756 ], [ 30.174563405313314, -5.060925830677766 ], [ 30.174558998400439, -5.060022567457584 ] ] ], [ [ [ 30.18894473004843, -5.054532204878603 ], [ 30.183540195361978, -5.054558785791288 ], [ 30.183535781589189, -5.053655530306926 ], [ 30.182635024254012, -5.053659955298712 ], [ 30.182621791459336, -5.05095018628749 ], [ 30.181721037055151, -5.050954607648348 ], [ 30.181712221671187, -5.04914809324036 ], [ 30.185315224553023, -5.049130406678144 ], [ 30.185319636816033, -5.050033660716801 ], [ 30.186220386781073, -5.050029235165889 ], [ 30.186224801086293, -5.050932488380116 ], [ 30.187125551494464, -5.050928060787315 ], [ 30.187129967842338, -5.051831313176876 ], [ 30.188931468744819, -5.051822452660018 ], [ 30.18894473004843, -5.054532204878603 ] ] ], [ [ [ 30.196146300285047, -5.053593449482501 ], [ 30.194344807225541, -5.053602333135929 ], [ 30.194349235922314, -5.054505579064658 ], [ 30.192547737168749, -5.054514459324929 ], [ 30.192543310959252, -5.053611211801353 ], [ 30.191642561624128, -5.053615649263552 ], [ 30.191624869770859, -5.050002655691375 ], [ 30.19252561413365, -5.0499982214175 ], [ 30.192521191930318, -5.049094973749178 ], [ 30.193421934249365, -5.04909053902649 ], [ 30.193417511604959, -5.04818729212653 ], [ 30.197020467895385, -5.0481695439684 ], [ 30.197029323924749, -5.049976031356512 ], [ 30.197930063476829, -5.049971589606028 ], [ 30.197934493937741, -5.050874832458241 ], [ 30.197033753142954, -5.050879275007147 ], [ 30.197042613986419, -5.052685762221545 ], [ 30.196141869903162, -5.052690205120542 ], [ 30.196146300285047, -5.053593449482501 ] ] ], [ [ [ 30.226726499812976, -5.04440949197295 ], [ 30.227627205310849, -5.044405013939474 ], [ 30.227640607563089, -5.047114663510571 ], [ 30.226739898340995, -5.047119143961454 ], [ 30.226735431355234, -5.04621592666095 ], [ 30.225834722565025, -5.046220405061018 ], [ 30.225830257630435, -5.045317186925938 ], [ 30.226730965179232, -5.045312709331448 ], [ 30.226726499812976, -5.04440949197295 ] ] ], [ [ [ 30.169022728940043, -5.032951004530915 ], [ 30.169923469688236, -5.032946616449383 ], [ 30.16991909366482, -5.032043348373495 ], [ 30.171720570297754, -5.032034570067996 ], [ 30.17172932809401, -5.033841103023893 ], [ 30.170828587698434, -5.033845494381297 ], [ 30.170832966551657, -5.034748761607939 ], [ 30.169932224121538, -5.034753152514793 ], [ 30.169927846507139, -5.033849884496485 ], [ 30.169027104520342, -5.033854273369454 ], [ 30.169022728940043, -5.032951004530915 ] ] ], [ [ [ 30.192397695511012, -5.023804027307799 ], [ 30.191496987089945, -5.023808438467324 ], [ 30.191505784961013, -5.025614936985617 ], [ 30.190605073266429, -5.025619348499107 ], [ 30.190609472166564, -5.026522598511856 ], [ 30.189708758434676, -5.026527009581839 ], [ 30.189704360771227, -5.025623758772516 ], [ 30.188803647475623, -5.025628167805844 ], [ 30.188808043902391, -5.026531419411516 ], [ 30.1816022988565, -5.026566653397169 ], [ 30.181606686187969, -5.027469911336793 ], [ 30.180705963225204, -5.027474310797785 ], [ 30.180710350117877, -5.028377569502962 ], [ 30.179809625119759, -5.02838196851748 ], [ 30.179818398824551, -5.030188487429696 ], [ 30.180719126297721, -5.030184086826942 ], [ 30.180741080715496, -5.034700379632832 ], [ 30.18164181358204, -5.034695973817079 ], [ 30.181646208099171, -5.035599231497449 ], [ 30.180745473993642, -5.035603638107557 ], [ 30.180763055088359, -5.039216671718112 ], [ 30.179862315226408, -5.039221080262161 ], [ 30.179866711255539, -5.040124339386829 ], [ 30.178965969355463, -5.04012874748129 ], [ 30.178970364942256, -5.041032007371023 ], [ 30.178069621004042, -5.041036415015446 ], [ 30.178074016148049, -5.041939675670021 ], [ 30.177173270171693, -5.041944082863956 ], [ 30.177177664872456, -5.042847344283147 ], [ 30.174475418437755, -5.042860560778853 ], [ 30.1744578593045, -5.039247505412676 ], [ 30.175358603951103, -5.039243104329732 ], [ 30.175349826684805, -5.0374365780592 ], [ 30.176250568054915, -5.037432177318761 ], [ 30.176228632639198, -5.032915865103097 ], [ 30.175327897464175, -5.032920261878482 ], [ 30.175323514010596, -5.032016998555915 ], [ 30.174422779277077, -5.032021393296557 ], [ 30.17441401723644, -5.030214864979482 ], [ 30.175314749493939, -5.030210471824394 ], [ 30.175305988164592, -5.028403944977729 ], [ 30.176206717150155, -5.028399552167343 ], [ 30.176197956533851, -5.026593026791562 ], [ 30.177098682248179, -5.026588634326772 ], [ 30.177094301898812, -5.025685372388941 ], [ 30.180697191834337, -5.025667793301088 ], [ 30.180688423636063, -5.023861275689303 ], [ 30.179787704821646, -5.023865670733274 ], [ 30.179778942287829, -5.022059151418232 ], [ 30.180679658630343, -5.022054757962464 ], [ 30.180675277324678, -5.021151499055915 ], [ 30.181575991633451, -5.021147105155229 ], [ 30.181571609890529, -5.020243847014251 ], [ 30.184273744319761, -5.02023066026244 ], [ 30.184278129768806, -5.021133916019111 ], [ 30.186980260712964, -5.021120715732018 ], [ 30.186984650667782, -5.022023969073603 ], [ 30.188786069770245, -5.022015161095291 ], [ 30.188781677344291, -5.021111909345712 ], [ 30.189682384459847, -5.0211075042941 ], [ 30.18967799159871, -5.020204253312092 ], [ 30.190578696678564, -5.020199847818078 ], [ 30.190574303382689, -5.019296597603865 ], [ 30.192375708670209, -5.019287784493425 ], [ 30.192380104436275, -5.020191033113849 ], [ 30.194181508989811, -5.020182213454722 ], [ 30.194185908027542, -5.021085460451687 ], [ 30.193285204916094, -5.021089871698067 ], [ 30.193294002924763, -5.022896367200574 ], [ 30.192393296540747, -5.022900778802481 ], [ 30.192397695511012, -5.023804027307799 ] ], [ [ 30.187889752609291, -5.02292281822097 ], [ 30.187894145399532, -5.023826070709124 ], [ 30.188794857022604, -5.023821664508131 ], [ 30.188790462996344, -5.022918412816098 ], [ 30.187889752609291, -5.02292281822097 ] ] ], [ [ [ 30.204146603525555, -5.031875711246784 ], [ 30.203245894402439, -5.031880145720379 ], [ 30.203241473366592, -5.030976907056231 ], [ 30.202340764677615, -5.030981339488536 ], [ 30.202336345683317, -5.030078099995814 ], [ 30.201435637428485, -5.030082530387269 ], [ 30.20142238897887, -5.027372809337557 ], [ 30.202323093521848, -5.027368381344574 ], [ 30.202318677741818, -5.026465141736487 ], [ 30.204120081943209, -5.026456283628803 ], [ 30.204124500196887, -5.027359521637244 ], [ 30.205925903655878, -5.027350656968136 ], [ 30.205939170664589, -5.030060366018763 ], [ 30.205038465625428, -5.030064801374698 ], [ 30.205042888332898, -5.030968038467589 ], [ 30.204142181251765, -5.03097247338258 ], [ 30.204146603525555, -5.031875711246784 ] ] ], [ [ [ 30.214862039926871, -5.012854601469275 ], [ 30.213961366415337, -5.012859033986442 ], [ 30.213956947460012, -5.011955804330992 ], [ 30.213056274375244, -5.011960234808992 ], [ 30.213051857459256, -5.011057004322407 ], [ 30.214853200356526, -5.011048143734775 ], [ 30.214862039926871, -5.012854601469275 ] ] ], [ [ [ 30.161660138584395, -5.000468139518238 ], [ 30.162560841246972, -5.000463789798752 ], [ 30.162565179587428, -5.001367065203655 ], [ 30.161664475694309, -5.001371415712714 ], [ 30.161660138584395, -5.000468139518238 ] ] ], [ [ [ 30.157169608624706, -5.003199709937034 ], [ 30.153566759429037, -5.003217081249757 ], [ 30.153562431811775, -5.002313798016366 ], [ 30.152661718765188, -5.002318136970473 ], [ 30.152657393170003, -5.001414852921168 ], [ 30.151756680563221, -5.001419189853683 ], [ 30.151743712214941, -4.998709335173056 ], [ 30.152644421130589, -4.998705000601857 ], [ 30.152640098699475, -4.997801716438305 ], [ 30.153540805594194, -4.997797381420845 ], [ 30.153536482724387, -4.996894098016067 ], [ 30.155337891680517, -4.996885425856404 ], [ 30.155333567143007, -4.995982143998394 ], [ 30.158035670950724, -4.995969128875152 ], [ 30.158044328194816, -4.997775687833312 ], [ 30.158945030338771, -4.997771345415794 ], [ 30.158949361379246, -4.998674624063364 ], [ 30.159850063960508, -4.998670279623628 ], [ 30.159867400970082, -5.002283390772571 ], [ 30.157165276083298, -5.002296429855225 ], [ 30.157169608624706, -5.003199709937034 ] ] ], [ [ [ 30.19677818459915, -4.998491095575582 ], [ 30.19407617251942, -4.998504276907368 ], [ 30.194067415316663, -4.996697781449209 ], [ 30.19316674547953, -4.996702171164994 ], [ 30.193162369309416, -4.995798922595552 ], [ 30.19406303791731, -4.995794533677167 ], [ 30.194054285522636, -4.993988038047185 ], [ 30.195855615418623, -4.99397925970335 ], [ 30.19585999367284, -4.994882505937191 ], [ 30.196760658647033, -4.994878114118893 ], [ 30.196765038932032, -4.995781359526032 ], [ 30.197665704333193, -4.995776965677012 ], [ 30.197670086649417, -4.996680210257214 ], [ 30.196769420019042, -4.996684604904529 ], [ 30.19677818459915, -4.998491095575582 ] ] ], [ [ [ 30.239797106815814, -4.954924728427668 ], [ 30.240697678385562, -4.954920311822625 ], [ 30.240710895014967, -4.957629933598122 ], [ 30.241611469429063, -4.957625513343245 ], [ 30.241624697032954, -4.960335132434458 ], [ 30.242525274293154, -4.960330708528391 ], [ 30.24252968634072, -4.961233914025636 ], [ 30.243430264007795, -4.961229488086294 ], [ 30.243439092983785, -4.963035897375851 ], [ 30.242538512875715, -4.963040324934466 ], [ 30.242542927363154, -4.963943530346041 ], [ 30.240741762265664, -4.963952383408936 ], [ 30.240737350219913, -4.963049176378752 ], [ 30.238936184312717, -4.963058022925746 ], [ 30.23893177552106, -4.962154814249296 ], [ 30.238031192569395, -4.962159234877777 ], [ 30.238022379863853, -4.960352815822209 ], [ 30.237121798540628, -4.960357233609991 ], [ 30.237117394626065, -4.959454023231111 ], [ 30.235316231983994, -4.959462853519743 ], [ 30.235311831320857, -4.958559641496436 ], [ 30.231709501179871, -4.958577284163015 ], [ 30.23170510620637, -4.957674068882082 ], [ 30.22990393871067, -4.957682881262633 ], [ 30.229899546986402, -4.956779664339988 ], [ 30.22899896324261, -4.956784067889433 ], [ 30.228981409321701, -4.953171196688895 ], [ 30.229881988190378, -4.953166796364497 ], [ 30.229877600516609, -4.952263579299422 ], [ 30.233479903015368, -4.952245969009894 ], [ 30.233475511279767, -4.951342755143604 ], [ 30.235276655228233, -4.951333944283706 ], [ 30.235281049399759, -4.952237156535027 ], [ 30.236181621374914, -4.952232748465086 ], [ 30.236186017576053, -4.953135959880098 ], [ 30.23798716152751, -4.953127138458908 ], [ 30.237991560977104, -4.954030348229106 ], [ 30.239792704116883, -4.954021520303191 ], [ 30.239797106815814, -4.954924728427668 ] ] ], [ [ [ 30.215450796390417, -4.948720904944159 ], [ 30.216351381294192, -4.948716526963771 ], [ 30.216368850826932, -4.952329443789771 ], [ 30.212766486890061, -4.952346961226851 ], [ 30.212762123169146, -4.951443728852757 ], [ 30.211861531387939, -4.951448104355529 ], [ 30.211857169690703, -4.950544871151009 ], [ 30.210956578321785, -4.95054924463042 ], [ 30.210952218647776, -4.949646010595711 ], [ 30.210051627691165, -4.949650382052204 ], [ 30.210047270039929, -4.948747147187537 ], [ 30.209146679495642, -4.948751516621559 ], [ 30.2091379690427, -4.946945045204376 ], [ 30.208237380127731, -4.946949411815276 ], [ 30.208233027325349, -4.946046175263002 ], [ 30.20913361502355, -4.946041809453195 ], [ 30.209129261809267, -4.945138573673629 ], [ 30.211831016424146, -4.945125471327286 ], [ 30.211835373288022, -4.946028704702239 ], [ 30.212735957765386, -4.946024334011426 ], [ 30.212740316651551, -4.946927566556001 ], [ 30.21454148562221, -4.946918819909021 ], [ 30.214545847748077, -4.947822050820541 ], [ 30.215446432241141, -4.947817674863711 ], [ 30.215450796390417, -4.948720904944159 ] ] ], [ [ [ 30.235897609057371, -4.893523945624457 ], [ 30.235893266413981, -4.892620732340486 ], [ 30.234992774341485, -4.892625087098684 ], [ 30.234988433712509, -4.891721872978885 ], [ 30.237689903886555, -4.89170880750735 ], [ 30.237711633195612, -4.89622486570619 ], [ 30.240413114117093, -4.896211777246004 ], [ 30.240408763019786, -4.895308568088317 ], [ 30.241309253831705, -4.895304203661766 ], [ 30.241313606132998, -4.896207412010417 ], [ 30.24221409733623, -4.89620304556708 ], [ 30.242218451654395, -4.897106253078291 ], [ 30.243118943248923, -4.897101884617721 ], [ 30.243123299584411, -4.898005091291261 ], [ 30.244924282742698, -4.897996349126579 ], [ 30.244928642300593, -4.898899554152276 ], [ 30.245829133864106, -4.898895180447503 ], [ 30.245833495440436, -4.899798384634838 ], [ 30.247634478535502, -4.899789631979109 ], [ 30.247638843335793, -4.900692834517234 ], [ 30.249439825583909, -4.900684075405164 ], [ 30.249444193609037, -4.901587276293168 ], [ 30.255747614238786, -4.901556575639566 ], [ 30.255751991517037, -4.902459770815628 ], [ 30.257552963907422, -4.902450986693212 ], [ 30.257557344413346, -4.903354180215088 ], [ 30.258457830589197, -4.903349785526737 ], [ 30.258462213117781, -4.904252978207049 ], [ 30.259362699682544, -4.904248581495728 ], [ 30.259367084234242, -4.905151773334245 ], [ 30.260267571187903, -4.905147374599508 ], [ 30.260285122393661, -4.908760138415761 ], [ 30.259384630613287, -4.908764540405545 ], [ 30.259389019251135, -4.909667732102653 ], [ 30.25758803082439, -4.909676534076742 ], [ 30.257592417864547, -4.910579727372419 ], [ 30.256691921218383, -4.910584127356045 ], [ 30.256687535385709, -4.909680933247269 ], [ 30.253085545467492, -4.909698517819137 ], [ 30.25308116528047, -4.908795320431928 ], [ 30.251280167840992, -4.908804103827912 ], [ 30.251275790883767, -4.907900904788701 ], [ 30.245872786249766, -4.907927221050831 ], [ 30.2458771559645, -4.908830424955845 ], [ 30.247678163181213, -4.908821656089914 ], [ 30.247691284453914, -4.911531262772234 ], [ 30.245890269991939, -4.911540036501305 ], [ 30.245907766756297, -4.915152851499365 ], [ 30.245007253471019, -4.915157239787386 ], [ 30.245011628487962, -4.916060444276375 ], [ 30.244111113180093, -4.916064832161941 ], [ 30.244115487801597, -4.916968037432605 ], [ 30.245016004318597, -4.91696364873706 ], [ 30.245033515778122, -4.920576466296709 ], [ 30.245934036320179, -4.920572073147453 ], [ 30.24592965602471, -4.919668869610228 ], [ 30.246830174542808, -4.919664476057638 ], [ 30.246834556048292, -4.92056767878443 ], [ 30.248635593061795, -4.920558886417094 ], [ 30.248639977801922, -4.921462087494012 ], [ 30.247739458492127, -4.921466485095443 ], [ 30.247743842836414, -4.922369686954908 ], [ 30.242340702620368, -4.922396051930292 ], [ 30.242345080514845, -4.923299258622045 ], [ 30.241444553087792, -4.923303649344127 ], [ 30.241431425475, -4.920594026755925 ], [ 30.242331949270564, -4.920589638461802 ], [ 30.242327573815228, -4.919686431685077 ], [ 30.243228095587714, -4.919682042986703 ], [ 30.2432237197356, -4.9187788369912 ], [ 30.241422677797228, -4.918787611555532 ], [ 30.241418305177554, -4.917884403912872 ], [ 30.239617262407176, -4.917893172005856 ], [ 30.239612893019057, -4.916989962716948 ], [ 30.241413933370684, -4.916981196241909 ], [ 30.241409562376603, -4.916077988542652 ], [ 30.238708004258012, -4.916091134009267 ], [ 30.238703637703523, -4.915187923855144 ], [ 30.236902597314739, -4.915196679819501 ], [ 30.236893871476511, -4.913390256193246 ], [ 30.235993352481753, -4.913394630740788 ], [ 30.2359889919884, -4.912491418077304 ], [ 30.235088473390494, -4.912495790605075 ], [ 30.235092832675566, -4.913399004076292 ], [ 30.232391268390717, -4.913412116810522 ], [ 30.232378203841726, -4.910702469046574 ], [ 30.234179240260747, -4.910693733278825 ], [ 30.234170529783928, -4.908887304523645 ], [ 30.232369498194956, -4.908896037062735 ], [ 30.232360795790171, -4.90708960496598 ], [ 30.231460281193964, -4.907093967805467 ], [ 30.231451584444368, -4.905287533982194 ], [ 30.227849527612243, -4.905304966785017 ], [ 30.227827824034517, -4.900788865608231 ], [ 30.228728333427863, -4.900784513252213 ], [ 30.228723993935134, -4.899881293738229 ], [ 30.229624501313754, -4.899876940979397 ], [ 30.229628842011657, -4.900780159687245 ], [ 30.230529349785677, -4.900775804913335 ], [ 30.23052066678952, -4.898969369082187 ], [ 30.228719655251947, -4.898978074196076 ], [ 30.228715317378306, -4.898074854625761 ], [ 30.229615822347249, -4.898070503479196 ], [ 30.229611484078632, -4.897167284686849 ], [ 30.230511987033321, -4.897162933138367 ], [ 30.23050331051704, -4.895356497081913 ], [ 30.23140381025344, -4.895352145938537 ], [ 30.231399472006434, -4.89444892867466 ], [ 30.232299969728835, -4.89444457713049 ], [ 30.23230430917965, -4.895347793587574 ], [ 30.233204807295444, -4.895343440029028 ], [ 30.233222178020398, -4.898956302347699 ], [ 30.232321675087132, -4.898960659134342 ], [ 30.232334708027338, -4.901670307998626 ], [ 30.233235214576059, -4.90166594879089 ], [ 30.233239561715965, -4.90256916421558 ], [ 30.234140068659613, -4.90256480299144 ], [ 30.234144417816029, -4.903468017580673 ], [ 30.235044925154579, -4.903463654339687 ], [ 30.235049276327949, -4.90436686809323 ], [ 30.233248258427842, -4.904375594980371 ], [ 30.233261309575891, -4.907085240916 ], [ 30.236863356609391, -4.907067772611263 ], [ 30.236872071084722, -4.908874196633053 ], [ 30.238673094560845, -4.908865451984748 ], [ 30.238681817112596, -4.910671872660443 ], [ 30.240482842170334, -4.910663119933598 ], [ 30.240478478073246, -4.909759911227342 ], [ 30.241378988175853, -4.909755533855977 ], [ 30.241374623683939, -4.908852325930531 ], [ 30.242275131766441, -4.908847948157345 ], [ 30.242279497465702, -4.909751155273499 ], [ 30.24408051360626, -4.909742394475238 ], [ 30.244071778191788, -4.907935983453179 ], [ 30.241370260004764, -4.907949117976838 ], [ 30.241365897138337, -4.907045909994899 ], [ 30.240465390657121, -4.907050284939071 ], [ 30.240456669775597, -4.905243867272361 ], [ 30.239556164895014, -4.905248239388419 ], [ 30.239551806879238, -4.904345029703888 ], [ 30.238651302392622, -4.904349399801334 ], [ 30.238646946395132, -4.903446189279977 ], [ 30.237746442302491, -4.903450557359257 ], [ 30.237742088322836, -4.902547346001307 ], [ 30.23684158462418, -4.902551712062865 ], [ 30.236832881511226, -4.900745287646048 ], [ 30.235932379411921, -4.900749650882399 ], [ 30.235910641855387, -4.89623358530745 ], [ 30.235010144968186, -4.896237943296405 ], [ 30.234997115781532, -4.893528301190341 ], [ 30.235897609057371, -4.893523945624457 ] ] ], [ [ [ 30.237746442302491, -4.903450557359257 ], [ 30.237750797093959, -4.904353768688996 ], [ 30.236850290983472, -4.904358136366871 ], [ 30.23684593739803, -4.903454924228972 ], [ 30.237746442302491, -4.903450557359257 ] ] ], [ [ [ 30.222450753992277, -4.90623430466861 ], [ 30.21884865998674, -4.906251692283996 ], [ 30.218844328908748, -4.905348464086283 ], [ 30.217943804595617, -4.905352807160806 ], [ 30.21793081982268, -4.902643119988245 ], [ 30.217030298321102, -4.902647459442936 ], [ 30.217021648251297, -4.900840999580628 ], [ 30.218822685625273, -4.900832322675149 ], [ 30.218818359389829, -4.899929094308445 ], [ 30.219718875661073, -4.899924754845866 ], [ 30.219723203101751, -4.900827982408897 ], [ 30.220623719770934, -4.900823640933643 ], [ 30.22062804922437, -4.901726867664619 ], [ 30.221528566291465, -4.901722524176247 ], [ 30.22153723003251, -4.903528975945459 ], [ 30.222437748703413, -4.903524629639173 ], [ 30.222450753992277, -4.90623430466861 ] ] ], [ [ [ 30.23320046664082, -4.894440224378962 ], [ 30.234100962742172, -4.894435870420081 ], [ 30.23410530460059, -4.895339085262903 ], [ 30.233204807295444, -4.895343440029028 ], [ 30.23320046664082, -4.894440224378962 ] ] ], [ [ [ 30.207981941364249, -4.893658406832443 ], [ 30.208882458874729, -4.893654087482459 ], [ 30.208878152333856, -4.892750850065276 ], [ 30.212480209513952, -4.89273356379877 ], [ 30.212484520868763, -4.893636798009831 ], [ 30.213385034354186, -4.893632472623531 ], [ 30.213393661887821, -4.895438939357174 ], [ 30.212493145994785, -4.895443266347663 ], [ 30.212497459765995, -4.896346500474422 ], [ 30.207994862202394, -4.896368121318372 ], [ 30.207981941364249, -4.893658406832443 ] ] ], [ [ [ 30.127753056202632, -4.876875124890789 ], [ 30.126852490039433, -4.876879320729278 ], [ 30.126856672927257, -4.877782630619333 ], [ 30.125055535849214, -4.877791020246706 ], [ 30.125051355361258, -4.876887708795757 ], [ 30.124150786846737, -4.876891901023739 ], [ 30.124146608342045, -4.875988588764878 ], [ 30.123246040243917, -4.875992779009461 ], [ 30.123237687983263, -4.874186152848596 ], [ 30.124138253682624, -4.874181964163777 ], [ 30.124129902156437, -4.872375339451539 ], [ 30.125030464674627, -4.872371151124084 ], [ 30.125026288887895, -4.871467839506399 ], [ 30.125926849423976, -4.871463650756878 ], [ 30.125931026409297, -4.872366961594239 ], [ 30.127732147527158, -4.87235857892741 ], [ 30.127736327693835, -4.873261888175672 ], [ 30.128636888275377, -4.8732576942577 ], [ 30.128649437078387, -4.875967619492735 ], [ 30.127748872899108, -4.87597181575371 ], [ 30.127753056202632, -4.876875124890789 ] ] ], [ [ [ 30.122245479686161, -4.854317428083418 ], [ 30.125847635608419, -4.854300739575855 ], [ 30.1258559605822, -4.856107362276543 ], [ 30.12675649999305, -4.856103185593859 ], [ 30.126802356536079, -4.866039599881201 ], [ 30.125901803970507, -4.866043785149638 ], [ 30.125905976253442, -4.866947096153567 ], [ 30.125005421706916, -4.866951281001501 ], [ 30.125013766228793, -4.868757904486733 ], [ 30.122312090703659, -4.868770456503447 ], [ 30.122307921644065, -4.867867142435107 ], [ 30.12050680310821, -4.867875502880104 ], [ 30.120498472126982, -4.866068871542972 ], [ 30.119597914080142, -4.866073048405596 ], [ 30.119589588622233, -4.864266415399611 ], [ 30.118689032187127, -4.864270589503902 ], [ 30.118680712250711, -4.862463954829569 ], [ 30.117780157426679, -4.862468126176426 ], [ 30.117763531719788, -4.858854853381296 ], [ 30.11686298089738, -4.858859020415057 ], [ 30.116854675124141, -4.857052382294813 ], [ 30.114153025140229, -4.857064871534651 ], [ 30.114157174051005, -4.857968192942097 ], [ 30.113256621299534, -4.857972354402143 ], [ 30.113252473583817, -4.85706903221732 ], [ 30.112351921246887, -4.857073191701339 ], [ 30.112347775506521, -4.856169868711698 ], [ 30.113248326648613, -4.856165710004832 ], [ 30.113244180493915, -4.855262387764684 ], [ 30.115045278047141, -4.855254068310662 ], [ 30.11504113028419, -4.854350747597834 ], [ 30.114140583092318, -4.854354907146345 ], [ 30.114136437304467, -4.853451585628267 ], [ 30.115036983302186, -4.853447426857353 ], [ 30.115032837101126, -4.852544106089224 ], [ 30.11593338112398, -4.852539946898387 ], [ 30.1159250886775, -4.850733306834838 ], [ 30.117726169605195, -4.850724987973234 ], [ 30.11773031782479, -4.851628306462528 ], [ 30.119531398012985, -4.851619981255509 ], [ 30.119535549401537, -4.85252329815996 ], [ 30.120436089516339, -4.85251913298161 ], [ 30.120440242880843, -4.853422449079472 ], [ 30.122241323151133, -4.85341411357177 ], [ 30.122245479686161, -4.854317428083418 ] ] ], [ [ [ 30.102355056626973, -4.83724556701923 ], [ 30.105056658309106, -4.837233175670457 ], [ 30.105060778143496, -4.838136505448658 ], [ 30.105961311671241, -4.838132371836206 ], [ 30.105965433474399, -4.839035700811547 ], [ 30.10686596741391, -4.839031565229559 ], [ 30.106870091186281, -4.839934893401804 ], [ 30.10867115910975, -4.839926617103454 ], [ 30.108679413754736, -4.841733270261728 ], [ 30.109579948929486, -4.841729128768473 ], [ 30.109592340316194, -4.844439105970434 ], [ 30.108691801566991, -4.844443249792373 ], [ 30.108695932396369, -4.845346576247431 ], [ 30.106894850176356, -4.845354861856484 ], [ 30.106898979400725, -4.846258189835751 ], [ 30.103296800847293, -4.846274749805459 ], [ 30.103292676391643, -4.845371418725284 ], [ 30.1005910378836, -4.845383823821079 ], [ 30.10058691778185, -4.844480490390005 ], [ 30.099686371249593, -4.844484622256333 ], [ 30.099682253116892, -4.843581288023703 ], [ 30.098781706999329, -4.843585417920676 ], [ 30.098773475447977, -4.841778747825218 ], [ 30.09787293093644, -4.84178287497974 ], [ 30.097864704874368, -4.839976203227029 ], [ 30.096964161968199, -4.839980327639997 ], [ 30.096960051292712, -4.839076990949028 ], [ 30.096059508800824, -4.839081113394426 ], [ 30.09605540009213, -4.838177775902849 ], [ 30.095154858014549, -4.838181896381123 ], [ 30.095150751272193, -4.837278558089166 ], [ 30.093349667169964, -4.837286793918523 ], [ 30.093345563583501, -4.836383454054014 ], [ 30.092445021559094, -4.836387569405762 ], [ 30.092440919937864, -4.83548422874157 ], [ 30.091540378328009, -4.835488342127744 ], [ 30.091532179790079, -4.833681659172965 ], [ 30.097835938119552, -4.833652851225503 ], [ 30.097840045326237, -4.834556187308255 ], [ 30.099641114527596, -4.834547944182573 ], [ 30.099645224889883, -4.83545127869055 ], [ 30.101446293362212, -4.835443029244196 ], [ 30.101450406880982, -4.836346362176491 ], [ 30.102350941140777, -4.83634223488888 ], [ 30.102355056626973, -4.83724556701923 ] ] ], [ [ [ 30.220139691532196, -4.79875884022168 ], [ 30.219239309631615, -4.798763090869493 ], [ 30.219243546688116, -4.799666321553109 ], [ 30.216542392606843, -4.799679068803939 ], [ 30.216525463377831, -4.796066136265449 ], [ 30.220126981664066, -4.796049150416417 ], [ 30.220139691532196, -4.79875884022168 ] ] ], [ [ [ 30.206423876093439, -4.753660345063408 ], [ 30.205523540836332, -4.753664537942009 ], [ 30.205519362444708, -4.752761293832211 ], [ 30.204619027553214, -4.752765484738228 ], [ 30.204610675515866, -4.750958994836838 ], [ 30.203710342158239, -4.750963182970959 ], [ 30.203697823626825, -4.748253445515135 ], [ 30.204598153481076, -4.748249259780277 ], [ 30.204593981075124, -4.747346014706914 ], [ 30.207294962318063, -4.747333452875398 ], [ 30.207299138226013, -4.748236695548166 ], [ 30.20819946486764, -4.748232505128301 ], [ 30.20821200091579, -4.750942230581098 ], [ 30.207311670770846, -4.750946423402912 ], [ 30.207320029818259, -4.752752908503061 ], [ 30.206419696533136, -4.75275710175382 ], [ 30.206423876093439, -4.753660345063408 ] ] ], [ [ [ 30.112703737376997, -4.736023611281337 ], [ 30.113604130829259, -4.736019554749868 ], [ 30.11361222028372, -4.73782620486108 ], [ 30.114512615286021, -4.737822145606285 ], [ 30.114524758815062, -4.740532118238616 ], [ 30.113624360315953, -4.740536179825459 ], [ 30.113632457571175, -4.742342829666686 ], [ 30.110030846446698, -4.742359070530758 ], [ 30.110026802094211, -4.741455742516472 ], [ 30.109126398530844, -4.7414597990307 ], [ 30.109114273646064, -4.738749812497151 ], [ 30.108213872801318, -4.738753865513352 ], [ 30.108197721853863, -4.735140546653502 ], [ 30.107297324890698, -4.735144595397258 ], [ 30.10729329026513, -4.734241264839101 ], [ 30.106392893688017, -4.73424531163886 ], [ 30.106368709264846, -4.728825323070763 ], [ 30.109970262972077, -4.728809147483428 ], [ 30.10997429641635, -4.729712475875298 ], [ 30.110874684059077, -4.729708428284849 ], [ 30.110882755611996, -4.731515083434904 ], [ 30.111783144802338, -4.731511033124051 ], [ 30.111791221800573, -4.733317686612986 ], [ 30.112691612539198, -4.733313633580831 ], [ 30.112703737376997, -4.736023611281337 ] ] ], [ [ [ 30.063851797190896, -4.683845568863159 ], [ 30.061150688454187, -4.683857409075113 ], [ 30.061146756937724, -4.682954037726635 ], [ 30.060246386977006, -4.68295798138806 ], [ 30.060234600482584, -4.68024786489118 ], [ 30.062035332728183, -4.680239980997395 ], [ 30.06203140312758, -4.679336610306908 ], [ 30.062931766949013, -4.679332667391916 ], [ 30.062935697700677, -4.680236037317941 ], [ 30.063836061905995, -4.68023209248345 ], [ 30.063843928013632, -4.682038830726444 ], [ 30.064744293754323, -4.682034883207099 ], [ 30.064748229110972, -4.68293825152383 ], [ 30.063847862218555, -4.682942199808089 ], [ 30.063851797190896, -4.683845568863159 ] ] ], [ [ [ 30.084317468905979, -4.415454185954148 ], [ 30.080717391865051, -4.415469167441548 ], [ 30.080709934703997, -4.41366244462922 ], [ 30.081609952950359, -4.413658702429101 ], [ 30.081606224440812, -4.412755341754145 ], [ 30.084306271300509, -4.41274411092823 ], [ 30.084317468905979, -4.415454185954148 ] ] ], [ [ [ 30.126455426674386, -4.376433983726717 ], [ 30.127355361047268, -4.37643021798711 ], [ 30.127362866916616, -4.37823686230268 ], [ 30.126462930392414, -4.378240629602656 ], [ 30.126455426674386, -4.376433983726717 ] ] ], [ [ [ 30.124018678862765, -4.220166000344685 ], [ 30.125818184555012, -4.220158741878245 ], [ 30.1258290357883, -4.222868723388585 ], [ 30.12402952387388, -4.222875986532301 ], [ 30.124018678862765, -4.220166000344685 ] ] ], [ [ [ 30.140556572068146, -4.079179615471737 ], [ 30.139656991907469, -4.079183140720492 ], [ 30.139660502460128, -4.080086459109078 ], [ 30.136961754270477, -4.080097031168241 ], [ 30.13694772878074, -4.07648374808115 ], [ 30.140546042109058, -4.0764696625157 ], [ 30.140556572068146, -4.079179615471737 ] ] ], [ [ [ 30.210022988531009, -3.899153177776773 ], [ 30.212720954185727, -3.899142838795954 ], [ 30.212734691555021, -3.90275587061829 ], [ 30.211835366641822, -3.902759321110152 ], [ 30.211838802029572, -3.903662579810612 ], [ 30.210939475357378, -3.903666030141233 ], [ 30.210936040927514, -3.902762770640036 ], [ 30.210036714412325, -3.902766219207936 ], [ 30.210022988531009, -3.899153177776773 ] ] ], [ [ [ 30.154257260605874, -3.09088645235498 ], [ 30.15605446432609, -3.090881082414562 ], [ 30.156057136409405, -3.091784405981896 ], [ 30.154259931173733, -3.091789777494631 ], [ 30.154257260605874, -3.09088645235498 ] ] ], [ [ [ 29.148973652390985, -2.988539151197264 ], [ 29.149872905437167, -2.988537382121017 ], [ 29.149876426558667, -2.990345513287672 ], [ 29.148977172042425, -2.990347283436117 ], [ 29.148973652390985, -2.988539151197264 ] ] ], [ [ [ 29.45869345882749, -0.613381506998038 ], [ 29.459591351496243, -0.613381091423267 ], [ 29.459591764692433, -0.614284982636136 ], [ 29.460489656903086, -0.614284566297334 ], [ 29.46049007085853, -0.615188456894186 ], [ 29.461387962611095, -0.615188039790907 ], [ 29.46138962512569, -0.618803599693167 ], [ 29.460491732768148, -0.618804019248013 ], [ 29.460492567375667, -0.620611800404706 ], [ 29.459594674105514, -0.620612221032188 ], [ 29.459597613338314, -0.626939459262479 ], [ 29.458699718389248, -0.626939884023941 ], [ 29.458700986726924, -0.62965155933739 ], [ 29.457803090707461, -0.629651985780817 ], [ 29.457802667474123, -0.628748093400868 ], [ 29.456904771000769, -0.628748519076914 ], [ 29.45690434852958, -0.627844626081536 ], [ 29.455108554067415, -0.627845475744821 ], [ 29.455108132511718, -0.626941581522688 ], [ 29.454210234523128, -0.626942005510595 ], [ 29.454209813728468, -0.626038110673714 ], [ 29.453311915286218, -0.6260385338958 ], [ 29.453311495252148, -0.625134638444398 ], [ 29.45241359635623, -0.625135060901108 ], [ 29.45241317708231, -0.624231164835415 ], [ 29.451515277732739, -0.624231586527195 ], [ 29.451515696853519, -0.625135483203551 ], [ 29.450617796744236, -0.625135905351727 ], [ 29.450617377776588, -0.624232008064931 ], [ 29.449719477214085, -0.624232429448621 ], [ 29.449719059005698, -0.623328531548209 ], [ 29.448821157989979, -0.623328952167861 ], [ 29.448819491827159, -0.619713358092336 ], [ 29.449717392233442, -0.619712939912654 ], [ 29.449716562484074, -0.617905144074603 ], [ 29.446124958437963, -0.61790681099848 ], [ 29.446126617930528, -0.621522412415601 ], [ 29.447922422380291, -0.621521574383158 ], [ 29.447923674270914, -0.624233271753864 ], [ 29.447025771890683, -0.624233692675415 ], [ 29.447026190245797, -0.625137592401737 ], [ 29.446128287106969, -0.625138013778565 ], [ 29.446128705914184, -0.626041914110807 ], [ 29.445230802016752, -0.626042335942464 ], [ 29.4452333266454, -0.631465741518756 ], [ 29.441641701308416, -0.631467441905494 ], [ 29.441635027160871, -0.617004987816407 ], [ 29.44253293195343, -0.61700457268481 ], [ 29.442532519803205, -0.616100669883687 ], [ 29.443430423840258, -0.616100255208254 ], [ 29.443430012143462, -0.615196353012206 ], [ 29.444327915425028, -0.615195938793385 ], [ 29.444327504182098, -0.614292037202639 ], [ 29.445225406708175, -0.614291623440875 ], [ 29.445224585735971, -0.612483821467103 ], [ 29.447020388371374, -0.612482995925633 ], [ 29.447019978492726, -0.611579096152161 ], [ 29.451509473731686, -0.611577032703366 ], [ 29.451509884360494, -0.612480929426885 ], [ 29.454203574676942, -0.612479687713894 ], [ 29.454203163598049, -0.611575792823023 ], [ 29.4559989538065, -0.611574965481525 ], [ 29.455999365185455, -0.612478859149515 ], [ 29.45869304639011, -0.612477615169381 ], [ 29.45869345882749, -0.613381506998038 ] ] ], [ [ [ 29.883168707351921, -0.135175329153706 ], [ 29.884066238995391, -0.135175221772257 ], [ 29.884066027062719, -0.133368066475191 ], [ 29.886758617516431, -0.133367748440418 ], [ 29.886758723224482, -0.134271323934614 ], [ 29.88765625198123, -0.134271217138611 ], [ 29.887656573487575, -0.136981941460601 ], [ 29.884066453780481, -0.136982377066286 ], [ 29.884066346031386, -0.136078799419654 ], [ 29.883168814354718, -0.136078907518895 ], [ 29.883168707351921, -0.135175329153706 ] ] ], [ [ [ 27.789317770654556, 2.361471986171868 ], [ 27.79021711811491, 2.361471472350073 ], [ 27.790216607100625, 2.360566843020845 ], [ 27.791115953783198, 2.360566328811357 ], [ 27.79111544238404, 2.359661699667486 ], [ 27.792014788288828, 2.359661185070754 ], [ 27.792014276505249, 2.358756556112469 ], [ 27.792913621632255, 2.358756041128941 ], [ 27.792913109464703, 2.357851412356469 ], [ 27.793812453813924, 2.357850896986595 ], [ 27.793810916752388, 2.355137011191616 ], [ 27.79471025916342, 2.355136495832181 ], [ 27.794709746624175, 2.354231867408239 ], [ 27.795609088257876, 2.354231351663804 ], [ 27.79560703775822, 2.350612838642804 ], [ 27.794707698441773, 2.35061335359367 ], [ 27.794706675535309, 2.34880409661517 ], [ 27.793807337178691, 2.348804610587432 ], [ 27.793806826599951, 2.347899981882227 ], [ 27.792907488624408, 2.347900495074724 ], [ 27.792906978820984, 2.346995866159725 ], [ 27.792007641226522, 2.346996378572905 ], [ 27.792007132197966, 2.346091749448342 ], [ 27.791107794984587, 2.346092261082653 ], [ 27.791107286730455, 2.345187631748753 ], [ 27.790207949898154, 2.345188142604646 ], [ 27.790207442417994, 2.344283513061639 ], [ 27.785710758203034, 2.344286057644189 ], [ 27.785710253805188, 2.343381427106375 ], [ 27.78391157990551, 2.343382440482831 ], [ 27.783910574002924, 2.341573178588487 ], [ 27.783011237914543, 2.341573684015043 ], [ 27.783010735831933, 2.340669052854671 ], [ 27.782111400125537, 2.340669557505943 ], [ 27.782110397696339, 2.338860294759265 ], [ 27.781211062948014, 2.338860798440678 ], [ 27.781210062447588, 2.33705153525674 ], [ 27.780310728656662, 2.337052037969191 ], [ 27.78031022927301, 2.33614740616473 ], [ 27.779410895863627, 2.336147908103691 ], [ 27.779410397249034, 2.335243276092867 ], [ 27.777611730999926, 2.335244277846237 ], [ 27.777611233728919, 2.334339645435153 ], [ 27.773114567603894, 2.334342138728097 ], [ 27.773115062000048, 2.335246772106441 ], [ 27.772215727622928, 2.335247269223067 ], [ 27.772216221635972, 2.336151902782407 ], [ 27.771316886491793, 2.336152399513114 ], [ 27.771317380121282, 2.337057033253222 ], [ 27.770418044210043, 2.337057529597563 ], [ 27.77041903089242, 2.33886679742706 ], [ 27.769519693638255, 2.338867293576691 ], [ 27.769521173368496, 2.341581195808743 ], [ 27.770420512351603, 2.341580699082789 ], [ 27.770421500948153, 2.343389966794212 ], [ 27.771320840893583, 2.343389469103549 ], [ 27.771321336056193, 2.344294102749193 ], [ 27.77312001652632, 2.344293105241052 ], [ 27.77312051303543, 2.345197738489532 ], [ 27.774919193892057, 2.345196738272291 ], [ 27.774919691748561, 2.3461013711227 ], [ 27.77761771332186, 2.346099865858763 ], [ 27.777618213104525, 2.347004498116295 ], [ 27.780316234672561, 2.347002987038851 ], [ 27.780317238286766, 2.348812250352264 ], [ 27.781216579578402, 2.348811745107412 ], [ 27.78121859144888, 2.352430270812751 ], [ 27.780319247841746, 2.352430776836812 ], [ 27.780320253782531, 2.354240040007875 ], [ 27.77942090882242, 2.354240545838363 ], [ 27.77942241744741, 2.356954441089578 ], [ 27.778523070553319, 2.356954946919951 ], [ 27.778524579178942, 2.359668842647185 ], [ 27.779423927815365, 2.359668336233745 ], [ 27.7794254399263, 2.362382231270742 ], [ 27.780324790113394, 2.362381723689036 ], [ 27.780325800319684, 2.364190986598272 ], [ 27.781225151476896, 2.364190478041758 ], [ 27.781226669988211, 2.366904371731701 ], [ 27.782126022698993, 2.36690386200445 ], [ 27.782126529840667, 2.367808493015517 ], [ 27.784824588555104, 2.367806959729421 ], [ 27.784824079664407, 2.366902329304793 ], [ 27.786622783333335, 2.366901304573441 ], [ 27.786621254335941, 2.36418741440414 ], [ 27.787520604129657, 2.364186901748121 ], [ 27.787519584611342, 2.362377641968334 ], [ 27.789318281283524, 2.362376615686223 ], [ 27.789317770654556, 2.361471986171868 ] ] ], [ [ [ 27.789339385941158, 2.399466415455873 ], [ 27.78844001366247, 2.399466936959523 ], [ 27.788438460011022, 2.396753049267512 ], [ 27.787539089308211, 2.396753569586943 ], [ 27.78753702287516, 2.393135051708491 ], [ 27.786637654335923, 2.393135570648669 ], [ 27.78663559338975, 2.389517051791425 ], [ 27.785736227010741, 2.389517569354147 ], [ 27.785735712851249, 2.388612939413515 ], [ 27.784836346865358, 2.388613456188378 ], [ 27.784835320308183, 2.386804195879087 ], [ 27.783935955303338, 2.386804711670833 ], [ 27.783934930701427, 2.384995450921942 ], [ 27.783035566676954, 2.384995965731464 ], [ 27.783032501066554, 2.379568182023157 ], [ 27.783931861570863, 2.379567668386535 ], [ 27.783930840085709, 2.377758407445277 ], [ 27.784830199223631, 2.377757893610613 ], [ 27.784829688187781, 2.376853263317687 ], [ 27.783930329635325, 2.376853776956645 ], [ 27.783928799452926, 2.374139885418796 ], [ 27.783029442460734, 2.374140397882525 ], [ 27.783028933374091, 2.373235767150458 ], [ 27.782129576771901, 2.373236278830819 ], [ 27.782129068464172, 2.372331647891517 ], [ 27.778531642451611, 2.372333687955289 ], [ 27.778532654585721, 2.374142951379481 ], [ 27.777633296429471, 2.374143460314531 ], [ 27.777633802201905, 2.375048092202794 ], [ 27.775835084140351, 2.375049108696142 ], [ 27.775835588935962, 2.375953740960019 ], [ 27.773137508643256, 2.375955261867196 ], [ 27.773138011875908, 2.376859894698801 ], [ 27.772238650808568, 2.376860400683515 ], [ 27.772239153647863, 2.377765033695918 ], [ 27.771339791803161, 2.377765539284406 ], [ 27.771341299714621, 2.38047943882731 ], [ 27.772240663317081, 2.380478932661123 ], [ 27.772242174713323, 2.383192831518233 ], [ 27.773141539883664, 2.383192324183982 ], [ 27.77314204465323, 2.384096956919517 ], [ 27.774041410218487, 2.384096448801888 ], [ 27.774041915767437, 2.385001081332378 ], [ 27.77494128172761, 2.385000572430922 ], [ 27.774941788056378, 2.385905204756137 ], [ 27.77584115441147, 2.385904695070406 ], [ 27.775841661520509, 2.386809327190117 ], [ 27.776741028270518, 2.386808816719663 ], [ 27.77674204424304, 2.388618080535569 ], [ 27.777641411976113, 2.388617569086029 ], [ 27.777642429897664, 2.390426832465893 ], [ 27.778541798614469, 2.39042632003637 ], [ 27.778542818486841, 2.392235582979705 ], [ 27.779442188188042, 2.3922350695693 ], [ 27.779442699003692, 2.393139700828498 ], [ 27.780342069100474, 2.393139186630902 ], [ 27.780343092492032, 2.394948448723886 ], [ 27.781242463574102, 2.394947933543838 ], [ 27.781244001886261, 2.397661826008217 ], [ 27.78214337454467, 2.39766130964978 ], [ 27.782143888294272, 2.398565940252008 ], [ 27.781244515045255, 2.398566456805483 ], [ 27.781247598076142, 2.403994241334737 ], [ 27.782146974873477, 2.403993723611021 ], [ 27.782147489983622, 2.404898354128422 ], [ 27.786644374011185, 2.404895755598547 ], [ 27.786643855940206, 2.403991126059715 ], [ 27.787543231567998, 2.403990604762914 ], [ 27.78754271310056, 2.403085975408336 ], [ 27.788442087940705, 2.403085453712634 ], [ 27.78844105040973, 2.401276195360318 ], [ 27.789340423870733, 2.401275673462999 ], [ 27.789339385941158, 2.399466415455873 ] ], [ [ 27.784845104098402, 2.40399216686678 ], [ 27.784844587406788, 2.403087536923715 ], [ 27.785743962833379, 2.403087017013877 ], [ 27.785744480116932, 2.403991646761004 ], [ 27.784845104098402, 2.40399216686678 ] ], [ [ 27.785741895651743, 2.399468497904133 ], [ 27.786641268517538, 2.399467978183654 ], [ 27.78664178561111, 2.400372607783105 ], [ 27.785742412154264, 2.400373127699746 ], [ 27.785741895651743, 2.399468497904133 ] ], [ [ 27.784842522590687, 2.399469017030222 ], [ 27.784842006874246, 2.398564387026563 ], [ 27.785741379344472, 2.398563868096411 ], [ 27.785741895651743, 2.399468497904133 ], [ 27.784842522590687, 2.399469017030222 ] ] ], [ [ [ 27.85150512006496, 2.570400989185281 ], [ 27.850605646175531, 2.57040159183233 ], [ 27.850605047374174, 2.569496979094921 ], [ 27.849705573906284, 2.569497580893083 ], [ 27.849706770454212, 2.571306806779193 ], [ 27.851505719711032, 2.571305601697334 ], [ 27.85150512006496, 2.570400989185281 ] ] ], [ [ [ 27.931622132674555, 2.658090235367017 ], [ 27.930722616043454, 2.658090917219358 ], [ 27.930723971905675, 2.659900100527592 ], [ 27.932523007556078, 2.659898735234556 ], [ 27.932523687144979, 2.660803326403514 ], [ 27.933423205277741, 2.660802642535848 ], [ 27.933421845021456, 2.658993460650091 ], [ 27.934321361611712, 2.658992776589392 ], [ 27.934320681176899, 2.658088185859351 ], [ 27.933421165241505, 2.658088869687012 ], [ 27.93342048569367, 2.657184278710472 ], [ 27.931621454435991, 2.657185643925073 ], [ 27.931622132674555, 2.658090235367017 ] ] ], [ [ [ 28.527120369128301, 2.72170593983894 ], [ 28.525321646048145, 2.721708228279812 ], [ 28.525325059329209, 2.724421392687761 ], [ 28.526224423069682, 2.724420247662192 ], [ 28.52622556225927, 2.725324635389357 ], [ 28.52982301610642, 2.725320047019316 ], [ 28.529821874234205, 2.724415660816989 ], [ 28.530721236074879, 2.724414512419963 ], [ 28.530720093912638, 2.723510126585313 ], [ 28.531619454702255, 2.723508977895993 ], [ 28.53161602848936, 2.720795821453529 ], [ 28.527119230786987, 2.720801552436322 ], [ 28.527120369128301, 2.72170593983894 ] ] ], [ [ [ 30.256793020756554, -4.931357584037795 ], [ 30.257693545236823, -4.931353165352349 ], [ 30.257702359343625, -4.933159550554132 ], [ 30.258602885432939, -4.933155129025555 ], [ 30.258611705234369, -4.934961512486876 ], [ 30.259512232933371, -4.93495708811427 ], [ 30.259516645273607, -4.93586027898867 ], [ 30.260417173368971, -4.935855852584968 ], [ 30.260426002929862, -4.937662232620758 ], [ 30.261326532635778, -4.937657803371459 ], [ 30.261330949857115, -4.93856099253261 ], [ 30.260430418936767, -4.938565422595968 ], [ 30.260434835761323, -4.939468612542711 ], [ 30.256832699047063, -4.939486323868495 ], [ 30.256828287081181, -4.938583130667748 ], [ 30.255927752074854, -4.938587554640256 ], [ 30.255923342140171, -4.937684360598114 ], [ 30.255022807531784, -4.937688782539719 ], [ 30.255018399627858, -4.936785587656416 ], [ 30.25321733039091, -4.936794426260962 ], [ 30.253212925731308, -4.935891229724469 ], [ 30.251411855659082, -4.93590006183414 ], [ 30.251403053642143, -4.934093665428164 ], [ 30.250502519810247, -4.934098078033512 ], [ 30.250498121238202, -4.933194878976311 ], [ 30.24959758780453, -4.933199289553197 ], [ 30.249588795531913, -4.93139288973085 ], [ 30.250489326539522, -4.931388480776681 ], [ 30.250462962006434, -4.925969285496356 ], [ 30.251363484926149, -4.925964880195199 ], [ 30.251359092478832, -4.925061681694056 ], [ 30.25225961337188, -4.925057275989609 ], [ 30.252264007030536, -4.925960473678962 ], [ 30.254965568449524, -4.925947246839824 ], [ 30.254969966558374, -4.926850442064085 ], [ 30.255870486610764, -4.926846029874895 ], [ 30.255874886747598, -4.927749224258081 ], [ 30.256775407195292, -4.927744810040699 ], [ 30.256793020756554, -4.931357584037795 ] ] ], [ [ [ 30.378306141913136, -4.920816161690476 ], [ 30.377405742222937, -4.92082073404808 ], [ 30.377410300816539, -4.921723816835756 ], [ 30.373808688751694, -4.921742097504445 ], [ 30.373804134996796, -4.920839011346571 ], [ 30.372903731075052, -4.920843577638185 ], [ 30.37289917937548, -4.919940490609687 ], [ 30.371998775817563, -4.919945054846321 ], [ 30.371994226172866, -4.919041966947437 ], [ 30.371093822978793, -4.919046529129536 ], [ 30.371084728643424, -4.917240351562836 ], [ 30.37018432702202, -4.917244910849532 ], [ 30.370170695482756, -4.914535641761022 ], [ 30.372871886936085, -4.914521967837712 ], [ 30.372876433561959, -4.915425055037896 ], [ 30.3746772260528, -4.915415931346592 ], [ 30.37468177594095, -4.916319016833996 ], [ 30.377382961956236, -4.916305319680149 ], [ 30.377387516316087, -4.917208402610991 ], [ 30.378287911169892, -4.917203833625799 ], [ 30.378306141913136, -4.920816161690476 ] ] ], [ [ [ 30.317036784946609, -4.912996067907868 ], [ 30.315235892359745, -4.913005031490671 ], [ 30.315231425558586, -4.912101890784053 ], [ 30.316131871059934, -4.912097410426077 ], [ 30.316118472021568, -4.909387990618524 ], [ 30.319720231222441, -4.909370067011852 ], [ 30.319729172741059, -4.91117634028636 ], [ 30.320629612875493, -4.911171854700564 ], [ 30.320638560138693, -4.91297812620374 ], [ 30.318837674206861, -4.912987099478878 ], [ 30.31884214667129, -4.913890236845095 ], [ 30.317041254995019, -4.913899206930509 ], [ 30.317036784946609, -4.912996067907868 ] ] ], [ [ [ 30.352900811453011, -4.882110167044617 ], [ 30.353801182117454, -4.882105663436946 ], [ 30.353810164930206, -4.883911875117635 ], [ 30.354710537154485, -4.883907368631851 ], [ 30.354728517672015, -4.887519788303873 ], [ 30.353828140644005, -4.887524298138488 ], [ 30.35383263667422, -4.888427403822729 ], [ 30.350231115351288, -4.888445434457188 ], [ 30.350226624127099, -4.887542325426333 ], [ 30.344824324161866, -4.887569330205652 ], [ 30.344819840985366, -4.886666216133215 ], [ 30.343019070022844, -4.886675206416215 ], [ 30.34302355079668, -4.887578322157929 ], [ 30.34212316285695, -4.887582816326386 ], [ 30.34211868328445, -4.886679699750369 ], [ 30.339417518043479, -4.886693172523389 ], [ 30.339399622540785, -4.883080695929563 ], [ 30.341200390599241, -4.8830717219557 ], [ 30.341195916415835, -4.88216860440386 ], [ 30.342096297988643, -4.882164116444972 ], [ 30.342091823442775, -4.881260999698865 ], [ 30.346593712736041, -4.881238546021433 ], [ 30.346589233029132, -4.880335433420674 ], [ 30.347489607172324, -4.880330939909968 ], [ 30.347480647876303, -4.87852471629425 ], [ 30.349281388847583, -4.878515729005885 ], [ 30.349285870474617, -4.879418839156435 ], [ 30.351086610486316, -4.879409845384315 ], [ 30.35109109535188, -4.880312953834156 ], [ 30.351991465297349, -4.880308454306982 ], [ 30.351995952202625, -4.88121156189195 ], [ 30.352896322507586, -4.88120706032475 ], [ 30.352900811453011, -4.882110167044617 ] ] ], [ [ [ 30.275117549814375, -4.810238655987574 ], [ 30.274217202193391, -4.810242989456955 ], [ 30.274212883317681, -4.809339808539384 ], [ 30.27691392017104, -4.809326807025077 ], [ 30.27692256583817, -4.81113316392705 ], [ 30.277822912179026, -4.811128826080799 ], [ 30.277831563496726, -4.812935181235638 ], [ 30.276030865261944, -4.812943859013266 ], [ 30.276026541558583, -4.812040679813921 ], [ 30.275126192392772, -4.812045016104733 ], [ 30.275117549814375, -4.810238655987574 ] ] ], [ [ [ 30.35959194012332, -4.778217417736617 ], [ 30.358691711863418, -4.778221833352008 ], [ 30.35869611325354, -4.779124937408993 ], [ 30.357795882977946, -4.7791293526845 ], [ 30.357800284034944, -4.780032457551781 ], [ 30.356900051743658, -4.780036872486952 ], [ 30.356904452467088, -4.780939978164304 ], [ 30.356004218160088, -4.780944392758689 ], [ 30.356008618549495, -4.781847499245888 ], [ 30.35330790706001, -4.7818607384687 ], [ 30.35330351019557, -4.78095762946994 ], [ 30.351503034018549, -4.7809664480508 ], [ 30.351498640343735, -4.780063337351012 ], [ 30.350598402170476, -4.780067744037143 ], [ 30.350585229706674, -4.777358409262327 ], [ 30.349684994217068, -4.777362812261815 ], [ 30.349676219118944, -4.775556587267727 ], [ 30.350576452260984, -4.77555218594035 ], [ 30.350567678172713, -4.77374596250741 ], [ 30.35146790812874, -4.773741561675249 ], [ 30.351454749773108, -4.771032228826683 ], [ 30.355955869363935, -4.771010219566842 ], [ 30.355960260505551, -4.771913326359387 ], [ 30.357760704803741, -4.771904512746657 ], [ 30.357769494300406, -4.773710722897644 ], [ 30.358669717533587, -4.773706312650554 ], [ 30.358674114716798, -4.774609416846365 ], [ 30.359574338281789, -4.774605004584147 ], [ 30.35959194012332, -4.778217417736617 ] ] ], [ [ [ 30.390717057140126, -4.509843812741414 ], [ 30.391616915331866, -4.509839604885268 ], [ 30.39162110915159, -4.510742684972586 ], [ 30.393420825204821, -4.510734264233594 ], [ 30.39343341840166, -4.513443499259895 ], [ 30.394333278478992, -4.513439284683112 ], [ 30.394337479017249, -4.514342362125931 ], [ 30.395237339353926, -4.514338145590038 ], [ 30.395266774659838, -4.520659681024086 ], [ 30.393467037607675, -4.520668124838028 ], [ 30.393462832236015, -4.51976504673299 ], [ 30.392562963546506, -4.519769266122469 ], [ 30.392550355853064, -4.517060029109929 ], [ 30.391650489643457, -4.517064244846977 ], [ 30.391646289885244, -4.516161164943904 ], [ 30.390746423936321, -4.516165378721818 ], [ 30.39074222613532, -4.515262297946435 ], [ 30.389842360447101, -4.515266509765659 ], [ 30.389838164602864, -4.5143634281182 ], [ 30.390738029182465, -4.514359217144724 ], [ 30.390729637821153, -4.512553055462334 ], [ 30.389829775458125, -4.512557264744321 ], [ 30.389825582157609, -4.511654183017913 ], [ 30.388925720054633, -4.511658390342329 ], [ 30.388921528709751, -4.510755307744097 ], [ 30.389821389704998, -4.510751101265197 ], [ 30.389817198100271, -4.509848019486181 ], [ 30.385317890187174, -4.509869036539185 ], [ 30.385313704966805, -4.508965950508546 ], [ 30.383513978087244, -4.508974347861363 ], [ 30.383505614614691, -4.507168172344128 ], [ 30.382605752119289, -4.507172367665856 ], [ 30.382597394245014, -4.505366190355673 ], [ 30.383497254527342, -4.505361996721828 ], [ 30.383493075753115, -4.504458908871293 ], [ 30.38439293408295, -4.504454714971309 ], [ 30.384388755049041, -4.503551627938683 ], [ 30.386188466957037, -4.503543238497492 ], [ 30.386184286558162, -4.502640153127604 ], [ 30.387983992866879, -4.502631760936936 ], [ 30.387988175477215, -4.503534844616945 ], [ 30.388888028466305, -4.503530646011926 ], [ 30.3888963984413, -4.505336811602616 ], [ 30.38979625279487, -4.505332610196771 ], [ 30.389813007343442, -4.50894493768087 ], [ 30.390712865276015, -4.508940731781838 ], [ 30.390717057140126, -4.509843812741414 ] ] ], [ [ [ 30.374262401023934, -4.45392735343304 ], [ 30.376961814062994, -4.453914943177614 ], [ 30.376965937797294, -4.4548180383922 ], [ 30.374266521477146, -4.454830451173748 ], [ 30.374262401023934, -4.45392735343304 ] ] ], [ [ [ 30.33083624779194, -4.401742532554231 ], [ 30.328136895678281, -4.401754630333253 ], [ 30.32814091207857, -4.40265777220034 ], [ 30.326341337680223, -4.402665833621736 ], [ 30.326337323441887, -4.401762690094701 ], [ 30.325437536076176, -4.40176671834804 ], [ 30.325433523750213, -4.400863573965833 ], [ 30.324533736633889, -4.400867600304828 ], [ 30.324529726219833, -4.399964455067688 ], [ 30.323629939352909, -4.399968479492782 ], [ 30.32362593085033, -4.399065333400936 ], [ 30.32272614423281, -4.399069355912574 ], [ 30.322714126950171, -4.396359914997114 ], [ 30.323613910328046, -4.396355894972358 ], [ 30.323609905149087, -4.3954527487785 ], [ 30.324509686616633, -4.395448728499323 ], [ 30.324505681189368, -4.394545583109155 ], [ 30.327205017366815, -4.39453351826029 ], [ 30.327213035528299, -4.396339804037382 ], [ 30.328112814749428, -4.396335778594677 ], [ 30.328116826157498, -4.397238920614896 ], [ 30.329016605626233, -4.397234893258319 ], [ 30.329020618946178, -4.39813803442273 ], [ 30.330820177546375, -4.398129974796928 ], [ 30.33083624779194, -4.401742532554231 ] ] ], [ [ [ 30.340697561825092, -4.393569917343446 ], [ 30.339797797509952, -4.393573955456146 ], [ 30.339805844220972, -4.395380218001595 ], [ 30.337106539792892, -4.395392330839142 ], [ 30.337102519257293, -4.394489197080921 ], [ 30.336202750524926, -4.394493231694534 ], [ 30.336198731902488, -4.393590097078496 ], [ 30.33529896341501, -4.393594129776947 ], [ 30.335282901578836, -4.389981587729482 ], [ 30.336182665752894, -4.389977558359333 ], [ 30.336178651300507, -4.389074423615816 ], [ 30.337078413562768, -4.389070393995996 ], [ 30.337082429092941, -4.389973527907218 ], [ 30.338881953270153, -4.38996546375711 ], [ 30.338885971790571, -4.390868595977583 ], [ 30.339785733705281, -4.390864561446635 ], [ 30.3397897541386, -4.391767692808642 ], [ 30.340689516296628, -4.391763656362332 ], [ 30.340697561825092, -4.393569917343446 ] ] ], [ [ [ 30.355844449739248, -4.36008578445296 ], [ 30.354944739410374, -4.360089810005698 ], [ 30.354948749659506, -4.360992928038168 ], [ 30.354049037421568, -4.360996953353118 ], [ 30.354053047438484, -4.361900072196933 ], [ 30.350454185822741, -4.361916166054082 ], [ 30.350450180088885, -4.36101304386569 ], [ 30.34955046366159, -4.361017063806999 ], [ 30.349542456847022, -4.359210817683007 ], [ 30.350442171133427, -4.359206799412864 ], [ 30.350434165527631, -4.357400554858686 ], [ 30.351333876836648, -4.357396537185856 ], [ 30.351325872441382, -4.355590294201966 ], [ 30.352225580773702, -4.355586277127342 ], [ 30.352221578763295, -4.354683156433435 ], [ 30.353121285188578, -4.354679139121666 ], [ 30.353117282947039, -4.353776019238683 ], [ 30.354016987465297, -4.353772001690219 ], [ 30.354012984993066, -4.352868882618388 ], [ 30.354912687604305, -4.352864864833678 ], [ 30.35491669114527, -4.353767983068823 ], [ 30.355816393986736, -4.353763963374502 ], [ 30.355820399435164, -4.35466708074742 ], [ 30.356720102506856, -4.354663059143044 ], [ 30.356728118058484, -4.35646929213863 ], [ 30.355828412848211, -4.356473315417281 ], [ 30.355844449739248, -4.36008578445296 ] ] ], [ [ [ 30.302516939668021, -4.304325100465443 ], [ 30.30341663230913, -4.304321188323521 ], [ 30.303428328881875, -4.307030689018356 ], [ 30.302528633069308, -4.307034603631835 ], [ 30.302516939668021, -4.304325100465443 ] ] ], [ [ [ 30.317694539370358, -4.277163826855757 ], [ 30.319493832493563, -4.277156015105078 ], [ 30.319497724666501, -4.278059167907166 ], [ 30.317698429443038, -4.278066981313255 ], [ 30.317694539370358, -4.277163826855757 ] ] ], [ [ [ 30.328494150986085, -4.278020037616343 ], [ 30.327594512092656, -4.278023955389874 ], [ 30.327590610468761, -4.277120810048184 ], [ 30.326690971794029, -4.277124725937581 ], [ 30.326687072051371, -4.276221579741248 ], [ 30.328486346469731, -4.276213748568243 ], [ 30.328494150986085, -4.278020037616343 ] ] ], [ [ [ 30.334779872368951, -4.275283167521767 ], [ 30.332980611699934, -4.275291011785616 ], [ 30.33298451795882, -4.276194152193305 ], [ 30.332084885325536, -4.276198073575978 ], [ 30.33208098011626, -4.275294932337128 ], [ 30.331181347700099, -4.275298851835025 ], [ 30.331177444372699, -4.274395709740419 ], [ 30.330277812173673, -4.274399627353979 ], [ 30.330270010113757, -4.27259334142893 ], [ 30.332968897919507, -4.272581590413671 ], [ 30.332972801680288, -4.273484730895793 ], [ 30.333872430332715, -4.273480810953439 ], [ 30.333876335975347, -4.274383950579372 ], [ 30.336575220081663, -4.274372181937888 ], [ 30.336583040162616, -4.276178456124319 ], [ 30.33478378072704, -4.276186306266459 ], [ 30.334779872368951, -4.275283167521767 ] ] ], [ [ [ 30.327575012286879, -4.273508228433315 ], [ 30.326675377810258, -4.273512141003424 ], [ 30.326667585805183, -4.271705848387566 ], [ 30.328466849731644, -4.271698025513871 ], [ 30.328470747416105, -4.272601170174339 ], [ 30.32937037918083, -4.272597256328115 ], [ 30.329374278745817, -4.273500400133527 ], [ 30.32847464593214, -4.273504314810016 ], [ 30.328478545279747, -4.274407459420895 ], [ 30.327578910585299, -4.274411373874238 ], [ 30.327575012286879, -4.273508228433315 ] ] ], [ [ [ 30.327551639954624, -4.268089355267272 ], [ 30.329350893832746, -4.268081536929255 ], [ 30.329358685476627, -4.269887824763138 ], [ 30.32755942740668, -4.26989564642173 ], [ 30.327551639954624, -4.268089355267272 ] ] ], [ [ [ 30.359014538867029, -4.262533227986671 ], [ 30.359914130703142, -4.262529287558847 ], [ 30.359921983529539, -4.2643355189674 ], [ 30.359022389600547, -4.2643394610709 ], [ 30.359014538867029, -4.262533227986671 ] ] ], [ [ [ 30.341014720690566, -4.260805549361634 ], [ 30.341914327174532, -4.26080163160833 ], [ 30.341922134801774, -4.262607896544591 ], [ 30.342821742543052, -4.262603976074116 ], [ 30.34282564865541, -4.263507107671512 ], [ 30.34372525660801, -4.26350318531679 ], [ 30.343733073431562, -4.26530944676963 ], [ 30.34193385250423, -4.265317293763254 ], [ 30.341937760074824, -4.266220426119926 ], [ 30.339238919281371, -4.26623219122652 ], [ 30.339235014852093, -4.265329056370391 ], [ 30.337435785579203, -4.265336892852891 ], [ 30.33743188407793, -4.264433756306803 ], [ 30.336532269237615, -4.264437672139104 ], [ 30.33652836961679, -4.263534534735998 ], [ 30.33562875498961, -4.263538448685357 ], [ 30.335620960341277, -4.261732172140819 ], [ 30.334721346973485, -4.261736083375874 ], [ 30.334717451945298, -4.260832944234684 ], [ 30.333817838790441, -4.260836853587907 ], [ 30.333802271190265, -4.257224293449533 ], [ 30.334701880163273, -4.257220387422612 ], [ 30.334697989300427, -4.256317248157791 ], [ 30.337396808085519, -4.256305526278295 ], [ 30.337400702083045, -4.257208663047064 ], [ 30.338300307722474, -4.257204752823637 ], [ 30.338304203598838, -4.258107888735217 ], [ 30.340103414465812, -4.258100063475423 ], [ 30.340107313266781, -4.259003197696669 ], [ 30.341006918494084, -4.258999282659641 ], [ 30.341014720690566, -4.260805549361634 ] ] ], [ [ [ 30.344578020408054, -4.252661701123451 ], [ 30.344574122229119, -4.251758570897046 ], [ 30.347272897809223, -4.251746826921655 ], [ 30.347276799119321, -4.252649954644665 ], [ 30.346377207051432, -4.252653871185548 ], [ 30.346381108153761, -4.253556999718533 ], [ 30.345481514205982, -4.25356091604593 ], [ 30.345485415100086, -4.254464045388663 ], [ 30.343686222609232, -4.254471876567172 ], [ 30.343678425833009, -4.252665614520458 ], [ 30.344578020408054, -4.252661701123451 ] ] ], [ [ [ 30.335438745574958, -4.219284644941976 ], [ 30.33544260332225, -4.220187784383933 ], [ 30.336342167971718, -4.220183910369951 ], [ 30.336346027588043, -4.221087048955459 ], [ 30.337245592440144, -4.221083173069342 ], [ 30.337253316245292, -4.22288944850248 ], [ 30.336353749320633, -4.222893326052937 ], [ 30.336357611436917, -4.223796464564896 ], [ 30.335458042642319, -4.223800341906664 ], [ 30.335461904555089, -4.224703481226048 ], [ 30.334562333890542, -4.224707358358677 ], [ 30.33457005814105, -4.226513638587314 ], [ 30.333670484569247, -4.226517516341865 ], [ 30.333674346906317, -4.227420657250889 ], [ 30.332774771464319, -4.227424534795181 ], [ 30.332786360357705, -4.23013395986885 ], [ 30.33188678096931, -4.230137838864572 ], [ 30.331902240326691, -4.233750408609955 ], [ 30.332801823870124, -4.233746526289942 ], [ 30.332805691829439, -4.234649667833786 ], [ 30.333705275579703, -4.234645783639135 ], [ 30.333709145411042, -4.235548924327095 ], [ 30.334608729368124, -4.235545038257362 ], [ 30.334612601071942, -4.236448178089205 ], [ 30.338210932727581, -4.236432620044241 ], [ 30.338203181835812, -4.234626347012649 ], [ 30.339102760586428, -4.234622456556741 ], [ 30.339098885352008, -4.233719320836695 ], [ 30.339998462229286, -4.233715430170125 ], [ 30.339994586789867, -4.232812295258353 ], [ 30.34089416179382, -4.232808404381569 ], [ 30.340870920447188, -4.227389599393294 ], [ 30.341770488387045, -4.22738571247326 ], [ 30.341766616712448, -4.226482579055866 ], [ 30.342666182780139, -4.226478691927626 ], [ 30.342662310902973, -4.225575559319198 ], [ 30.343561875098509, -4.225571671983202 ], [ 30.343558003019226, -4.224668540183963 ], [ 30.344457565342601, -4.224664652640659 ], [ 30.344449821616024, -4.222858390636469 ], [ 30.345349381030701, -4.222854503720495 ], [ 30.345345509384074, -4.22195137351577 ], [ 30.344445951005742, -4.221955259597564 ], [ 30.344438212291173, -4.220148997446162 ], [ 30.343538655149544, -4.220152880819678 ], [ 30.343534788080923, -4.219249748873239 ], [ 30.34263523113988, -4.219253630373097 ], [ 30.342631365941816, -4.218350497568417 ], [ 30.340832251626274, -4.218358255782213 ], [ 30.340828389333563, -4.217455121286246 ], [ 30.33902927375085, -4.217462873676167 ], [ 30.339033133973057, -4.218366009838021 ], [ 30.338133573895373, -4.218369885306669 ], [ 30.338125856355237, -4.21656361129325 ], [ 30.339025414362613, -4.216559737489818 ], [ 30.33902155580834, -4.21565660127898 ], [ 30.33992111194695, -4.215652727269315 ], [ 30.339917253192048, -4.214749591866817 ], [ 30.345314566290671, -4.21472633099518 ], [ 30.345318431252981, -4.215629461396033 ], [ 30.346217981547632, -4.215625580114647 ], [ 30.346221848380242, -4.21652870965661 ], [ 30.347121398873913, -4.216524826501812 ], [ 30.347125267577269, -4.217427955184656 ], [ 30.348024818269959, -4.217424070156002 ], [ 30.348028688844504, -4.218327197979493 ], [ 30.348928239736196, -4.218323311076538 ], [ 30.348939859584078, -4.221032691894666 ], [ 30.349839412746288, -4.221028801446383 ], [ 30.349847165566178, -4.22283505353187 ], [ 30.350746719964135, -4.22283116037243 ], [ 30.350750598665638, -4.223734285542831 ], [ 30.351650153263225, -4.223730390507084 ], [ 30.351657915250705, -4.225536639102717 ], [ 30.352557471084889, -4.225532741354247 ], [ 30.35257300925571, -4.229145234906743 ], [ 30.350773888449876, -4.229153036049381 ], [ 30.350777773009828, -4.230056161047781 ], [ 30.349878210313289, -4.230060060891452 ], [ 30.349885979867143, -4.231866312485547 ], [ 30.348986414256991, -4.231870212957495 ], [ 30.348990299250225, -4.232773339552959 ], [ 30.348090731764788, -4.232777239817199 ], [ 30.348102388645852, -4.235486621961243 ], [ 30.347202817206409, -4.235490523687074 ], [ 30.347198931782561, -4.234587395495461 ], [ 30.345399788474616, -4.234595194146915 ], [ 30.345403671819525, -4.235498324007612 ], [ 30.34450409787253, -4.235502222602308 ], [ 30.344507981013368, -4.236405353272602 ], [ 30.341809251041727, -4.236417045295635 ], [ 30.341813131898178, -4.237320178442602 ], [ 30.340913552531244, -4.237324074529019 ], [ 30.34091743318227, -4.238227208484687 ], [ 30.34001785194064, -4.238231104360014 ], [ 30.340025613665251, -4.240037373863687 ], [ 30.339126029508307, -4.240041270360348 ], [ 30.339137675229342, -4.242750676929774 ], [ 30.33823808711508, -4.242754574879537 ], [ 30.33824196964876, -4.243657711186062 ], [ 30.336442788835775, -4.243665505613613 ], [ 30.336438908385151, -4.242762367642437 ], [ 30.335539317769932, -4.242766262455563 ], [ 30.335543197179014, -4.243669401258727 ], [ 30.334643604689049, -4.243673295858065 ], [ 30.334647483889576, -4.24457643546836 ], [ 30.333747889524851, -4.244580329853457 ], [ 30.333744011366093, -4.24367718941162 ], [ 30.332844417210374, -4.243681081919386 ], [ 30.332848294327359, -4.244584223192546 ], [ 30.331948698297321, -4.244588115485618 ], [ 30.331960331516864, -4.247297541650549 ], [ 30.331060731527806, -4.247301435390234 ], [ 30.331068489083588, -4.249107721038699 ], [ 30.324771251274253, -4.249134959528602 ], [ 30.324775123998293, -4.250038108125793 ], [ 30.322076292201984, -4.250049768543403 ], [ 30.322072422607452, -4.249146617459585 ], [ 30.320273199346463, -4.249154384177629 ], [ 30.320265466818434, -4.24734807862281 ], [ 30.318466244411123, -4.247355837840582 ], [ 30.318458519370438, -4.245549528875791 ], [ 30.316659297816884, -4.245557280596841 ], [ 30.316655438624167, -4.24465412442269 ], [ 30.315755827646583, -4.24465799788665 ], [ 30.315736549317759, -4.240142212511543 ], [ 30.316636155088243, -4.240138343182955 ], [ 30.316628447473366, -4.238332030514965 ], [ 30.317528050334097, -4.238328161795974 ], [ 30.317524196729092, -4.237425006252412 ], [ 30.318423797720818, -4.237421137316399 ], [ 30.318419943904452, -4.236517982575779 ], [ 30.319319543027188, -4.236514113423193 ], [ 30.319311835801759, -4.234707805523733 ], [ 30.32021143201591, -4.234703936982977 ], [ 30.320207578607516, -4.233800783824365 ], [ 30.319307983432747, -4.233804651537171 ], [ 30.319300281182116, -4.231998343490401 ], [ 30.318400687256336, -4.232002208504349 ], [ 30.318377606632193, -4.226583278808983 ], [ 30.319277194329011, -4.226579418761342 ], [ 30.319273349422012, -4.225676264554026 ], [ 30.320172935252362, -4.2256724042927 ], [ 30.320165245851559, -4.223866097460434 ], [ 30.321064828778525, -4.223862237814023 ], [ 30.321034096059726, -4.216637016130807 ], [ 30.321933669869885, -4.216633162070412 ], [ 30.321929830977883, -4.215730010078278 ], [ 30.323728974039049, -4.215722300497434 ], [ 30.323725133907409, -4.214819150138238 ], [ 30.330921664650791, -4.214788276897046 ], [ 30.330925513059629, -4.215691420617754 ], [ 30.3318250766958, -4.215687555957787 ], [ 30.331828926971433, -4.216590698823209 ], [ 30.33452761599057, -4.21657909611629 ], [ 30.334531470203572, -4.217482236463438 ], [ 30.336330594122597, -4.217474494466416 ], [ 30.336338309188712, -4.219280771759937 ], [ 30.335438745574958, -4.219284644941976 ] ], [ [ 30.335531561451376, -4.240959984775336 ], [ 30.336431149984193, -4.240956091626184 ], [ 30.336427272033841, -4.240052953581117 ], [ 30.335527684541898, -4.240056845898285 ], [ 30.335531561451376, -4.240959984775336 ] ] ], [ [ [ 30.300336042658138, -4.214919029056882 ], [ 30.302135223357606, -4.214911370993684 ], [ 30.302139038655845, -4.215814541182585 ], [ 30.3030386288033, -4.215810709769104 ], [ 30.303046263944381, -4.217617048426326 ], [ 30.303945855337041, -4.217613214326027 ], [ 30.303957317343333, -4.220322719656981 ], [ 30.303057722843658, -4.220326556228978 ], [ 30.303061544126816, -4.221229725447659 ], [ 30.302161947765988, -4.221233561803193 ], [ 30.302165768837838, -4.222136731821113 ], [ 30.30036657156926, -4.222144403057758 ], [ 30.30036275257012, -4.221241231393142 ], [ 30.299463153735513, -4.221245064627548 ], [ 30.299459336596875, -4.220341892115488 ], [ 30.298559737974269, -4.220345723486723 ], [ 30.298555922695684, -4.219442550127446 ], [ 30.296756725050798, -4.219450208104513 ], [ 30.296760538257537, -4.220353383108692 ], [ 30.295860937163855, -4.220357211359413 ], [ 30.295857124993049, -4.219454035533121 ], [ 30.292258716531887, -4.219469334847932 ], [ 30.292254909327191, -4.218566155711007 ], [ 30.29135530619121, -4.218569977118786 ], [ 30.291340089736487, -4.21495725704311 ], [ 30.29223968873178, -4.214953438919297 ], [ 30.292235885638746, -4.214050259660396 ], [ 30.294035079092939, -4.214042621938839 ], [ 30.29403888425519, -4.214945799555099 ], [ 30.295838076487517, -4.2149381560355 ], [ 30.295845693420048, -4.21674450790776 ], [ 30.297644886499196, -4.216736856943929 ], [ 30.297641075551255, -4.215833682664436 ], [ 30.300339855886804, -4.21582220089245 ], [ 30.300336042658138, -4.214919029056882 ] ] ], [ [ [ 30.317405145987159, -4.209427172243075 ], [ 30.32010385006156, -4.209415639278764 ], [ 30.320115345601668, -4.212125100664465 ], [ 30.315617485830803, -4.212144329496574 ], [ 30.315613658323883, -4.211241171588465 ], [ 30.312015359734932, -4.211256532663171 ], [ 30.312019183106546, -4.212159693877094 ], [ 30.304822537965386, -4.212190372809738 ], [ 30.30482635389161, -4.213093540600175 ], [ 30.302127595235465, -4.213105030542675 ], [ 30.302116159238032, -4.210395519683218 ], [ 30.303015743180168, -4.210391693211724 ], [ 30.303004311505923, -4.207682184603827 ], [ 30.303903891523444, -4.207678359566287 ], [ 30.303900081582551, -4.206775190805461 ], [ 30.30479965974212, -4.206771365555008 ], [ 30.304795849593877, -4.205868197593919 ], [ 30.310193295014763, -4.205845229268205 ], [ 30.310189479498167, -4.204942066232022 ], [ 30.311089049810391, -4.204938235375508 ], [ 30.311092866359264, -4.205841397586033 ], [ 30.314691143465307, -4.205826060492122 ], [ 30.314694964971107, -4.206729219373398 ], [ 30.316494100622776, -4.206721542953598 ], [ 30.316497925021839, -4.207624700156707 ], [ 30.317397492638001, -4.207620859564496 ], [ 30.317405145987159, -4.209427172243075 ] ] ], [ [ [ 30.287718910334863, -4.209553418614607 ], [ 30.285919715715725, -4.209561033597568 ], [ 30.285915924789506, -4.208657848450325 ], [ 30.286815521476253, -4.208654042297253 ], [ 30.286811730337686, -4.207750857945308 ], [ 30.288610919181981, -4.207743244167137 ], [ 30.288607126798663, -4.206840061430793 ], [ 30.289506718956002, -4.206836253806371 ], [ 30.28951051237215, -4.207739435722411 ], [ 30.290410104740715, -4.207735626240601 ], [ 30.290417696104193, -4.209541988358607 ], [ 30.289518101669294, -4.209545799481474 ], [ 30.289521897550298, -4.210448981324487 ], [ 30.287722704148845, -4.21045660209801 ], [ 30.287718910334863, -4.209553418614607 ] ] ], [ [ [ 30.35427904895425, -4.207462502532684 ], [ 30.353379515491895, -4.207466385635557 ], [ 30.353387251475386, -4.209272631769557 ], [ 30.350688639867222, -4.209284279873284 ], [ 30.350692506015694, -4.210187405411394 ], [ 30.348893425359343, -4.210195167298598 ], [ 30.348889561277254, -4.209292040089721 ], [ 30.347090479341748, -4.209299796157276 ], [ 30.347086618161992, -4.208396667254063 ], [ 30.345287534948703, -4.208404417503721 ], [ 30.345283676670402, -4.207501286907076 ], [ 30.344384134843185, -4.207505159642231 ], [ 30.344376422857877, -4.205698896707297 ], [ 30.345275962620224, -4.205695025640438 ], [ 30.345272106848345, -4.204791894970456 ], [ 30.346171644743134, -4.20478802370162 ], [ 30.346167788774849, -4.203884893841572 ], [ 30.347067324802079, -4.203881022371207 ], [ 30.347063468637842, -4.202977893321314 ], [ 30.351561131072799, -4.202958524607525 ], [ 30.351564992395165, -4.203861649481126 ], [ 30.352464523403597, -4.203857771795491 ], [ 30.352468386594825, -4.204760895808718 ], [ 30.353367917797836, -4.204757016251067 ], [ 30.353371782858375, -4.20566013940369 ], [ 30.354271314255957, -4.20565625797358 ], [ 30.35427904895425, -4.207462502532684 ] ] ], [ [ [ 30.321887657925497, -4.205795336552232 ], [ 30.322787218501919, -4.20579149139558 ], [ 30.322783388533878, -4.204888339938952 ], [ 30.325482062186353, -4.204876800737255 ], [ 30.325493563871984, -4.207586247572853 ], [ 30.324594003720797, -4.207590097497356 ], [ 30.324597838244244, -4.20849324722298 ], [ 30.320999585206842, -4.208508639866641 ], [ 30.320991925252457, -4.206702333761553 ], [ 30.321891487690976, -4.206698488813032 ], [ 30.321887657925497, -4.205795336552232 ] ] ], [ [ [ 30.38469949398835, -4.169399903852088 ], [ 30.387397873983971, -4.16938824897622 ], [ 30.387394003544156, -4.16848515678618 ], [ 30.3882934608285, -4.168481270617956 ], [ 30.388289590211762, -4.167578179248392 ], [ 30.389189045627404, -4.167574292898217 ], [ 30.389192917266829, -4.16847738342277 ], [ 30.390991827604584, -4.168469605951528 ], [ 30.391003453739078, -4.171178872307181 ], [ 30.391902910707447, -4.171174979494083 ], [ 30.391906788802565, -4.172078067384949 ], [ 30.391007330810623, -4.172081961043737 ], [ 30.391018967105438, -4.174791227107338 ], [ 30.391918428169447, -4.174787330911476 ], [ 30.391922309652269, -4.175690418704945 ], [ 30.392821770893814, -4.175686520634658 ], [ 30.392829538449877, -4.177492694456655 ], [ 30.393729000893849, -4.177488793665355 ], [ 30.393732886967769, -4.178391879693646 ], [ 30.394632349589472, -4.178387977026809 ], [ 30.394628462490427, -4.177484891844888 ], [ 30.395527923239385, -4.177480988995257 ], [ 30.395524035963064, -4.176577904635551 ], [ 30.400021321861338, -4.176558379186448 ], [ 30.400029107511791, -4.178364539408862 ], [ 30.399129649979173, -4.178368448251939 ], [ 30.399137436974616, -4.180174610072194 ], [ 30.398237976542386, -4.180178519580887 ], [ 30.398253556613881, -4.183790846318487 ], [ 30.397354091228671, -4.183794758186456 ], [ 30.397357987341223, -4.184697840657085 ], [ 30.398257453753104, -4.184693927941842 ], [ 30.398276952177593, -4.189209335692081 ], [ 30.399176422877609, -4.189205417708382 ], [ 30.399184230243634, -4.191011578942308 ], [ 30.400983173209514, -4.191003736487409 ], [ 30.400987080222631, -4.191906815371978 ], [ 30.401886551460237, -4.191902891747627 ], [ 30.40189437009181, -4.193709047746952 ], [ 30.402793842537484, -4.193705121393087 ], [ 30.402805579944047, -4.196414352663155 ], [ 30.401906104410386, -4.196418281562265 ], [ 30.401910017548921, -4.197321359451701 ], [ 30.401010540135971, -4.197325288165194 ], [ 30.401014453094014, -4.198228366878319 ], [ 30.398316012670278, -4.198240149357795 ], [ 30.398312102802286, -4.197337068101419 ], [ 30.397412621993524, -4.197340992678725 ], [ 30.397404806862767, -4.195534828397872 ], [ 30.396505327264997, -4.195538750246963 ], [ 30.396497517586276, -4.193732584174002 ], [ 30.395598039198852, -4.193736503295775 ], [ 30.395594136660637, -4.192833419375726 ], [ 30.39469465845421, -4.192837336617699 ], [ 30.394690757792617, -4.191934251826558 ], [ 30.393791279767189, -4.191938167189172 ], [ 30.393787380981767, -4.191035081527168 ], [ 30.391988424445692, -4.191042907462051 ], [ 30.391984528564272, -4.190139820083469 ], [ 30.390185570696666, -4.190147640197021 ], [ 30.390181677718356, -4.189244551102767 ], [ 30.388382718520596, -4.189252365396738 ], [ 30.38837882844452, -4.188349274587718 ], [ 30.387479348604199, -4.188353179341728 ], [ 30.387475460401856, -4.187450087663449 ], [ 30.381179085040728, -4.187477386141095 ], [ 30.381182966049604, -4.188380483726919 ], [ 30.379383992003177, -4.188388275692684 ], [ 30.37938787180061, -4.189291374939959 ], [ 30.378488382483578, -4.189295270217556 ], [ 30.378492262096774, -4.190198370283015 ], [ 30.37759277090797, -4.190202265370839 ], [ 30.377604411723858, -4.19291156794781 ], [ 30.375805420644713, -4.192919360078586 ], [ 30.375809300545534, -4.193822462572815 ], [ 30.374909802712313, -4.193826357930332 ], [ 30.374913682426893, -4.194729461241841 ], [ 30.373114682173799, -4.194737250539771 ], [ 30.373099176603571, -4.191124830416137 ], [ 30.3739986730357, -4.191120939648993 ], [ 30.373994797720599, -4.1902178353983 ], [ 30.374894292281819, -4.190213944440019 ], [ 30.374890416781124, -4.189310841006399 ], [ 30.37578990947144, -4.189306949857431 ], [ 30.375782158942737, -4.18750074460038 ], [ 30.376681648734479, -4.187496854103102 ], [ 30.37667777370714, -4.186593752279901 ], [ 30.377577261628236, -4.186589861593055 ], [ 30.377573386416863, -4.185686760587604 ], [ 30.378472872467306, -4.18568286971164 ], [ 30.378461248813313, -4.18297356907606 ], [ 30.379360730939805, -4.182969679696602 ], [ 30.379352984002839, -4.181163480836151 ], [ 30.380252463233067, -4.181159592111726 ], [ 30.380248590004467, -4.180256493487748 ], [ 30.381148067364762, -4.180252604576218 ], [ 30.381144193954576, -4.1793495067709 ], [ 30.382043669444947, -4.179345617672714 ], [ 30.382035923106788, -4.177539423675492 ], [ 30.382935395702059, -4.177535535234568 ], [ 30.382916039512523, -4.173020054032735 ], [ 30.382016572039845, -4.173023938256343 ], [ 30.382004971533298, -4.170314646712889 ], [ 30.381105506287035, -4.170318527378689 ], [ 30.381109371254688, -4.171221625427391 ], [ 30.379310436182884, -4.171229385362433 ], [ 30.379314299947499, -4.172132485072613 ], [ 30.378414830122164, -4.172136364341179 ], [ 30.378418693706703, -4.173039464869607 ], [ 30.37751922201393, -4.173043343952605 ], [ 30.377534680690101, -4.176655749192448 ], [ 30.376635204056242, -4.176659630615798 ], [ 30.376639069808697, -4.177562732707051 ], [ 30.375739591306694, -4.177566613943269 ], [ 30.375743456877075, -4.178469716852088 ], [ 30.373944495294062, -4.178477477919873 ], [ 30.373940631774143, -4.177574373327913 ], [ 30.37304115074404, -4.17757825147633 ], [ 30.373037289091613, -4.176675146018802 ], [ 30.372137808244268, -4.176679022296931 ], [ 30.372133948458885, -4.175775915974064 ], [ 30.371234467794316, -4.175779790382349 ], [ 30.371230609875532, -4.174876683194375 ], [ 30.372130089515515, -4.174872809626875 ], [ 30.372122374154824, -4.173066596859549 ], [ 30.373021850904326, -4.173062723945443 ], [ 30.373014136864086, -4.171256512762891 ], [ 30.37391361072379, -4.171252640503073 ], [ 30.373909753943554, -4.170349535716567 ], [ 30.377507636861957, -4.170334039767365 ], [ 30.377499917643988, -4.168527836855687 ], [ 30.378399384219637, -4.168523961984375 ], [ 30.378395524852884, -4.167620861334426 ], [ 30.37929498956224, -4.167616986278654 ], [ 30.379283413456303, -4.164907686710756 ], [ 30.381082334209719, -4.164899938576171 ], [ 30.381086194112083, -4.165803036770649 ], [ 30.381985654244669, -4.165799160320971 ], [ 30.381989516013522, -4.166702257647946 ], [ 30.383788435789754, -4.166694499982504 ], [ 30.383792300448043, -4.167597595598073 ], [ 30.384691760091449, -4.167593714381644 ], [ 30.38469949398835, -4.169399903852088 ] ] ], [ [ [ 30.306439411632311, -4.168830705914654 ], [ 30.30733894414174, -4.168826912192554 ], [ 30.307346503728628, -4.170633245132581 ], [ 30.306446969172278, -4.17063704050407 ], [ 30.306439411632311, -4.168830705914654 ] ] ], [ [ [ 30.328547559173391, -4.077517622065952 ], [ 30.327648148742441, -4.077521356617956 ], [ 30.327640713222159, -4.075715056808012 ], [ 30.329439529251982, -4.075707590019205 ], [ 30.329435810737689, -4.074804441738709 ], [ 30.330335216506231, -4.074800707668206 ], [ 30.330338936020503, -4.075703855118388 ], [ 30.331238341957814, -4.075700119213304 ], [ 30.33124578548065, -4.077506412381608 ], [ 30.330346377542721, -4.077510149947773 ], [ 30.330350099550667, -4.078413297326965 ], [ 30.328551279180029, -4.078420771105557 ], [ 30.328547559173391, -4.077517622065952 ] ] ], [ [ [ 30.323151084133777, -4.077540014306948 ], [ 30.321352252482658, -4.077547470349308 ], [ 30.321355964483875, -4.078450626021644 ], [ 30.320456546414007, -4.078454353363771 ], [ 30.320452835413491, -4.07755119686335 ], [ 30.319553417515554, -4.077554922372625 ], [ 30.319546000001562, -4.075748607645116 ], [ 30.318646583275822, -4.075752330494345 ], [ 30.318642876761675, -4.074849172267498 ], [ 30.319542292487377, -4.074845450245904 ], [ 30.319534879944605, -4.073039135376583 ], [ 30.320434292842375, -4.073035414006597 ], [ 30.320430586814417, -4.072132257364355 ], [ 30.321329997884082, -4.072128535818795 ], [ 30.3213337049114, -4.073031691632962 ], [ 30.325830752817474, -4.0730130647102 ], [ 30.325845609214561, -4.07662567115556 ], [ 30.324046784541668, -4.076633131568242 ], [ 30.324043071197707, -4.075729978334197 ], [ 30.3231436586169, -4.075733706205002 ], [ 30.323151084133777, -4.077540014306948 ] ] ], [ [ [ 30.318620655071143, -4.069430222410341 ], [ 30.317721244512686, -4.0694339384634 ], [ 30.317713845905558, -4.0676276200007 ], [ 30.321311475181915, -4.067612756393753 ], [ 30.321322586316345, -4.070322224119603 ], [ 30.32042317724472, -4.070325944009016 ], [ 30.320426881615198, -4.071229100698493 ], [ 30.319527470715926, -4.071232820412774 ], [ 30.319523767344364, -4.070329662895449 ], [ 30.318624356615498, -4.070333380778897 ], [ 30.318620655071143, -4.069430222410341 ] ] ], [ [ [ 30.338359147535197, -4.057607391981903 ], [ 30.341057280504874, -4.057596204104497 ], [ 30.341064712679582, -4.059402479916793 ], [ 30.340165333864949, -4.059406211874937 ], [ 30.340161618356593, -4.058503073147618 ], [ 30.339262239704269, -4.058506803272826 ], [ 30.339265954216717, -4.059409942832881 ], [ 30.338366573735112, -4.05941367279062 ], [ 30.338359147535197, -4.057607391981903 ] ] ], [ [ [ 30.362389751607481, -3.996094307565683 ], [ 30.360591171618612, -3.996101701148357 ], [ 30.360616953085735, -4.002423548571352 ], [ 30.361516250366893, -4.002419846406399 ], [ 30.361545773069427, -4.009644806788053 ], [ 30.362445077373749, -4.009641096931354 ], [ 30.362474661629523, -4.016866049113478 ], [ 30.360676036429915, -4.01687348124894 ], [ 30.360687138454153, -4.019582842960325 ], [ 30.357989185494599, -4.019593991279597 ], [ 30.357985486939267, -4.018690868219811 ], [ 30.357086168596052, -4.018694581508544 ], [ 30.357078775970262, -4.016888333644578 ], [ 30.354380821829679, -4.016899462550293 ], [ 30.354377129729208, -4.015996336073233 ], [ 30.348081881015645, -4.016022263033532 ], [ 30.348085566218653, -4.01692539535949 ], [ 30.347186240645158, -4.016929096087884 ], [ 30.347193611585951, -4.018735362339063 ], [ 30.346294283205861, -4.018739063746671 ], [ 30.346297968942977, -4.019642197671665 ], [ 30.345398638741887, -4.019645898923372 ], [ 30.345406010748231, -4.021452168371701 ], [ 30.347204674260972, -4.021444761540591 ], [ 30.347212053553594, -4.02325102755806 ], [ 30.34811138603094, -4.02324732098697 ], [ 30.348115077917207, -4.024150453125944 ], [ 30.350813073297228, -4.024139324959938 ], [ 30.350816768981034, -4.025042454570139 ], [ 30.351716100089842, -4.025038742363011 ], [ 30.351719797597333, -4.025941871114229 ], [ 30.350820465500945, -4.02594558415693 ], [ 30.350824162856966, -4.026848713720309 ], [ 30.347226822161293, -4.026863559312277 ], [ 30.347230516401247, -4.02776669219232 ], [ 30.34633117815067, -4.027770401944466 ], [ 30.346360754226247, -4.034995470817151 ], [ 30.345461407228157, -4.034999186250913 ], [ 30.345468807616953, -4.036805454903143 ], [ 30.344569457803679, -4.036809171010824 ], [ 30.3446213401397, -4.049453060622715 ], [ 30.343721975604151, -4.049456787409321 ], [ 30.343725686751458, -4.050359923039085 ], [ 30.339228846593254, -4.050378546171951 ], [ 30.339232553605559, -4.051281685944018 ], [ 30.338333182079143, -4.051285408409191 ], [ 30.338336888930645, -4.052188548990223 ], [ 30.337437515576994, -4.052192271289472 ], [ 30.337444929790408, -4.05399855404547 ], [ 30.336545553614922, -4.054002277010405 ], [ 30.3365529691701, -4.055808561336334 ], [ 30.337452347335422, -4.055804836707279 ], [ 30.337474619960368, -4.061223684127132 ], [ 30.335675850847263, -4.06123114236938 ], [ 30.335679563873477, -4.062134285187412 ], [ 30.334780177071476, -4.06213801363916 ], [ 30.334783889933352, -4.06304115726523 ], [ 30.335683277732173, -4.063037427981854 ], [ 30.335686992423373, -4.063940570752696 ], [ 30.336586380386741, -4.06393683963635 ], [ 30.336582664698497, -4.063033697697359 ], [ 30.337482050832104, -4.063029966411755 ], [ 30.337500642588051, -4.067545671710217 ], [ 30.336601251467002, -4.067549407156222 ], [ 30.336597532447836, -4.066646265311679 ], [ 30.335698141491989, -4.066649998923596 ], [ 30.335694424303277, -4.065746856223574 ], [ 30.333895641889701, -4.065754318778331 ], [ 30.333891927528494, -4.064851174391651 ], [ 30.332992536071011, -4.064854903335153 ], [ 30.332981400970901, -4.062145467539962 ], [ 30.332082011672775, -4.062149192989005 ], [ 30.332070887048243, -4.059439754488674 ], [ 30.331171499907704, -4.059443476444611 ], [ 30.331167794358656, -4.058540329399962 ], [ 30.32936901957564, -4.058547768650303 ], [ 30.329365316849412, -4.057644619921309 ], [ 30.330264703660749, -4.057640901626432 ], [ 30.330261000769919, -4.056737753704161 ], [ 30.329361614954092, -4.056741471168761 ], [ 30.329354213656153, -4.054935173593027 ], [ 30.328454828999792, -4.054938888397936 ], [ 30.328447433014887, -4.053132589067954 ], [ 30.32754804951734, -4.053136301214067 ], [ 30.32754065884366, -4.051330000130342 ], [ 30.319446187920637, -4.051363349586533 ], [ 30.319449873894428, -4.052266507598501 ], [ 30.317651091471433, -4.052273909262581 ], [ 30.317647407486106, -4.051370749595658 ], [ 30.316748016026779, -4.051374448102765 ], [ 30.316740652527834, -4.049568127044165 ], [ 30.315841262228567, -4.049571822899129 ], [ 30.315833904027489, -4.047765500092775 ], [ 30.316733292339837, -4.047761805891638 ], [ 30.316729613487428, -4.046858645280166 ], [ 30.317628999978925, -4.046854950908746 ], [ 30.317621642771709, -4.045048631269671 ], [ 30.318521026449705, -4.045044937555771 ], [ 30.318513670569562, -4.043238619477569 ], [ 30.317614288876236, -4.043242311536769 ], [ 30.317603264242472, -4.040532831761579 ], [ 30.314905123121864, -4.040543894519287 ], [ 30.314908794197184, -4.041447056948483 ], [ 30.312210642656659, -4.041458113224117 ], [ 30.31221431158384, -4.04236127810857 ], [ 30.310415537773277, -4.04236864563096 ], [ 30.310426543560791, -4.045078145097772 ], [ 30.309527152439411, -4.045081829840829 ], [ 30.309530821694835, -4.04598499710823 ], [ 30.308631428754818, -4.045988681679625 ], [ 30.308635097843233, -4.046891849748702 ], [ 30.30773570308456, -4.046895534147985 ], [ 30.307739372005525, -4.047798703018514 ], [ 30.306839975428201, -4.047802387245234 ], [ 30.306836307500401, -4.046899217550027 ], [ 30.305037513856519, -4.046906581362379 ], [ 30.305030184448086, -4.045100238604269 ], [ 30.304130788374493, -4.045103917366556 ], [ 30.304116143423997, -4.041491228273189 ], [ 30.303216750494553, -4.04149490274356 ], [ 30.303213092309981, -4.040591729587906 ], [ 30.304112484247799, -4.040588055941307 ], [ 30.304105168369095, -4.038781711207339 ], [ 30.305004557499789, -4.038778038213033 ], [ 30.305008216018031, -4.039681209767726 ], [ 30.306806993787188, -4.039673859144736 ], [ 30.306803333286613, -4.038770689238697 ], [ 30.308602105772543, -4.038763336283425 ], [ 30.308598444115329, -4.037860168003531 ], [ 30.31219597521368, -4.037845453452091 ], [ 30.312188646451567, -4.03603912342563 ], [ 30.313088025179173, -4.036035443952293 ], [ 30.313084361047704, -4.035132279729962 ], [ 30.313983737958299, -4.035128600088312 ], [ 30.313980073663597, -4.034225436668807 ], [ 30.314879448757189, -4.034221756859292 ], [ 30.314875784299694, -4.033318594242836 ], [ 30.315775157576301, -4.033314914265904 ], [ 30.315771492956458, -4.032411752452724 ], [ 30.316670864416086, -4.032408072308825 ], [ 30.316667199634345, -4.031504911299145 ], [ 30.317566569276998, -4.031501230988729 ], [ 30.317562904333805, -4.030598070782775 ], [ 30.318462272159501, -4.030594390306289 ], [ 30.318458607055298, -4.029691230904285 ], [ 30.319357973064037, -4.02968755026218 ], [ 30.31935430779928, -4.028784391664351 ], [ 30.320253671991079, -4.028780710857078 ], [ 30.32024634196986, -4.026974395246857 ], [ 30.321145703356535, -4.02697071510285 ], [ 30.32113837467368, -4.02516440105517 ], [ 30.322037733255922, -4.025160721575322 ], [ 30.322030405913193, -4.023354409090653 ], [ 30.32292976169169, -4.023350730275856 ], [ 30.322918773934163, -4.020641263859084 ], [ 30.323818125922998, -4.02063758653887 ], [ 30.323814464009082, -4.019734431848598 ], [ 30.324713814182161, -4.019730754366569 ], [ 30.324710152111468, -4.018827600481837 ], [ 30.326508847996294, -4.018820244204815 ], [ 30.326505184783336, -4.017917091955163 ], [ 30.329203219426983, -4.017906052602241 ], [ 30.329188563051169, -4.014293453327527 ], [ 30.330087902329879, -4.014289774884038 ], [ 30.33008057715676, -4.012483476767233 ], [ 30.330979913635208, -4.012479798995487 ], [ 30.330976251310663, -4.011576650732555 ], [ 30.331875585973659, -4.011572972802807 ], [ 30.33187192349612, -4.010669825347221 ], [ 30.333670588359638, -4.010662468184442 ], [ 30.333666924745682, -4.009759322367508 ], [ 30.336364912850403, -4.009748281706595 ], [ 30.336368579415971, -4.01065142502895 ], [ 30.337267908103463, -4.010647742000784 ], [ 30.337264240554038, -4.009744599510403 ], [ 30.338163567424996, -4.009740916326274 ], [ 30.338159899724616, -4.008837774644797 ], [ 30.337260573837288, -4.008841456996731 ], [ 30.337256907953204, -4.007938314459769 ], [ 30.335458255647591, -4.007945674536779 ], [ 30.335454592562563, -4.007042530312824 ], [ 30.334555266144513, -4.00704620803856 ], [ 30.334551604874672, -4.006143062959812 ], [ 30.335450930309744, -4.006139386065597 ], [ 30.335447268889137, -4.005236241795104 ], [ 30.336346592509255, -4.005232564745575 ], [ 30.336335610293744, -4.002523134289754 ], [ 30.337234930134539, -4.002519458749284 ], [ 30.337227610856139, -4.0007131733264 ], [ 30.338126927900827, -4.000709498464139 ], [ 30.338119609990372, -3.998903214612649 ], [ 30.339018924239635, -3.998899540429487 ], [ 30.339015265552728, -3.997996399301289 ], [ 30.33991457798799, -3.997992724965497 ], [ 30.339910919153422, -3.997089584646692 ], [ 30.340810229774682, -3.997085910158722 ], [ 30.340806570792903, -3.99618277064953 ], [ 30.34170587960017, -3.996179096009829 ], [ 30.341702220471632, -3.99527595731048 ], [ 30.342601527464911, -3.995272282519498 ], [ 30.342597868190055, -3.994369144630213 ], [ 30.344396477714511, -3.994361793762474 ], [ 30.344392817313977, -3.993458657517207 ], [ 30.347090722402822, -3.993447626337334 ], [ 30.347087059897959, -3.992544492571376 ], [ 30.356080012753239, -3.992507666377222 ], [ 30.35607634129023, -3.991604540944261 ], [ 30.357874919862496, -3.991597165575996 ], [ 30.357878593284095, -3.992500289335038 ], [ 30.359677170464042, -3.992492908358489 ], [ 30.359680846682377, -3.993396030419482 ], [ 30.360580134994702, -3.993392337618087 ], [ 30.360583813030935, -3.994295458818095 ], [ 30.362382389099601, -3.994288068587749 ], [ 30.362389751607481, -3.996094307565683 ] ], [ [ 30.323032673970822, -4.048639073349625 ], [ 30.323036361433555, -4.049542228119501 ], [ 30.324835127946272, -4.04953481944619 ], [ 30.324831438496474, -4.048631666333936 ], [ 30.323032673970822, -4.048639073349625 ] ] ], [ [ [ 30.362511717456364, -4.025897237236371 ], [ 30.361612395410681, -4.025900962181347 ], [ 30.361616104620094, -4.026804081703084 ], [ 30.360716780747865, -4.026807806494261 ], [ 30.36071307252621, -4.025904686134493 ], [ 30.359813748803173, -4.025908409095804 ], [ 30.359806336850404, -4.024102166630367 ], [ 30.358907014263895, -4.024105886924672 ], [ 30.358903310532103, -4.023202764819243 ], [ 30.359802632131522, -4.023199045362517 ], [ 30.359798928250964, -4.022295924071254 ], [ 30.358899607638417, -4.022299642690403 ], [ 30.35889220436534, -4.020493398362502 ], [ 30.360690840805958, -4.020485963484006 ], [ 30.360694543996299, -4.021389083984285 ], [ 30.362493179055598, -4.021381643467535 ], [ 30.362504299579058, -4.024090999799106 ], [ 30.363403618810903, -4.024087275539252 ], [ 30.363407328317354, -4.024990393431125 ], [ 30.362508008098207, -4.024994118529453 ], [ 30.362511717456364, -4.025897237236371 ] ] ], [ [ [ 30.384916257753758, -4.006838735118209 ], [ 30.386714815849224, -4.00683126811881 ], [ 30.386711097574288, -4.005928171637148 ], [ 30.387610374372006, -4.005924437501386 ], [ 30.387606655959509, -4.005021341840817 ], [ 30.391203750766614, -4.005006398810016 ], [ 30.391214920331979, -4.007715675581342 ], [ 30.390315644950643, -4.007719415354947 ], [ 30.390319368848083, -4.008622508410649 ], [ 30.38672225493394, -4.008637461012015 ], [ 30.386718534969106, -4.007734364577101 ], [ 30.38491997490776, -4.007741833264763 ], [ 30.384916257753758, -4.006838735118209 ] ] ], [ [ [ 30.388760014860711, -3.845165876179036 ], [ 30.389659117758168, -3.845162289488922 ], [ 30.389676984802946, -3.849677775166564 ], [ 30.38877787718841, -3.849681366080819 ], [ 30.388788604722969, -3.852390659752357 ], [ 30.389687715170432, -3.852387066303595 ], [ 30.389694872974086, -3.85419326028255 ], [ 30.390593984466211, -3.854189664194817 ], [ 30.390601147540782, -3.85599585639367 ], [ 30.392399371770114, -3.855988657988741 ], [ 30.392406542008917, -3.857794846715959 ], [ 30.393305654746545, -3.857791244397429 ], [ 30.393312830260776, -3.859597431343089 ], [ 30.39421194404478, -3.859593826382461 ], [ 30.394219124836251, -3.861400011546059 ], [ 30.395118239667294, -3.86139640394244 ], [ 30.395125425737813, -3.863202587323477 ], [ 30.396024541616537, -3.863198977075971 ], [ 30.396031732967927, -3.865005158673945 ], [ 30.396930849894982, -3.865001545781657 ], [ 30.396941646116453, -3.867710815469402 ], [ 30.397840765040783, -3.867707199084565 ], [ 30.397858780426617, -3.872222643877976 ], [ 30.39695965675751, -3.872226264497207 ], [ 30.396970473305508, -3.874935533642598 ], [ 30.397869599824155, -3.874931910482712 ], [ 30.397876816991769, -3.876738088106066 ], [ 30.398775944564026, -3.87673446229757 ], [ 30.398783167022117, -3.878540638136136 ], [ 30.399682295648638, -3.878537009678136 ], [ 30.399689523399008, -3.88034318373141 ], [ 30.398790392869909, -3.880346813884096 ], [ 30.398797622107448, -3.882152989541409 ], [ 30.397898488827433, -3.882156620432624 ], [ 30.397912953662253, -3.885768974863651 ], [ 30.397013815725369, -3.885772608186322 ], [ 30.397028290302803, -3.889384965641931 ], [ 30.396129147705658, -3.889388601394293 ], [ 30.396132767513723, -3.890291691548125 ], [ 30.393435331780694, -3.89030259559617 ], [ 30.393438949573277, -3.891205688266034 ], [ 30.392539801682236, -3.891209321878129 ], [ 30.392547037896971, -3.89301550884132 ], [ 30.391647887251107, -3.893019143186156 ], [ 30.391655124939799, -3.894825331749625 ], [ 30.392554277495453, -3.894821695713618 ], [ 30.392561520477717, -3.896627882494979 ], [ 30.395258978800094, -3.896616963554858 ], [ 30.395273486388117, -3.900229326692117 ], [ 30.393475174038127, -3.900236613714507 ], [ 30.393467922375734, -3.898430428806781 ], [ 30.390770453242236, -3.898441347061889 ], [ 30.390766831548017, -3.897538252037107 ], [ 30.389867674434765, -3.897541888689899 ], [ 30.389864054541743, -3.896638792797226 ], [ 30.388964897538887, -3.896642427645095 ], [ 30.388961279446612, -3.89573933088476 ], [ 30.3853646468087, -3.895753857300922 ], [ 30.385361033382498, -3.894850757140411 ], [ 30.384461874067313, -3.894854385501719 ], [ 30.384454651657251, -3.893048183424941 ], [ 30.383555493407997, -3.893051809139734 ], [ 30.383548276282614, -3.891245605284973 ], [ 30.384447432622892, -3.891241981257328 ], [ 30.384440216964215, -3.889435778998928 ], [ 30.385339370552494, -3.889432155700407 ], [ 30.385324945548554, -3.88581975428656 ], [ 30.38442579577374, -3.885823374209924 ], [ 30.384418590241882, -3.884017171679408 ], [ 30.385317738111301, -3.88401355344361 ], [ 30.385310534050465, -3.882207352510032 ], [ 30.386209679171284, -3.882203735005565 ], [ 30.386202476583243, -3.8803975356694 ], [ 30.384404189304728, -3.880404766346548 ], [ 30.384400591180118, -3.879501664956734 ], [ 30.386198876555689, -3.879494435967358 ], [ 30.386195277372451, -3.878591336242684 ], [ 30.384396993899365, -3.878598563544291 ], [ 30.384393397462471, -3.877695462109224 ], [ 30.383494255411058, -3.877699073483468 ], [ 30.383487066970215, -3.875892868858392 ], [ 30.384386207120237, -3.875889259171239 ], [ 30.384379020153382, -3.87408305614282 ], [ 30.385278157559068, -3.874079447188523 ], [ 30.38524584943637, -3.865951540036462 ], [ 30.386144977456894, -3.865947937723752 ], [ 30.386119889551612, -3.859626236805678 ], [ 30.38522076816168, -3.85962983321063 ], [ 30.385217188498427, -3.858726732145407 ], [ 30.384318067210845, -3.858730326755972 ], [ 30.384310912308283, -3.856924122870536 ], [ 30.383411792068959, -3.856927714843648 ], [ 30.383404642432531, -3.855121509181208 ], [ 30.382505523240813, -3.855125098517763 ], [ 30.382494807947573, -3.852415787325635 ], [ 30.381595690747602, -3.852419373183471 ], [ 30.381588553324107, -3.850613163923599 ], [ 30.380689437169998, -3.850616747146891 ], [ 30.380678740189335, -3.847907430560204 ], [ 30.379779626024117, -3.847911010307249 ], [ 30.379776062992995, -3.847007903890871 ], [ 30.378876948928649, -3.847011481847764 ], [ 30.378873387683353, -3.84610837456658 ], [ 30.377974273719893, -3.846111950733761 ], [ 30.377963597866547, -3.843402626229246 ], [ 30.378862709001606, -3.843399052588504 ], [ 30.37885915112572, -3.842495945217652 ], [ 30.379758260476091, -3.842492371472609 ], [ 30.379754702500417, -3.841589264921719 ], [ 30.380653810066093, -3.841585691072823 ], [ 30.380650251991085, -3.840682585342117 ], [ 30.381549357772084, -3.840679011389817 ], [ 30.381545799598186, -3.839775906479522 ], [ 30.382444903594518, -3.839772332424267 ], [ 30.382441345322167, -3.838869228334608 ], [ 30.38334044753384, -3.838865654176845 ], [ 30.383336889163491, -3.837962550908048 ], [ 30.385135089173858, -3.837955401443105 ], [ 30.385138649426626, -3.838858503024733 ], [ 30.386936847943876, -3.838851348090533 ], [ 30.386943974747211, -3.840657547810467 ], [ 30.387843074622513, -3.84065396723636 ], [ 30.387850206687165, -3.842460165177917 ], [ 30.388749307601838, -3.842456581968664 ], [ 30.388760014860711, -3.845165876179036 ] ] ], [ [ [ 30.29257200050704, -3.850963301441706 ], [ 30.291672801995414, -3.850966790747866 ], [ 30.291676275829154, -3.851869978567377 ], [ 30.289877874454348, -3.851876955973875 ], [ 30.289860522936323, -3.84736100844949 ], [ 30.291658914867746, -3.847354039246988 ], [ 30.291655445137632, -3.846450851316086 ], [ 30.293453831898862, -3.846443879963339 ], [ 30.293457303516291, -3.84734706625256 ], [ 30.29435649660893, -3.847343578333383 ], [ 30.294359969991401, -3.848246763779155 ], [ 30.293460775954884, -3.848250252519509 ], [ 30.293464249214651, -3.849153438764182 ], [ 30.292565053412861, -3.849156927377294 ], [ 30.29257200050704, -3.850963301441706 ] ] ], [ [ [ 30.385987969203661, -3.826211513666783 ], [ 30.387786139719552, -3.826204380480354 ], [ 30.387796798545686, -3.828913678433115 ], [ 30.385998622398677, -3.828920816684946 ], [ 30.385987969203661, -3.826211513666783 ] ] ], [ [ [ 30.30146671630343, -3.825639341339976 ], [ 30.302365879410367, -3.8256358646452 ], [ 30.302379732817517, -3.829248578826569 ], [ 30.301480565955316, -3.829252058813939 ], [ 30.30146671630343, -3.825639341339976 ] ] ], [ [ [ 30.382299705819445, -3.80274504644476 ], [ 30.383198770556437, -3.802741506015685 ], [ 30.383205822358907, -3.804547714269425 ], [ 30.384104888117879, -3.804544171216927 ], [ 30.384111945159596, -3.806350377695075 ], [ 30.385011011941199, -3.806346832018257 ], [ 30.385014542660716, -3.807249934380391 ], [ 30.386812675559312, -3.80724283852634 ], [ 30.386816208989792, -3.808145939178317 ], [ 30.385917142028859, -3.808149488418283 ], [ 30.385920675369686, -3.809052589892125 ], [ 30.385021606630946, -3.809056139038022 ], [ 30.385018074223961, -3.808153036720316 ], [ 30.384119005575329, -3.80815658408441 ], [ 30.384122537048466, -3.809059687245758 ], [ 30.383223466622468, -3.809063234515329 ], [ 30.383230530230929, -3.810869442458201 ], [ 30.384129602525299, -3.810865893501789 ], [ 30.384136671376243, -3.812672099668901 ], [ 30.385035744696342, -3.812668548086587 ], [ 30.385032208914371, -3.811765445857795 ], [ 30.386830351153595, -3.811758341563974 ], [ 30.386823278383311, -3.809952140415606 ], [ 30.388621413508179, -3.809945035744203 ], [ 30.388624951339779, -3.810848134640655 ], [ 30.389524018569642, -3.810844580052642 ], [ 30.389527558180379, -3.811747678082097 ], [ 30.390426625499867, -3.811744121710515 ], [ 30.39043016689018, -3.812647218872736 ], [ 30.391329234299281, -3.812643660717144 ], [ 30.391336321485309, -3.814449853284402 ], [ 30.396730719400708, -3.814428474479616 ], [ 30.396734269873885, -3.815331565653884 ], [ 30.397633334166432, -3.815327998384906 ], [ 30.397647548269525, -3.81894035947201 ], [ 30.394051271045623, -3.818954636453033 ], [ 30.394047719994475, -3.81805154282891 ], [ 30.390451432979305, -3.818065801378584 ], [ 30.390454980285398, -3.818968898384928 ], [ 30.388656829833625, -3.818976023707362 ], [ 30.388660376111851, -3.819879122381193 ], [ 30.387761298682321, -3.819882684476072 ], [ 30.387764844868499, -3.820785783972164 ], [ 30.386865765657777, -3.820789345970549 ], [ 30.386872858689408, -3.822595546584515 ], [ 30.385973776760299, -3.82259910933007 ], [ 30.385977323605079, -3.823502210447716 ], [ 30.383280069942202, -3.823512895566351 ], [ 30.383276525909668, -3.822609791917703 ], [ 30.382377440605772, -3.822613350897223 ], [ 30.382373898353794, -3.821710246383061 ], [ 30.381474813143971, -3.821713803578064 ], [ 30.381467733043156, -3.819907592796886 ], [ 30.380568648864166, -3.819911147365045 ], [ 30.380561574007825, -3.81810493480922 ], [ 30.381460656313951, -3.818101381926597 ], [ 30.381453582956318, -3.816295170967238 ], [ 30.382352662547593, -3.816291618830179 ], [ 30.382324395353173, -3.809066780846729 ], [ 30.381425323240808, -3.809070326239957 ], [ 30.381418266740514, -3.807264114835883 ], [ 30.380519195652806, -3.807267657605439 ], [ 30.380515669600339, -3.806364551027347 ], [ 30.379616598603434, -3.806368092016644 ], [ 30.37961307432678, -3.805464984573835 ], [ 30.37871400342069, -3.805468523783316 ], [ 30.378710480919402, -3.804565415476023 ], [ 30.377811410104133, -3.804568952906131 ], [ 30.377807889377767, -3.803665843734582 ], [ 30.37690881865333, -3.803669379385763 ], [ 30.376905299701441, -3.802766269350193 ], [ 30.376006229067844, -3.802769803222889 ], [ 30.375988651593261, -3.798254248504509 ], [ 30.37688771756746, -3.798250718839902 ], [ 30.376884203665732, -3.797347608671393 ], [ 30.379581393743759, -3.79733701659063 ], [ 30.379584910439092, -3.798240124232962 ], [ 30.38048397304523, -3.798236590826289 ], [ 30.38049101082601, -3.800042804359487 ], [ 30.381390074452618, -3.800039268331846 ], [ 30.381397117467671, -3.801845480090935 ], [ 30.3822961821154, -3.801841941441432 ], [ 30.382299705819445, -3.80274504644476 ] ] ], [ [ [ 30.365171803452967, -3.791071562151789 ], [ 30.361575520615123, -3.791085599719977 ], [ 30.361572029247519, -3.790182475097652 ], [ 30.360672957372358, -3.790185981317373 ], [ 30.360669467771874, -3.789282855835174 ], [ 30.359770395988367, -3.789286360283718 ], [ 30.359763421158153, -3.787480107577983 ], [ 30.36425876240785, -3.787462584381871 ], [ 30.364255271605828, -3.786559462186047 ], [ 30.366952463509577, -3.786548939590209 ], [ 30.366955957097357, -3.787452059269283 ], [ 30.367855020315805, -3.787448549032625 ], [ 30.367869006775273, -3.791061024170785 ], [ 30.366070872066118, -3.791068050425244 ], [ 30.366074368920124, -3.791971170833102 ], [ 30.365175299377277, -3.791974683398573 ], [ 30.365171803452967, -3.791071562151789 ] ] ], [ [ [ 30.354372465450329, -3.788404236011313 ], [ 30.347179828367061, -3.788432186512457 ], [ 30.347169408893016, -3.785722772246638 ], [ 30.348967567601928, -3.785715795227933 ], [ 30.348971041782569, -3.786618931669433 ], [ 30.349870120813513, -3.786615440926379 ], [ 30.349866645704438, -3.785712305319779 ], [ 30.35076572297201, -3.785708814479094 ], [ 30.350769199009523, -3.786611949250573 ], [ 30.35256735289585, -3.786604963100718 ], [ 30.352563875001479, -3.785701830000151 ], [ 30.354362023688545, -3.785694841791143 ], [ 30.354358544773383, -3.784791710340357 ], [ 30.356156688259894, -3.784784720074009 ], [ 30.356160169031433, -3.785687849852101 ], [ 30.357958311028348, -3.785680854183062 ], [ 30.357968763933687, -3.788390238364343 ], [ 30.355271541325813, -3.788400737999327 ], [ 30.355275024514267, -3.789303868525725 ], [ 30.354375947709698, -3.789307367373956 ], [ 30.354372465450329, -3.788404236011313 ] ] ], [ [ [ 30.358257163320722, -3.626726621287636 ], [ 30.35915607230281, -3.626723268470586 ], [ 30.359162749153988, -3.62852952886153 ], [ 30.35826383839337, -3.628532883352716 ], [ 30.358257163320722, -3.626726621287636 ] ] ], [ [ [ 30.352857030810192, -3.624940447246961 ], [ 30.351059203866026, -3.624947136140803 ], [ 30.351055876365191, -3.624043998345901 ], [ 30.34925804785955, -3.624050681998579 ], [ 30.349254722969949, -3.623147542512705 ], [ 30.352850373089538, -3.62313417497763 ], [ 30.352857030810192, -3.624940447246961 ] ] ], [ [ [ 30.414655410137915, -4.985651657520038 ], [ 30.416456314146743, -4.985642289364723 ], [ 30.416460986427886, -4.986545333613868 ], [ 30.417361438372755, -4.98654064683975 ], [ 30.417366112736556, -4.987443690206887 ], [ 30.418266565050182, -4.987439001350393 ], [ 30.418271241497084, -4.988342043835288 ], [ 30.41737078795742, -4.988346733544897 ], [ 30.417380140970391, -4.990152820133512 ], [ 30.416479684120901, -4.990157510319194 ], [ 30.416484360686287, -4.991060554422687 ], [ 30.41468344196349, -4.991069932808671 ], [ 30.414678767851548, -4.990166887000056 ], [ 30.412877848156551, -4.990176258760207 ], [ 30.412873177354054, -4.989273211218235 ], [ 30.411972717449018, -4.989277894401254 ], [ 30.411963380864254, -4.987471797526384 ], [ 30.411062922555868, -4.987476477776335 ], [ 30.411058256772918, -4.98657342844368 ], [ 30.410157798834895, -4.986578106612778 ], [ 30.410153135133079, -4.985675056399698 ], [ 30.40925267756543, -4.985679732488389 ], [ 30.409238695267064, -4.982970579121295 ], [ 30.408338240519974, -4.982975251428289 ], [ 30.408328925712095, -4.98116914733642 ], [ 30.411030280040322, -4.981155131836692 ], [ 30.411034940690417, -4.982058181343908 ], [ 30.411935391647049, -4.9820535062032 ], [ 30.411944717963312, -4.983859603427317 ], [ 30.413745622208634, -4.983850246053873 ], [ 30.413750289100651, -4.984753292918543 ], [ 30.414650741164365, -4.984748611536682 ], [ 30.414655410137915, -4.985651657520038 ] ] ], [ [ [ 30.433522509689421, -4.977425793334695 ], [ 30.434422933066937, -4.977421091776779 ], [ 30.434427622107123, -4.978324119187963 ], [ 30.436228468725009, -4.978314710676478 ], [ 30.436237854284382, -4.980120761981669 ], [ 30.432636147813124, -4.980139580953914 ], [ 30.432640836988888, -4.981042609991749 ], [ 30.427238244116225, -4.981070806758655 ], [ 30.42723356228543, -4.980167772584126 ], [ 30.42633312835461, -4.980172466892469 ], [ 30.426323769719179, -4.97836639674543 ], [ 30.425423337376792, -4.97837108811592 ], [ 30.42540930953794, -4.975661980111843 ], [ 30.426309738210463, -4.975657291306653 ], [ 30.426305062759383, -4.974754256102222 ], [ 30.427205489349834, -4.974749566925827 ], [ 30.427200813535379, -4.973846532547639 ], [ 30.429001661692478, -4.97383715222728 ], [ 30.429006339952135, -4.974740184894164 ], [ 30.430807187114794, -4.974730797957368 ], [ 30.430811868679989, -4.975633828882967 ], [ 30.431712292193694, -4.975629132718723 ], [ 30.431716975842278, -4.976532162758786 ], [ 30.433517822733752, -4.976522765037287 ], [ 30.433522509689421, -4.977425793334695 ] ] ], [ [ [ 30.428968937951854, -4.967515922745198 ], [ 30.428068522855032, -4.967520607528121 ], [ 30.428073193874461, -4.968423641254189 ], [ 30.425371939763963, -4.968437690821848 ], [ 30.425367272407641, -4.967534654529876 ], [ 30.424466853873621, -4.967539334414769 ], [ 30.424462188597083, -4.96663629723891 ], [ 30.425362605910287, -4.966631618208869 ], [ 30.425348611571945, -4.96392250907171 ], [ 30.426249024365084, -4.963917831382589 ], [ 30.426244360083608, -4.963014795800574 ], [ 30.427144770797671, -4.963010117743127 ], [ 30.427140106155665, -4.962107082987393 ], [ 30.428940922566053, -4.962097724913594 ], [ 30.428936256344521, -4.961194691840095 ], [ 30.432537873967807, -4.9611759644399 ], [ 30.432556563529317, -4.964788082859084 ], [ 30.431656155534956, -4.964792769970028 ], [ 30.431660828856852, -4.965695800358889 ], [ 30.430760418781638, -4.965700487102443 ], [ 30.430765091743506, -4.966603518318679 ], [ 30.42896426657126, -4.966612889845836 ], [ 30.428968937951854, -4.967515922745198 ] ] ], [ [ [ 30.401845113367187, -4.945982522180422 ], [ 30.402745524061107, -4.945977893291936 ], [ 30.40275014041077, -4.946880951582163 ], [ 30.401849728501052, -4.946885581319859 ], [ 30.401845113367187, -4.945982522180422 ] ] ], [ [ [ 30.398850513593757, -4.888200393880216 ], [ 30.395249161447413, -4.888218665544886 ], [ 30.395244610154254, -4.887315598603944 ], [ 30.393443931376375, -4.887324725511835 ], [ 30.3934393833363, -4.886421656848072 ], [ 30.392539043872386, -4.886426217647977 ], [ 30.392534497883698, -4.885523148108904 ], [ 30.393434836146806, -4.885518588155827 ], [ 30.393430289807899, -4.8846155194351 ], [ 30.394330626019851, -4.884610959124707 ], [ 30.394326079331169, -4.883707891222554 ], [ 30.396126746801762, -4.883698768684135 ], [ 30.396122198563646, -4.88279570244827 ], [ 30.401524173337762, -4.882768311029277 ], [ 30.401528728776437, -4.8836713721755 ], [ 30.402429056122788, -4.883666801877167 ], [ 30.402442731155983, -4.886375982597707 ], [ 30.401542400208065, -4.886380555443222 ], [ 30.401546959057146, -4.887283616475462 ], [ 30.398845957495681, -4.887297330330622 ], [ 30.398850513593757, -4.888200393880216 ] ] ], [ [ [ 30.408646737706178, -4.495310417339724 ], [ 30.41134620563173, -4.495297764588661 ], [ 30.411350410163465, -4.496200826429178 ], [ 30.410450587270699, -4.496205045971402 ], [ 30.410454791551594, -4.497108108636501 ], [ 30.409554966701837, -4.497112327921434 ], [ 30.409550763524969, -4.496209264405712 ], [ 30.408650938926499, -4.496213481732107 ], [ 30.408646737706178, -4.495310417339724 ] ] ], [ [ [ 30.406855487037006, -4.497124979127372 ], [ 30.405055829666395, -4.497133407723894 ], [ 30.405047435204704, -4.495327272166672 ], [ 30.405947262108057, -4.495323060121502 ], [ 30.405943065051027, -4.494419993153023 ], [ 30.406842889998934, -4.494415780849863 ], [ 30.406855487037006, -4.497124979127372 ] ] ], [ [ [ 30.419343672682817, -4.473586438501055 ], [ 30.42024345950718, -4.473582229206351 ], [ 30.420247654547975, -4.474485283155405 ], [ 30.419347866625241, -4.474489493303141 ], [ 30.419343672682817, -4.473586438501055 ] ] ], [ [ [ 30.422951212375331, -4.47537569745972 ], [ 30.422947013183478, -4.474472646097261 ], [ 30.422047227827317, -4.47447685955246 ], [ 30.422038834208013, -4.472670755041657 ], [ 30.422938617367691, -4.472666543293855 ], [ 30.422934420743744, -4.471763491852916 ], [ 30.424733982299177, -4.471755066759287 ], [ 30.424738181118929, -4.472658116492163 ], [ 30.425637961710041, -4.472653901438284 ], [ 30.425642162484319, -4.473556950290632 ], [ 30.424742380795085, -4.47356116619888 ], [ 30.424746581327661, -4.474464215879435 ], [ 30.42384679768367, -4.474468431539584 ], [ 30.423850997974089, -4.475371482048118 ], [ 30.422951212375331, -4.47537569745972 ] ] ], [ [ [ 30.400464640798578, -4.477286869556042 ], [ 30.400439612994905, -4.471868433649751 ], [ 30.399539809607003, -4.471872616996981 ], [ 30.399527310477847, -4.469163396147102 ], [ 30.403126505755413, -4.469146666327897 ], [ 30.403130675671104, -4.47004973657685 ], [ 30.405830066486434, -4.47003717510162 ], [ 30.405850945300482, -4.474552513216425 ], [ 30.404951143723395, -4.47455670572356 ], [ 30.404959499013419, -4.476362842485548 ], [ 30.404059694387254, -4.476367035588573 ], [ 30.404063872210383, -4.477270104779605 ], [ 30.400464640798578, -4.477286869556042 ] ] ], [ [ [ 30.43545980716776, -4.456352748729605 ], [ 30.436359557737809, -4.456348535878412 ], [ 30.43636795556565, -4.458154613958361 ], [ 30.435468202807332, -4.458158828523581 ], [ 30.43545980716776, -4.456352748729605 ] ] ], [ [ [ 30.406663175067447, -4.455583912985686 ], [ 30.407562951920564, -4.455579736120941 ], [ 30.407567114541465, -4.456482802513606 ], [ 30.406667336594374, -4.456486980228212 ], [ 30.406663175067447, -4.455583912985686 ] ] ], [ [ [ 30.438430131690705, -4.319074045320352 ], [ 30.437530547385961, -4.319078131120598 ], [ 30.437534617446708, -4.319981172364745 ], [ 30.435735444140743, -4.319989342487387 ], [ 30.435739512939939, -4.320892385420338 ], [ 30.433940334079679, -4.32090055299933 ], [ 30.433944401616412, -4.321803597620193 ], [ 30.433044809838684, -4.32180768066929 ], [ 30.433040743362422, -4.320904635192158 ], [ 30.43214115178737, -4.320908716320532 ], [ 30.43213708722914, -4.320005669962057 ], [ 30.431237495856777, -4.320009749170152 ], [ 30.431229371432838, -4.318203654665712 ], [ 30.432128960685365, -4.318199577169256 ], [ 30.432120837571794, -4.316393484275351 ], [ 30.433020423847839, -4.316389407427186 ], [ 30.433016362518238, -4.315486361798367 ], [ 30.433915946877388, -4.315482284743125 ], [ 30.433911885346639, -4.314579239945298 ], [ 30.437510209965605, -4.314562924520561 ], [ 30.43751427573191, -4.315465965891124 ], [ 30.43841385579891, -4.315461883520391 ], [ 30.43841792348319, -4.316364924008306 ], [ 30.439317503750178, -4.316360839716893 ], [ 30.439325643814939, -4.318166918901673 ], [ 30.43842606142908, -4.31817100490829 ], [ 30.438430131690705, -4.319074045320352 ] ] ], [ [ [ 30.421995925218972, -4.264964033763667 ], [ 30.422895460899021, -4.264960017263533 ], [ 30.422899462688811, -4.265863073701892 ], [ 30.421999925962105, -4.265867091055498 ], [ 30.421995925218972, -4.264964033763667 ] ] ], [ [ [ 30.419130184935756, -4.227047540766423 ], [ 30.42002967942101, -4.227043563234331 ], [ 30.420037605817797, -4.228849683291831 ], [ 30.421836596375208, -4.228841721691505 ], [ 30.42184453033996, -4.230647838237828 ], [ 30.422744026412534, -4.230643854168256 ], [ 30.422747995714989, -4.231546911550899 ], [ 30.424546987371734, -4.231538938577741 ], [ 30.424543015992963, -4.230635882902567 ], [ 30.427241493948447, -4.230623918187753 ], [ 30.427249443790814, -4.232430024387577 ], [ 30.428148936807531, -4.232426032355502 ], [ 30.428156892151137, -4.234232136746769 ], [ 30.426357901106954, -4.234240123186849 ], [ 30.426361877984984, -4.235143177054589 ], [ 30.425462380140122, -4.235147169564349 ], [ 30.425470334384688, -4.236953278934089 ], [ 30.423671331971065, -4.236961264239629 ], [ 30.42367530829722, -4.23786432059526 ], [ 30.42277580476793, -4.23786831253606 ], [ 30.422779780909238, -4.238771369720541 ], [ 30.421880275485119, -4.23877536147079 ], [ 30.421884251441121, -4.239678419483892 ], [ 30.420984744122173, -4.239682411043137 ], [ 30.420988719892424, -4.240585469884639 ], [ 30.416491165283492, -4.240605416277037 ], [ 30.416475288130769, -4.236993163711798 ], [ 30.418274304215135, -4.236985195106334 ], [ 30.418270334981155, -4.236082133607452 ], [ 30.417370828405268, -4.236086117579776 ], [ 30.417366861064345, -4.235183055203831 ], [ 30.416467354674246, -4.235187037280532 ], [ 30.416463389225925, -4.234283974027757 ], [ 30.41556388302163, -4.234287954209279 ], [ 30.415559919465473, -4.233384890079907 ], [ 30.412861398851728, -4.233396821811575 ], [ 30.412845565617499, -4.229784554829942 ], [ 30.413745069188128, -4.229780582033631 ], [ 30.413717386584615, -4.223459119822328 ], [ 30.412817890273658, -4.223463086660527 ], [ 30.412809990703661, -4.2216569526756 ], [ 30.413709484942437, -4.221652987539702 ], [ 30.413705535400172, -4.220749921361373 ], [ 30.416404009893068, -4.220738022268485 ], [ 30.416407962542568, -4.221641085892031 ], [ 30.417307453369805, -4.221637116596167 ], [ 30.417311407908485, -4.222540179342989 ], [ 30.418210898918229, -4.222536208154879 ], [ 30.418214855346534, -4.223439270024745 ], [ 30.419114346538784, -4.223435296943947 ], [ 30.419130184935756, -4.227047540766423 ] ] ], [ [ [ 30.409255449420943, -4.23160657594017 ], [ 30.408355939514443, -4.231610545226472 ], [ 30.408348034983263, -4.229804403181214 ], [ 30.406549016769237, -4.229812335227495 ], [ 30.406541119793815, -4.228006189684541 ], [ 30.410139144515398, -4.227990328223317 ], [ 30.410143096727992, -4.228893397607406 ], [ 30.411042601817282, -4.228889428787642 ], [ 30.411046555919349, -4.229792497296525 ], [ 30.410147049792275, -4.229796466966784 ], [ 30.410151003708261, -4.230699536301447 ], [ 30.409251495691482, -4.230703505779952 ], [ 30.409255449420943, -4.23160657594017 ] ] ], [ [ [ 30.422684589453084, -4.217097990461867 ], [ 30.423584069125248, -4.217094018154246 ], [ 30.423588026640509, -4.21799707505395 ], [ 30.422688545933543, -4.218001048215166 ], [ 30.422684589453084, -4.217097990461867 ] ] ], [ [ [ 30.411867120298883, -4.211727168731282 ], [ 30.408269176940482, -4.211742977299016 ], [ 30.408261309862251, -4.209936834168758 ], [ 30.409160794912726, -4.209932885283191 ], [ 30.409156861617454, -4.209029814531172 ], [ 30.411855308561179, -4.209017964203124 ], [ 30.411867120298883, -4.211727168731282 ] ] ], [ [ [ 30.429817083225217, -4.202617364868081 ], [ 30.428917626068603, -4.202621330765126 ], [ 30.428913676901473, -4.20171827857282 ], [ 30.427114762081693, -4.201726205551639 ], [ 30.427110815832322, -4.20082315162516 ], [ 30.432507543830461, -4.200799363400094 ], [ 30.432511496264322, -4.201702412195156 ], [ 30.431612042708757, -4.201706380342062 ], [ 30.431615994968794, -4.202609429968322 ], [ 30.430716539525349, -4.20261339793581 ], [ 30.430720491611122, -4.203516448393043 ], [ 30.42982103427979, -4.203520416180664 ], [ 30.429817083225217, -4.202617364868081 ] ] ], [ [ [ 30.437004793593175, -4.200779511423191 ], [ 30.437904240971864, -4.200775537923577 ], [ 30.437912159066681, -4.202581625210191 ], [ 30.437012709626355, -4.202585600424073 ], [ 30.437004793593175, -4.200779511423191 ] ] ], [ [ [ 30.451735714849903, -4.07157829284094 ], [ 30.450836426312904, -4.071582159834254 ], [ 30.450840277199351, -4.072485194075149 ], [ 30.4490416955448, -4.072492926773728 ], [ 30.449045545294553, -4.073395962710949 ], [ 30.44814625217721, -4.073399828415539 ], [ 30.448150101788521, -4.074302865188646 ], [ 30.446351510974328, -4.074310595307066 ], [ 30.446355359447377, -4.075213633775162 ], [ 30.444556763194289, -4.075221361597794 ], [ 30.444564458721633, -4.077027441898295 ], [ 30.443665157306143, -4.077031306021424 ], [ 30.443669005359151, -4.077934346994493 ], [ 30.442769702084224, -4.077938210971936 ], [ 30.442773549996325, -4.078841252779545 ], [ 30.441874244861943, -4.078845116610855 ], [ 30.441878092632699, -4.079748159252782 ], [ 30.440978785638851, -4.079752022937506 ], [ 30.440982633267804, -4.080655066413525 ], [ 30.440083324414498, -4.080658929951216 ], [ 30.440087171901204, -4.081561974261102 ], [ 30.439187861188408, -4.08156583765131 ], [ 30.439191708532423, -4.082468882794839 ], [ 30.438292395960143, -4.082472746037117 ], [ 30.43829624316102, -4.083375792014063 ], [ 30.435598297292376, -4.083387378278584 ], [ 30.43560214234634, -4.084290426802283 ], [ 30.434702824340025, -4.084294287735447 ], [ 30.434706669249497, -4.085197337091671 ], [ 30.433807349384097, -4.085201197875099 ], [ 30.433815039770145, -4.08700729822822 ], [ 30.432915717043308, -4.08701115971747 ], [ 30.432919562519217, -4.08791421071414 ], [ 30.427523602158754, -4.087937363641427 ], [ 30.427527442474531, -4.088840419745523 ], [ 30.424829447734698, -4.088851985178892 ], [ 30.424825610427423, -4.087948926512126 ], [ 30.423026944999116, -4.087956630058081 ], [ 30.423023110551824, -4.087053569660064 ], [ 30.420325109010594, -4.087065114867817 ], [ 30.420328940449984, -4.087968177825149 ], [ 30.416731589101413, -4.087983560750901 ], [ 30.416727761672632, -4.08708049438427 ], [ 30.415828422705761, -4.087084336746587 ], [ 30.415824597132151, -4.086181269504291 ], [ 30.416723935096577, -4.086177427993739 ], [ 30.416716284502648, -4.084371295141001 ], [ 30.417615619610157, -4.084367454327919 ], [ 30.417611794590492, -4.083464388717704 ], [ 30.419410460242958, -4.083456705778035 ], [ 30.419406634073162, -4.082553641848572 ], [ 30.421205294309061, -4.08254595659116 ], [ 30.421201466990038, -4.081642894343336 ], [ 30.423000121808059, -4.081635206770001 ], [ 30.42299629334072, -4.080732146204713 ], [ 30.423895618467387, -4.080728301763555 ], [ 30.42389178985346, -4.079825242027927 ], [ 30.424791113124815, -4.079821397435406 ], [ 30.424779629408725, -4.077112220646582 ], [ 30.425678948824231, -4.077108377611107 ], [ 30.425667469801194, -4.074399203169484 ], [ 30.426566785362663, -4.07439536169238 ], [ 30.426562959732188, -4.073492304351672 ], [ 30.427462273439282, -4.073488462725439 ], [ 30.427458447664893, -4.072585406215306 ], [ 30.429257070514797, -4.072577721662388 ], [ 30.429260898287243, -4.073480776463021 ], [ 30.431059519712054, -4.073473086187362 ], [ 30.431071014160892, -4.076182245314965 ], [ 30.430171700878109, -4.076186093520381 ], [ 30.43017553307363, -4.077089147370507 ], [ 30.429276217934913, -4.077092995427041 ], [ 30.429280049986328, -4.077996050108391 ], [ 30.430179366125181, -4.077992201196762 ], [ 30.430183200032761, -4.078895254999146 ], [ 30.431082516315943, -4.078891404227776 ], [ 30.431086352080136, -4.079794457150959 ], [ 30.431985668507629, -4.079790604519406 ], [ 30.43198183174286, -4.07888755245177 ], [ 30.43378046002702, -4.078879845885856 ], [ 30.433776622118053, -4.077976795506088 ], [ 30.435575244973833, -4.077969086634322 ], [ 30.435571405921568, -4.077066037943315 ], [ 30.436470715063411, -4.077062182857495 ], [ 30.436466875868639, -4.076159134999264 ], [ 30.437366183153017, -4.07615527976616 ], [ 30.437362343816176, -4.075252232740926 ], [ 30.438261649243099, -4.075248377360983 ], [ 30.438257809764643, -4.074345331168974 ], [ 30.440056416045351, -4.074337619112827 ], [ 30.440052575426531, -4.073434574611808 ], [ 30.440951876280106, -4.073430717936282 ], [ 30.440948035520794, -4.072527674269158 ], [ 30.441847334516723, -4.07252381744837 ], [ 30.441843493617359, -4.071620774615365 ], [ 30.442742790755656, -4.071616917649762 ], [ 30.442738949716684, -4.070713875651102 ], [ 30.443638244997356, -4.070710018541136 ], [ 30.443630563500435, -4.068903936189097 ], [ 30.444529855925442, -4.068900079793863 ], [ 30.44452601546816, -4.067997039440713 ], [ 30.445425306035787, -4.067993182902235 ], [ 30.445417625704902, -4.066187103842137 ], [ 30.447216200270685, -4.066179391196332 ], [ 30.447212359400606, -4.065276353348922 ], [ 30.449910211805733, -4.065264779448767 ], [ 30.449906368805134, -4.064361744156783 ], [ 30.450805650221813, -4.064357885047873 ], [ 30.450809494219314, -4.065260919479657 ], [ 30.451708775771788, -4.065257058509359 ], [ 30.451716468344557, -4.067063125580541 ], [ 30.452615751030162, -4.067059261887761 ], [ 30.452631150503322, -4.070671392301202 ], [ 30.451731863826133, -4.070675259436602 ], [ 30.451735714849903, -4.07157829284094 ] ] ], [ [ [ 30.409358253133728, -4.045569813331919 ], [ 30.410257552180877, -4.045566017124254 ], [ 30.410272682331893, -4.049178310652992 ], [ 30.40937337931372, -4.049182110261153 ], [ 30.409384732881513, -4.051891332709621 ], [ 30.408485426031959, -4.051895133870115 ], [ 30.408489211262076, -4.052798208822163 ], [ 30.407589902567999, -4.052802009834283 ], [ 30.407597473591203, -4.054608161366704 ], [ 30.411194711217973, -4.05459294452833 ], [ 30.411198501983691, -4.055496016858893 ], [ 30.412997117679943, -4.055488400745983 ], [ 30.413016094230116, -4.060003753536098 ], [ 30.412116781831159, -4.060007566346092 ], [ 30.412135774691546, -4.064522922796959 ], [ 30.413035092072636, -4.064519105732847 ], [ 30.413038894196276, -4.065422176100936 ], [ 30.413938211722755, -4.06541835718461 ], [ 30.413945820520055, -4.067224496147375 ], [ 30.414845139189431, -4.06722067452711 ], [ 30.414848945863771, -4.068123743121546 ], [ 30.416647582641268, -4.068116095172323 ], [ 30.416659013766591, -4.070825295703185 ], [ 30.415759692809459, -4.07082912273401 ], [ 30.415767315825374, -4.072635258005707 ], [ 30.414867992018305, -4.072639085736842 ], [ 30.414871803805813, -4.073542154188487 ], [ 30.413073151637079, -4.07354980834363 ], [ 30.413076962278147, -4.074452878473823 ], [ 30.412177633916684, -4.074456704897151 ], [ 30.412181444409971, -4.075359775854372 ], [ 30.411282114197405, -4.075363602124703 ], [ 30.411278304703686, -4.074460530316857 ], [ 30.40947964372393, -4.074468178145382 ], [ 30.409487259563992, -4.076274325138423 ], [ 30.408587925798322, -4.076278149247146 ], [ 30.408595543041663, -4.078084297844821 ], [ 30.407696206425058, -4.078088122648932 ], [ 30.407700015322259, -4.078991197761766 ], [ 30.405901337536967, -4.078998846055179 ], [ 30.405905145283217, -4.079901922842993 ], [ 30.403207119228654, -4.079913390293861 ], [ 30.403210924822105, -4.080816469604394 ], [ 30.402311580103991, -4.080820290926411 ], [ 30.402307775511492, -4.079917210767475 ], [ 30.400509085530032, -4.079924848699652 ], [ 30.400505283788107, -4.07902176682075 ], [ 30.399605938524999, -4.079025583431574 ], [ 30.399598339587943, -4.077219417906854 ], [ 30.397799650518266, -4.077227044724501 ], [ 30.397792058974794, -4.075420875714983 ], [ 30.396892715167802, -4.075424685923143 ], [ 30.396866178469406, -4.069103087711276 ], [ 30.39596684080745, -4.069106890987725 ], [ 30.395963054239527, -4.068203804587007 ], [ 30.393265039163811, -4.068215205863011 ], [ 30.393268822737475, -4.069118294802846 ], [ 30.392369481686867, -4.069122094069796 ], [ 30.39237326510904, -4.070025183831812 ], [ 30.391473922213507, -4.07002898294208 ], [ 30.39147013978965, -4.069125892334358 ], [ 30.389671453456309, -4.069133485856304 ], [ 30.389667673875053, -4.068230393534102 ], [ 30.390567016466694, -4.068226598119583 ], [ 30.390559457846408, -4.066420415094487 ], [ 30.389660117250319, -4.066424208818495 ], [ 30.389645014151835, -4.062811839102634 ], [ 30.390544350759523, -4.06280804875962 ], [ 30.390533029328672, -4.060098773759546 ], [ 30.391432362101284, -4.060094984952094 ], [ 30.391428588987356, -4.059191894083479 ], [ 30.392327919917768, -4.059188105121553 ], [ 30.392324146654527, -4.058285015074936 ], [ 30.393223475742747, -4.058281225958985 ], [ 30.393219702330644, -4.05737813673459 ], [ 30.395018355975733, -4.057370557196061 ], [ 30.395014581420025, -4.05646746964046 ], [ 30.395913905976691, -4.056463679218559 ], [ 30.395910131273236, -4.055560592485854 ], [ 30.397708775854149, -4.055553010338135 ], [ 30.39770122501108, -4.053746840189317 ], [ 30.398600544040626, -4.053743049311412 ], [ 30.398577905897749, -4.048324543380502 ], [ 30.399477218116974, -4.04832075658876 ], [ 30.399465907516301, -4.045611505846465 ], [ 30.400365215909154, -4.045607720600514 ], [ 30.400357677765779, -4.043801555016186 ], [ 30.402156288037258, -4.043793984926654 ], [ 30.402148749321082, -4.041987822639848 ], [ 30.403048051200184, -4.041984037797608 ], [ 30.403044282124135, -4.041080957467119 ], [ 30.405742179691682, -4.041069599512928 ], [ 30.405745951741725, -4.041972677297096 ], [ 30.406645250222915, -4.04196888847234 ], [ 30.40665279885577, -4.043775042271383 ], [ 30.407552098470227, -4.04377125075212 ], [ 30.407555875053713, -4.044674326766753 ], [ 30.409354473715556, -4.044666739040488 ], [ 30.409358253133728, -4.045569813331919 ] ], [ [ 30.406774039432189, -4.072673490174213 ], [ 30.406781645873291, -4.074479642360882 ], [ 30.407680979340675, -4.07447582195936 ], [ 30.407665765863161, -4.070863520888865 ], [ 30.404967774898971, -4.070874968891088 ], [ 30.404975373944055, -4.072681124569612 ], [ 30.406774039432189, -4.072673490174213 ] ] ], [ [ [ 30.400323798119992, -4.03567380871839 ], [ 30.399424500629603, -4.035677584640127 ], [ 30.399432021520319, -4.037483752344484 ], [ 30.398532721201445, -4.037487528966977 ], [ 30.398536481928666, -4.038390613631222 ], [ 30.397637179771323, -4.038394390106377 ], [ 30.397644701788192, -4.040200561058534 ], [ 30.396745396801432, -4.040204338232886 ], [ 30.396749158090412, -4.041107424520574 ], [ 30.395849851264931, -4.041111201546466 ], [ 30.395857374402642, -4.042917375744589 ], [ 30.394958064746824, -4.042921153468118 ], [ 30.394961826594894, -4.043824241378329 ], [ 30.39406251510011, -4.04382801895228 ], [ 30.394066276803269, -4.04473110768521 ], [ 30.393166963469508, -4.044734885109133 ], [ 30.393170725027307, -4.045637974664558 ], [ 30.392271409854555, -4.045641751938003 ], [ 30.392275171266554, -4.0465448423157 ], [ 30.391375854254804, -4.04654861943822 ], [ 30.391379615520545, -4.047451710637963 ], [ 30.390480296669789, -4.047455487609107 ], [ 30.390484057788839, -4.04835857963067 ], [ 30.386886769955687, -4.048373680924328 ], [ 30.386879256506568, -4.046567490098547 ], [ 30.387778577747401, -4.046563717960133 ], [ 30.387774821298027, -4.045660623356376 ], [ 30.388674140700957, -4.045656851065898 ], [ 30.388670384104636, -4.044753757283305 ], [ 30.389569701669675, -4.044749984841212 ], [ 30.389558433978621, -4.042040705886824 ], [ 30.390457747722294, -4.042036934983974 ], [ 30.390453992525462, -4.04113384279721 ], [ 30.391353304431707, -4.041130071744086 ], [ 30.391345794593942, -4.039323888990671 ], [ 30.392245103671829, -4.039320118633368 ], [ 30.392233842290359, -4.036610846863404 ], [ 30.393133147550291, -4.036607078048677 ], [ 30.393129394459294, -4.03570398825743 ], [ 30.394028697882522, -4.035700219294439 ], [ 30.394024944648354, -4.034797130325723 ], [ 30.394924246234876, -4.034793361214918 ], [ 30.394920492857985, -4.033890273068955 ], [ 30.395819792607821, -4.033886503810786 ], [ 30.395812286416788, -4.032080329141281 ], [ 30.394912988645469, -4.032084096706401 ], [ 30.394909237809841, -4.031181008489818 ], [ 30.393110641704038, -4.031188538948008 ], [ 30.393095654739227, -4.027576179076956 ], [ 30.394894242938054, -4.027568655388231 ], [ 30.394890496337773, -4.026665567054048 ], [ 30.396689079172749, -4.026658041090144 ], [ 30.396685331444363, -4.025754954425705 ], [ 30.399383196377308, -4.025743660582345 ], [ 30.399390698607675, -4.027549828804626 ], [ 30.400289987197961, -4.027546060511635 ], [ 30.400312520176847, -4.032964559528057 ], [ 30.401211813850093, -4.032960785155832 ], [ 30.40121933360933, -4.034766949610551 ], [ 30.400320037957176, -4.034770725678507 ], [ 30.400323798119992, -4.03567380871839 ] ] ], [ [ [ 30.401159270582244, -4.02031763133717 ], [ 30.402058549579568, -4.020313867844579 ], [ 30.402069797808451, -4.02302311293515 ], [ 30.401170515851824, -4.023026878971936 ], [ 30.401159270582244, -4.02031763133717 ] ] ], [ [ [ 30.435282146260075, -4.008434267939644 ], [ 30.433483676114328, -4.008441844948551 ], [ 30.433472365435115, -4.005732688198026 ], [ 30.434371597988303, -4.005728902755387 ], [ 30.434367828492753, -4.00482585131435 ], [ 30.437065518064053, -4.004814491636699 ], [ 30.437069290506322, -4.005717540508202 ], [ 30.437968519631067, -4.005713751119401 ], [ 30.437976069053061, -4.007519847078081 ], [ 30.436177606015846, -4.007527428296545 ], [ 30.436185154936485, -4.009333527588715 ], [ 30.435285920165878, -4.009337318430506 ], [ 30.435282146260075, -4.008434267939644 ] ] ], [ [ [ 30.419689854267297, -3.934447135890235 ], [ 30.417891514783779, -3.934454539552378 ], [ 30.41789520009748, -3.935357608179751 ], [ 30.416096855274542, -3.935365009669465 ], [ 30.416100539510349, -3.936268079977421 ], [ 30.415201364855694, -3.93627178011989 ], [ 30.415197681585038, -3.935368708960467 ], [ 30.414298507043814, -3.935372407282225 ], [ 30.41429482558982, -3.934469335248547 ], [ 30.413395651162027, -3.934473031750039 ], [ 30.413384614802514, -3.931763812957938 ], [ 30.414283786336821, -3.931760119009492 ], [ 30.414280108288803, -3.930857046883816 ], [ 30.415179278007589, -3.930853352818251 ], [ 30.415175599847235, -3.929950281520825 ], [ 30.419671430842111, -3.929931800930678 ], [ 30.419675113821501, -3.930834867968593 ], [ 30.420574278426713, -3.930831168094326 ], [ 30.420577963222932, -3.931734234256671 ], [ 30.42147712793912, -3.931730532561507 ], [ 30.4214845020194, -3.933536663111584 ], [ 30.419686167876598, -3.933544068944337 ], [ 30.419689854267297, -3.934447135890235 ] ] ], [ [ [ 30.430465032734119, -3.930790405583748 ], [ 30.429565877524656, -3.930794116106873 ], [ 30.429576963398866, -3.933503288910829 ], [ 30.430476121500892, -3.933499575822618 ], [ 30.430483518289627, -3.935305689200039 ], [ 30.425088545275496, -3.935327963452058 ], [ 30.425084852242588, -3.934424901648006 ], [ 30.424185688047515, -3.934428609777498 ], [ 30.42418199683344, -3.933525547096724 ], [ 30.42238366781099, -3.933532958742057 ], [ 30.422376291802028, -3.931726829898024 ], [ 30.423275454811446, -3.931723126266228 ], [ 30.423268080288675, -3.929916999036652 ], [ 30.424167240516603, -3.929913296143474 ], [ 30.424159867481798, -3.92810717052883 ], [ 30.423260709180745, -3.928110871715085 ], [ 30.423253341487605, -3.926304744301566 ], [ 30.42235418425885, -3.926308442813935 ], [ 30.422343142009126, -3.923599248961652 ], [ 30.423242296350566, -3.923595553008976 ], [ 30.423238616345579, -3.922692489198849 ], [ 30.424137768871347, -3.922688793133319 ], [ 30.424134088758265, -3.921785730153685 ], [ 30.426831538326052, -3.921774638722349 ], [ 30.426827856182257, -3.92087157828144 ], [ 30.428626149698641, -3.920864180873584 ], [ 30.428622466486807, -3.91996112211862 ], [ 30.42952161100132, -3.919957422821065 ], [ 30.429525295174443, -3.920860480721244 ], [ 30.430424439795022, -3.920856779603305 ], [ 30.430431812630196, -3.922662893624771 ], [ 30.431330958318554, -3.922659189830769 ], [ 30.431342026873782, -3.925368358124973 ], [ 30.430442878298891, -3.925372064484683 ], [ 30.430465032734119, -3.930790405583748 ] ] ], [ [ [ 30.396208979104401, -3.90925657952344 ], [ 30.395309814623722, -3.909260232940589 ], [ 30.39532436962493, -3.912872594801224 ], [ 30.394425200461075, -3.912876250640652 ], [ 30.394428840368455, -3.913779341895005 ], [ 30.39352966939844, -3.913782997616731 ], [ 30.393533309192392, -3.914686089694309 ], [ 30.392634136416206, -3.914689745297883 ], [ 30.392637776096294, -3.915592838198459 ], [ 30.390839426085726, -3.915600148203959 ], [ 30.390835788325923, -3.914697053612355 ], [ 30.389936613012274, -3.91470070632324 ], [ 30.389925707685524, -3.911991419875843 ], [ 30.389026534405609, -3.911995069087628 ], [ 30.389015639564214, -3.909285779899926 ], [ 30.388116468316287, -3.909289425613962 ], [ 30.388101957525855, -3.905677036332151 ], [ 30.39079945723498, -3.905666106440643 ], [ 30.390795828776497, -3.904763011598022 ], [ 30.392594155773157, -3.904755721884649 ], [ 30.392590526245296, -3.903852628710226 ], [ 30.393489687517285, -3.903848983256708 ], [ 30.393496949334128, -3.905655167891102 ], [ 30.394396111675032, -3.905651519783935 ], [ 30.394399744810681, -3.906554611220882 ], [ 30.395298907263033, -3.906550961305453 ], [ 30.395306177990143, -3.90835714241836 ], [ 30.396205341512267, -3.908353489847717 ], [ 30.396208979104401, -3.90925657952344 ] ] ], [ [ [ 30.426677624006967, -3.883846080502606 ], [ 30.425778515197401, -3.883849742740873 ], [ 30.425785808368254, -3.885655867181498 ], [ 30.424886696799543, -3.885659530170936 ], [ 30.424890343713372, -3.886562593210958 ], [ 30.42399123033789, -3.886566256097071 ], [ 30.423994877152595, -3.887469319967948 ], [ 30.422196645934587, -3.88747664457525 ], [ 30.422193001026006, -3.886573578997834 ], [ 30.421293885090058, -3.886577239012477 ], [ 30.421290241987602, -3.885674172559385 ], [ 30.420391126151458, -3.885677830764152 ], [ 30.420387484854665, -3.884774763435618 ], [ 30.419488369118341, -3.884778419830951 ], [ 30.419484729626781, -3.883875351627203 ], [ 30.420383844410694, -3.883871696084353 ], [ 30.420376566081174, -3.882065561313655 ], [ 30.421275678108131, -3.88206190651971 ], [ 30.42126840128655, -3.880255773363557 ], [ 30.420369291162846, -3.880259426452103 ], [ 30.420358385181274, -3.877550223989513 ], [ 30.421257492451769, -3.877546573459054 ], [ 30.421253857879517, -3.876643506778835 ], [ 30.422152963346395, -3.876639856146356 ], [ 30.422156598869265, -3.877542921973659 ], [ 30.423055704433541, -3.877539269533333 ], [ 30.423059341760474, -3.878442334484808 ], [ 30.42395844742213, -3.878438680236191 ], [ 30.423962086553576, -3.879341744311601 ], [ 30.426659401268758, -3.87933077327347 ], [ 30.426677624006967, -3.883846080502606 ] ] ], [ [ [ 30.43114761608015, -3.877506354599239 ], [ 30.430248518204923, -3.877510015633742 ], [ 30.430252163138391, -3.878413073752068 ], [ 30.429353063457139, -3.878416734686606 ], [ 30.42934941947447, -3.877513675713357 ], [ 30.428450319889002, -3.877517334838075 ], [ 30.428446677711921, -3.876614274987422 ], [ 30.427547578222264, -3.876617932302764 ], [ 30.427543937850327, -3.875714871574939 ], [ 30.426644838456479, -3.875718527081348 ], [ 30.426630289313469, -3.872106280526201 ], [ 30.427529384908077, -3.872102628436781 ], [ 30.427525748808861, -3.871199567595555 ], [ 30.430223027616847, -3.871188608169984 ], [ 30.430226666563794, -3.872091666447143 ], [ 30.431125758738926, -3.872088010543487 ], [ 30.43112939949053, -3.872991067942835 ], [ 30.432028491759688, -3.872987410230271 ], [ 30.432039421996826, -3.87569657972611 ], [ 30.431140326877969, -3.875700240004764 ], [ 30.43114761608015, -3.877506354599239 ] ] ], [ [ [ 30.415786808646246, -3.858603949909607 ], [ 30.418484080936977, -3.858593063439908 ], [ 30.418494927517788, -3.861302272442771 ], [ 30.417595834766953, -3.861305904772246 ], [ 30.41759945105154, -3.862208975246689 ], [ 30.416700356501831, -3.862212607476997 ], [ 30.416696741164095, -3.861309536150782 ], [ 30.415797646709429, -3.861313166578376 ], [ 30.415786808646246, -3.858603949909607 ] ] ], [ [ [ 30.390268137540627, -3.771104726464335 ], [ 30.389369112052403, -3.771108244813299 ], [ 30.389358609798144, -3.768398947672089 ], [ 30.388459586237943, -3.76840246255823 ], [ 30.388456088099641, -3.767499362622486 ], [ 30.387557064618804, -3.767502875736064 ], [ 30.38755356824851, -3.766599774933876 ], [ 30.386654544847033, -3.766603286275332 ], [ 30.386651050244293, -3.765700184606935 ], [ 30.387550072722416, -3.765696674109708 ], [ 30.387546578040531, -3.764793573263568 ], [ 30.389344618617702, -3.764786551175924 ], [ 30.389348115145836, -3.765689650332936 ], [ 30.390247135090686, -3.7656861370534 ], [ 30.390261133344438, -3.769298530082011 ], [ 30.39116015613909, -3.769295012494541 ], [ 30.391163658738964, -3.770198109851576 ], [ 30.390264635020088, -3.770201628284176 ], [ 30.390268137540627, -3.771104726464335 ] ] ], [ [ [ 30.392017201734323, -3.758454334123785 ], [ 30.391118190858062, -3.758457842495464 ], [ 30.391121683316879, -3.759360940116177 ], [ 30.39022267067401, -3.759364448407327 ], [ 30.39022616305612, -3.760267546851207 ], [ 30.38752911729399, -3.76027806870343 ], [ 30.387508192255936, -3.754859462507209 ], [ 30.388407202827075, -3.754855961215863 ], [ 30.388403717354834, -3.753952860950872 ], [ 30.389302726161155, -3.753949359579421 ], [ 30.389299240613067, -3.753046260137176 ], [ 30.391097253851271, -3.753039256310653 ], [ 30.391100741239786, -3.753942354062922 ], [ 30.391999747511662, -3.753938849917882 ], [ 30.392003236665651, -3.754841946802913 ], [ 30.392902243012689, -3.754838440887804 ], [ 30.392912718308899, -3.757547728874703 ], [ 30.392013709199244, -3.757551237326465 ], [ 30.392017201734323, -3.758454334123785 ] ] ], [ [ [ 30.439631721669148, -3.750139600073984 ], [ 30.440530678299289, -3.750136049440465 ], [ 30.440534213721026, -3.751039100434787 ], [ 30.439635256171577, -3.751042651925666 ], [ 30.439631721669148, -3.750139600073984 ] ] ], [ [ [ 30.3945577782616, -3.717804540109101 ], [ 30.396355709927029, -3.717797591201956 ], [ 30.396352250868858, -3.716894497652375 ], [ 30.397251214521109, -3.716891022672027 ], [ 30.397247755398094, -3.715987929947334 ], [ 30.398146717292885, -3.715984454898451 ], [ 30.39815017732694, -3.716887546776328 ], [ 30.399049139286117, -3.716884069965281 ], [ 30.399056063716905, -3.718690251961815 ], [ 30.398157099934988, -3.718693730466946 ], [ 30.398160562508988, -3.719596822279677 ], [ 30.394564695270137, -3.719610730528171 ], [ 30.3945577782616, -3.717804540109101 ] ] ], [ [ [ 30.411589425901031, -3.70509526787278 ], [ 30.410690487643596, -3.705098746446274 ], [ 30.410693950234865, -3.706001826705699 ], [ 30.409795010219408, -3.706005305216723 ], [ 30.409798472751874, -3.706908386304397 ], [ 30.408899530978395, -3.706911864752501 ], [ 30.408902993451598, -3.707814946668201 ], [ 30.408004049920091, -3.707818425052938 ], [ 30.408007512333587, -3.708721507796438 ], [ 30.407108567044041, -3.708724986117358 ], [ 30.407112029397393, -3.709628069688433 ], [ 30.404415185708949, -3.709638501717823 ], [ 30.404411726083246, -3.708735415600319 ], [ 30.40351277739968, -3.708738890268024 ], [ 30.403498951013191, -3.705126542187869 ], [ 30.404397896062083, -3.705123070913605 ], [ 30.40439444067718, -3.704219984687781 ], [ 30.405293383969809, -3.704216513349677 ], [ 30.405286473928903, -3.702410342530239 ], [ 30.406185414557626, -3.702406871977544 ], [ 30.406181959902284, -3.701503787384161 ], [ 30.407080898774993, -3.701500316768743 ], [ 30.40707744406102, -3.700597233002744 ], [ 30.408875317445407, -3.700590290736077 ], [ 30.408871861766283, -3.699687208647147 ], [ 30.410669729939752, -3.699680264434945 ], [ 30.410673187432824, -3.700583344824282 ], [ 30.411572121152105, -3.700579870501471 ], [ 30.411575580402044, -3.701482950019034 ], [ 30.412474514178594, -3.701479473934597 ], [ 30.412481437043269, -3.703285631204067 ], [ 30.411582501451683, -3.70328910898922 ], [ 30.411589425901031, -3.70509526787278 ] ] ], [ [ [ 30.40972249326407, -3.687040597378199 ], [ 30.410621414251938, -3.687037136715119 ], [ 30.410614525605116, -3.685230975266992 ], [ 30.413311278049051, -3.685220592932169 ], [ 30.413314724657823, -3.686123671116024 ], [ 30.412415807123114, -3.686127133652326 ], [ 30.412419253678575, -3.687030212665176 ], [ 30.411520334390175, -3.68703367514411 ], [ 30.411523780891869, -3.687936754985726 ], [ 30.409725937958072, -3.687943678919809 ], [ 30.40972249326407, -3.687040597378199 ] ] ], [ [ [ 30.410600758506863, -3.68161865211219 ], [ 30.411499673226732, -3.6816151956418 ], [ 30.411496232673901, -3.680712115649364 ], [ 30.413294057759384, -3.680705201689685 ], [ 30.413297500116766, -3.681608279981258 ], [ 30.414196412286493, -3.681604820791117 ], [ 30.414203301357283, -3.683410975608123 ], [ 30.41330438738235, -3.683414436499802 ], [ 30.41330783229056, -3.68431751472676 ], [ 30.410611082556141, -3.684327894510603 ], [ 30.410600758506863, -3.68161865211219 ] ] ], [ [ [ 30.418236322856998, -2.002733484133751 ], [ 30.417338712641644, -2.00273536907016 ], [ 30.417340586297637, -2.003638469771177 ], [ 30.416442974746069, -2.003640355065321 ], [ 30.416441101579885, -2.002737253513879 ], [ 30.414645876918019, -2.002741020923233 ], [ 30.414644005577198, -2.001837917659876 ], [ 30.413746392467122, -2.00183979977575 ], [ 30.413737050893797, -1.997324279034391 ], [ 30.41463466155923, -1.997322401167285 ], [ 30.414630929872185, -1.995516194488303 ], [ 30.417323753864309, -1.99551056303998 ], [ 30.417327488480243, -1.997316764617792 ], [ 30.418225095761422, -1.997314884785242 ], [ 30.418232577105304, -2.000927284397804 ], [ 30.419130185495082, -2.00092540067044 ], [ 30.419132058436972, -2.001828499693412 ], [ 30.418234449557836, -2.001830384271643 ], [ 30.418236322856998, -2.002733484133751 ] ] ], [ [ [ 30.433422813674611, -1.967481026862038 ], [ 30.434320389688569, -1.967479166388178 ], [ 30.434322239478174, -1.968382251343322 ], [ 30.435219815122743, -1.968380389530648 ], [ 30.435217964852001, -1.967477305430341 ], [ 30.436115539164692, -1.967475443988529 ], [ 30.436117389916557, -1.968378527233777 ], [ 30.437014963859401, -1.968376664452711 ], [ 30.437020522665538, -1.971085911553269 ], [ 30.437918097201901, -1.971084045721496 ], [ 30.437919952321675, -1.971987127209708 ], [ 30.437022377303308, -1.971988993896988 ], [ 30.437024232792282, -1.972892076229132 ], [ 30.436126656440479, -1.972893943286616 ], [ 30.4361285122982, -1.973797026462466 ], [ 30.43523093461296, -1.973798893889708 ], [ 30.435234647915767, -1.975605061916777 ], [ 30.434337068414184, -1.975606930568173 ], [ 30.434338925858622, -1.976510015419163 ], [ 30.433441345023361, -1.976511884439204 ], [ 30.433448781371887, -1.980124227145615 ], [ 30.432551197751579, -1.980126099097061 ], [ 30.432554920059161, -1.98193227208938 ], [ 30.431657334620049, -1.981934145262096 ], [ 30.431659196564333, -1.982837232594997 ], [ 30.428966433694448, -1.982842851749105 ], [ 30.428964573204205, -1.981939761854986 ], [ 30.428066984366829, -1.981941633077524 ], [ 30.428057697074223, -1.977426179166194 ], [ 30.428955283491476, -1.977424312210114 ], [ 30.428949719854529, -1.974715042283959 ], [ 30.428052134886691, -1.974716906680174 ], [ 30.428050282522172, -1.97381381582833 ], [ 30.426255111005126, -1.973817541457538 ], [ 30.426251410752545, -1.972011356307316 ], [ 30.425353824685825, -1.972013216688355 ], [ 30.425348282116484, -1.969303936318452 ], [ 30.426245866737748, -1.969302078495262 ], [ 30.426244020429898, -1.968398985868138 ], [ 30.428039186163836, -1.968395270474327 ], [ 30.428035494169574, -1.966589088597239 ], [ 30.428933074801112, -1.966587231880568 ], [ 30.428931229596742, -1.965684141777999 ], [ 30.429828808898382, -1.965682285431061 ], [ 30.429830654583455, -1.96658537468013 ], [ 30.430728233516383, -1.966583516995925 ], [ 30.430726387350607, -1.965680428600578 ], [ 30.432521541705924, -1.965676713488992 ], [ 30.432523388833101, -1.966579800176225 ], [ 30.433420965216449, -1.966577941040735 ], [ 30.433422813674611, -1.967481026862038 ] ] ], [ [ [ 30.425344591311852, -1.967497749347435 ], [ 30.42534643629001, -1.968400842838715 ], [ 30.423551265465516, -1.968404555327199 ], [ 30.423549421449675, -1.967501460131361 ], [ 30.425344591311852, -1.967497749347435 ] ] ], [ [ [ 30.426242174970579, -1.967495893229471 ], [ 30.425344591311852, -1.967497749347435 ], [ 30.425342747182007, -1.966594655844617 ], [ 30.426240330359803, -1.966592800579265 ], [ 30.426242174970579, -1.967495893229471 ] ] ], [ [ [ 30.426238486597551, -1.965689707917528 ], [ 30.427136068446103, -1.965687853021235 ], [ 30.427137912689062, -1.966590944830139 ], [ 30.426240330359803, -1.966592800579265 ], [ 30.426238486597551, -1.965689707917528 ] ] ], [ [ [ 30.424445163155895, -1.966596510626192 ], [ 30.420854818572785, -1.966603924914666 ], [ 30.420838281170401, -1.958476044533656 ], [ 30.421735864268985, -1.958474199350682 ], [ 30.421732197652517, -1.956668005287023 ], [ 30.422629778946472, -1.956666161325691 ], [ 30.422627946431049, -1.955763065128366 ], [ 30.426218261215276, -1.955755687878744 ], [ 30.426220095643821, -1.956658780666996 ], [ 30.425322517741687, -1.95666062655367 ], [ 30.425326188187086, -1.95846681380095 ], [ 30.426223767046437, -1.95846496620907 ], [ 30.426238486597551, -1.965689707917528 ], [ 30.424443320355074, -1.965693416259453 ], [ 30.424445163155895, -1.966596510626192 ] ] ], [ [ [ 30.449290212490034, -5.550769087320453 ], [ 30.450191445929242, -5.550763821860951 ], [ 30.450186190500009, -5.5498608260075 ], [ 30.451988652040921, -5.549850292705757 ], [ 30.451993910202418, -5.550753286835034 ], [ 30.452895141035938, -5.550748017268632 ], [ 30.452910924832931, -5.553456996874262 ], [ 30.450207217427, -5.553472809226413 ], [ 30.450201959392732, -5.552569813470413 ], [ 30.44930072322056, -5.552575080653422 ], [ 30.449290212490034, -5.550769087320453 ] ] ], [ [ [ 30.481183267656895, -5.134298352937942 ], [ 30.480282672277973, -5.134303268218298 ], [ 30.480287574390715, -5.135206247323213 ], [ 30.479386976875961, -5.135211162206722 ], [ 30.479391878599756, -5.136114142150189 ], [ 30.474888871617946, -5.13613870192116 ], [ 30.47488397620678, -5.135235717637554 ], [ 30.468579738643633, -5.135270042076793 ], [ 30.468574852941014, -5.13436705169627 ], [ 30.467674245352889, -5.134371949258464 ], [ 30.467669361783027, -5.133468957982044 ], [ 30.466768754586642, -5.133473853413047 ], [ 30.466758992581696, -5.131667869038781 ], [ 30.465858387038764, -5.131672761473703 ], [ 30.46584375434124, -5.128963782090645 ], [ 30.467644956989474, -5.128954001148482 ], [ 30.467640078641882, -5.128051009691518 ], [ 30.469441275287107, -5.12804122542398 ], [ 30.469436395288753, -5.127138235668705 ], [ 30.471237585929664, -5.127128448077626 ], [ 30.471242468449109, -5.128031436100241 ], [ 30.476646027017768, -5.128002037792304 ], [ 30.4766411369352, -5.127099054973034 ], [ 30.478442313625315, -5.127089247161213 ], [ 30.4784374218948, -5.126186266048084 ], [ 30.482940342036535, -5.126161728747227 ], [ 30.482945240068304, -5.127064705515859 ], [ 30.484746404527854, -5.127054880011523 ], [ 30.48476601548305, -5.130666779827419 ], [ 30.482964840937164, -5.130676612289261 ], [ 30.482974646616757, -5.132482565495218 ], [ 30.481173463528169, -5.132492396375529 ], [ 30.481183267656895, -5.134298352937942 ] ] ], [ [ [ 30.50176878570057, -5.110708028713498 ], [ 30.500868243211887, -5.110712950374804 ], [ 30.500873151510653, -5.111615910221319 ], [ 30.499972606887116, -5.111620831496817 ], [ 30.499977514807942, -5.112523792187054 ], [ 30.499076968049529, -5.112528713076294 ], [ 30.499086784012501, -5.114334636113687 ], [ 30.498186233862235, -5.114339557489558 ], [ 30.498191141903717, -5.115242519836487 ], [ 30.497290589618327, -5.115247440824976 ], [ 30.497300405819953, -5.117053367174841 ], [ 30.496399850141753, -5.117058288648399 ], [ 30.496404758301235, -5.117961252651108 ], [ 30.495504200487659, -5.117966173736158 ], [ 30.495509108266496, -5.118869138581461 ], [ 30.494608548317533, -5.118874059277556 ], [ 30.494642918520029, -5.125194818459068 ], [ 30.49374234888078, -5.125199743999222 ], [ 30.49374726115806, -5.126102710348369 ], [ 30.492846689382009, -5.126107635497336 ], [ 30.492856514046629, -5.127913569849301 ], [ 30.493757088343241, -5.12790864295627 ], [ 30.493762003251145, -5.128811609215014 ], [ 30.494662577931486, -5.128806680185836 ], [ 30.494667494977111, -5.129709645542173 ], [ 30.49556807004117, -5.129704714376404 ], [ 30.495572989224961, -5.1306076788301 ], [ 30.500976428743488, -5.130578060045311 ], [ 30.500971501993504, -5.129675100831242 ], [ 30.50187207091146, -5.129670160815347 ], [ 30.501867143779386, -5.128767202445157 ], [ 30.502767710557645, -5.128762262039259 ], [ 30.50276278304392, -5.127859304513177 ], [ 30.504563911441728, -5.127849421658452 ], [ 30.504558982286497, -5.126946465851419 ], [ 30.505459543905829, -5.126941523403275 ], [ 30.505464474321375, -5.127844478335366 ], [ 30.507265597441044, -5.127834587897773 ], [ 30.507270531257447, -5.128737541049134 ], [ 30.508171092757529, -5.128732593059027 ], [ 30.508176028714932, -5.12963554530459 ], [ 30.509076590595274, -5.12963059517463 ], [ 30.509081528694121, -5.130533546514162 ], [ 30.51448488903895, -5.130503813926005 ], [ 30.514479943374457, -5.129600867846229 ], [ 30.515380499085083, -5.129595908866781 ], [ 30.515375553041959, -5.128692963634206 ], [ 30.518077211097157, -5.128678081744317 ], [ 30.518082160922322, -5.12958102434333 ], [ 30.518982713102449, -5.129576060307165 ], [ 30.518987665071471, -5.130479001997659 ], [ 30.519888217629294, -5.130474035818804 ], [ 30.51990308261956, -5.133182858073339 ], [ 30.520803638077961, -5.133177887993836 ], [ 30.520808596103361, -5.134080827806114 ], [ 30.519908039383175, -5.134085798764378 ], [ 30.519922914974721, -5.136794620656003 ], [ 30.519022353584386, -5.136799592984614 ], [ 30.519027312619123, -5.137702534433188 ], [ 30.518126749082857, -5.13770750637417 ], [ 30.518131707737922, -5.138610448670804 ], [ 30.513628870501162, -5.138635293771119 ], [ 30.513623918160775, -5.137732347086216 ], [ 30.510922209023011, -5.137747236318932 ], [ 30.510927157574514, -5.138650185634113 ], [ 30.503722551012729, -5.138689841544282 ], [ 30.503727490339699, -5.139592797833466 ], [ 30.500125160892374, -5.139612598889403 ], [ 30.500120226618428, -5.138709639103463 ], [ 30.496517888167713, -5.138729416398185 ], [ 30.496512959824514, -5.137826453088858 ], [ 30.49381120055984, -5.137841270143589 ], [ 30.493806276882818, -5.136938304186534 ], [ 30.49200510218034, -5.136948174147399 ], [ 30.492000181905535, -5.136045206416263 ], [ 30.491099594502099, -5.136050138625884 ], [ 30.49109467636621, -5.135147169992957 ], [ 30.489293501455656, -5.135157028871896 ], [ 30.489283672861024, -5.133351088030449 ], [ 30.488383086616146, -5.133356013829496 ], [ 30.488378174894287, -5.132453042492601 ], [ 30.48747758903562, -5.132457966155678 ], [ 30.487467770741453, -5.130652021650031 ], [ 30.48566660144413, -5.130661861699568 ], [ 30.485651888133098, -5.1279529394929 ], [ 30.488353629418267, -5.127938185355945 ], [ 30.488358536762387, -5.128841156843549 ], [ 30.489259116700666, -5.128836235399125 ], [ 30.4892542080959, -5.127933264782439 ], [ 30.490154785897776, -5.127928342945016 ], [ 30.49014496879489, -5.126122403363538 ], [ 30.491045543200201, -5.126117482004926 ], [ 30.491040634702752, -5.125214513040362 ], [ 30.490140061557408, -5.125219433527615 ], [ 30.490125345100683, -5.122510523839184 ], [ 30.491025914467503, -5.12250560596599 ], [ 30.491016105358185, -5.120699667765892 ], [ 30.491916671330955, -5.120694750373277 ], [ 30.491911766831929, -5.119791782099656 ], [ 30.492812330669718, -5.119786864316723 ], [ 30.492782914532341, -5.114369059274043 ], [ 30.493683469946706, -5.114364145461271 ], [ 30.493673669066336, -5.112558211950515 ], [ 30.494574221090119, -5.112553298621652 ], [ 30.494569320708539, -5.111650332693412 ], [ 30.495469870598765, -5.111645418976913 ], [ 30.495464969837851, -5.110742453891068 ], [ 30.496365517594533, -5.110737539787385 ], [ 30.496360616454727, -5.109834575544153 ], [ 30.498161706823375, -5.109824745303926 ], [ 30.49815680404927, -5.108921782776639 ], [ 30.499057346661026, -5.108916866640778 ], [ 30.499052443509168, -5.108013904956778 ], [ 30.500853523586912, -5.108004070654925 ], [ 30.500848618802351, -5.107101110688207 ], [ 30.502649692855144, -5.107091273098899 ], [ 30.5026447864388, -5.106188314850351 ], [ 30.504445854465352, -5.106178473975421 ], [ 30.504440946418139, -5.105275517445937 ], [ 30.50534147785746, -5.105270595995687 ], [ 30.505346387159587, -5.106173551650284 ], [ 30.506246918974174, -5.106168628066706 ], [ 30.506256742727896, -5.107974537535541 ], [ 30.505356208402816, -5.107979462869343 ], [ 30.505366033164719, -5.109785373968185 ], [ 30.501763877024295, -5.109805069710925 ], [ 30.50176878570057, -5.110708028713498 ] ] ], [ [ [ 30.511625509756694, -5.101624312217161 ], [ 30.513426547632506, -5.101614454941616 ], [ 30.513436382653026, -5.103420350693115 ], [ 30.512535861647684, -5.103425281713304 ], [ 30.512540779226022, -5.104328230420878 ], [ 30.510739732062419, -5.104338090441207 ], [ 30.510729902804407, -5.102532189489787 ], [ 30.511630424318199, -5.102527261861487 ], [ 30.511625509756694, -5.101624312217161 ] ] ], [ [ [ 30.521501622834148, -5.096152394404336 ], [ 30.522402124986058, -5.096147457840233 ], [ 30.522397201564509, -5.095244518520327 ], [ 30.524198200711886, -5.095234643383422 ], [ 30.524208053448575, -5.097040518475421 ], [ 30.523307551812071, -5.097045458430805 ], [ 30.52331247825412, -5.097948396811306 ], [ 30.522411974480754, -5.097953336389945 ], [ 30.52240704929147, -5.097050397130108 ], [ 30.521506545887014, -5.09705533457332 ], [ 30.521501622834148, -5.096152394404336 ] ] ], [ [ [ 30.450258816093175, -4.727196355021968 ], [ 30.449358739340941, -4.727200841377243 ], [ 30.449345329762316, -4.724491781753891 ], [ 30.451145475438487, -4.724482813043659 ], [ 30.451149946755283, -4.725385831224067 ], [ 30.452050019457701, -4.72538134426144 ], [ 30.452058967005499, -4.72718737881678 ], [ 30.451158891981432, -4.727191867501812 ], [ 30.451163365890803, -4.728094885599138 ], [ 30.450263288841374, -4.728099373980276 ], [ 30.450258816093175, -4.727196355021968 ] ] ], [ [ [ 30.501237924811058, -4.476810784409153 ], [ 30.502137637279681, -4.476806471335834 ], [ 30.502141935753166, -4.477709446618866 ], [ 30.501242222185756, -4.477713760565547 ], [ 30.501237924811058, -4.476810784409153 ] ] ], [ [ [ 30.444516269175569, -4.468953007051153 ], [ 30.445416026479254, -4.46894877119124 ], [ 30.445424470311451, -4.470754831374103 ], [ 30.446324228948033, -4.470750592694186 ], [ 30.446332678421744, -4.472556651053271 ], [ 30.448132197499973, -4.472548166949742 ], [ 30.44813642572548, -4.473451194370297 ], [ 30.449036185069346, -4.473446949805527 ], [ 30.44904041525529, -4.474349976339688 ], [ 30.449940174834893, -4.474345729812413 ], [ 30.449944406981732, -4.47524875545995 ], [ 30.452643683838755, -4.475236006681669 ], [ 30.452639448396678, -4.474332983616681 ], [ 30.454438959788103, -4.474324480641319 ], [ 30.454447435929669, -4.476130523299424 ], [ 30.455347192526791, -4.476126268434811 ], [ 30.455342952925484, -4.475223247980623 ], [ 30.458941966276889, -4.475206220944064 ], [ 30.458946210272607, -4.476109237949039 ], [ 30.460745713956783, -4.476100716089838 ], [ 30.460758457727806, -4.478809761769347 ], [ 30.459858703021204, -4.47881402583957 ], [ 30.459862951576195, -4.479717041876622 ], [ 30.458063437368697, -4.479725568432436 ], [ 30.458067684589452, -4.48062858616873 ], [ 30.455368403494074, -4.480641370311931 ], [ 30.455364159572504, -4.479738349989034 ], [ 30.454464398578679, -4.479742608300646 ], [ 30.454468641400513, -4.480645629485299 ], [ 30.452669114622079, -4.48065414452045 ], [ 30.452660634240768, -4.478848098679205 ], [ 30.45086110840732, -4.478856605854991 ], [ 30.450869584390055, -4.480662655140125 ], [ 30.449969817979504, -4.480666908794145 ], [ 30.449965580656428, -4.47976388330407 ], [ 30.446366510788327, -4.479780883440929 ], [ 30.446370743712301, -4.480683912371322 ], [ 30.445470972990368, -4.480688160505865 ], [ 30.445466741166172, -4.479785130715951 ], [ 30.443667199337298, -4.479793621954925 ], [ 30.443671428961895, -4.480696653463212 ], [ 30.441871881488797, -4.480705142004872 ], [ 30.441876109774494, -4.481608175204395 ], [ 30.439176778809944, -4.481620902311931 ], [ 30.439181004655552, -4.482523938059761 ], [ 30.438281224846705, -4.482528179078343 ], [ 30.438277000101372, -4.481625142472774 ], [ 30.436477440104994, -4.481633619481927 ], [ 30.436473218419607, -4.480730581135314 ], [ 30.435573438232318, -4.480734817126545 ], [ 30.435564999639105, -4.478928738640502 ], [ 30.434665220792148, -4.478932971814086 ], [ 30.434652572643351, -4.476223851317886 ], [ 30.433752796235037, -4.476228080818107 ], [ 30.433744370627569, -4.474421998643076 ], [ 30.432844595557842, -4.474426225327668 ], [ 30.432831966880769, -4.471717099299584 ], [ 30.431932194246841, -4.47172132231329 ], [ 30.431923781615925, -4.469915236451405 ], [ 30.43102401031884, -4.469919456651501 ], [ 30.431007199742588, -4.466307281190184 ], [ 30.431906966652278, -4.466303064413772 ], [ 30.431902765056787, -4.465400021339006 ], [ 30.43280253001203, -4.465395804318315 ], [ 30.432798328178638, -4.464492762073555 ], [ 30.436397375029333, -4.464475886415755 ], [ 30.436401581246912, -4.465378925233733 ], [ 30.439100860651436, -4.465366254368529 ], [ 30.439105071017053, -4.466269290587929 ], [ 30.443603858303767, -4.466248146184446 ], [ 30.443608075011614, -4.46715117808582 ], [ 30.444507830983071, -4.467146945045014 ], [ 30.444516269175569, -4.468953007051153 ] ] ], [ [ [ 30.445403367192494, -4.46623968072058 ], [ 30.446303120344684, -4.466235446338137 ], [ 30.446294682935608, -4.464429387612495 ], [ 30.448094182270182, -4.464420918985911 ], [ 30.448089962666749, -4.463517891303488 ], [ 30.449889456361106, -4.463509419997934 ], [ 30.449897900813568, -4.465315471895544 ], [ 30.448998152205892, -4.465319709818903 ], [ 30.449002374629885, -4.466222736588835 ], [ 30.447202872635131, -4.466231210855363 ], [ 30.447207093728707, -4.467134239319218 ], [ 30.445407586093218, -4.467142710903641 ], [ 30.445403367192494, -4.46623968072058 ] ] ], [ [ [ 30.48851380430612, -4.449781388632055 ], [ 30.491212877217446, -4.449768570756667 ], [ 30.491217136317328, -4.450671557293012 ], [ 30.490317445127292, -4.45067583188482 ], [ 30.490321704007666, -4.451578819265603 ], [ 30.489422010852635, -4.451583093631529 ], [ 30.489417753064636, -4.450680105380346 ], [ 30.488518060129575, -4.45068437777959 ], [ 30.48851380430612, -4.449781388632055 ] ] ], [ [ [ 30.474849456877038, -4.413725221725677 ], [ 30.475749118273427, -4.413721001309488 ], [ 30.475753324048735, -4.41462400365753 ], [ 30.474853661569067, -4.414628224940462 ], [ 30.474849456877038, -4.413725221725677 ] ] ], [ [ [ 30.481088187916388, -4.401053693259207 ], [ 30.480188546878278, -4.401057908045615 ], [ 30.480192745891067, -4.401960906419263 ], [ 30.479293102902965, -4.401965120989445 ], [ 30.479288904970293, -4.401062121747963 ], [ 30.477489618545587, -4.40107054590047 ], [ 30.477472844147925, -4.397458541736021 ], [ 30.478372483476715, -4.397454333671324 ], [ 30.478359908568574, -4.394745332878781 ], [ 30.479259543791617, -4.394741126333702 ], [ 30.479255352816029, -4.393838126885458 ], [ 30.480154986091126, -4.393833920125695 ], [ 30.480159178145037, -4.394736918706122 ], [ 30.481058811628621, -4.394732709996046 ], [ 30.481071396245746, -4.397441702978206 ], [ 30.481971032095561, -4.397437490580841 ], [ 30.481983627781716, -4.40014648072556 ], [ 30.481083988693591, -4.400150695727745 ], [ 30.481088187916388, -4.401053693259207 ] ] ], [ [ [ 30.493232966644882, -4.303472005541439 ], [ 30.492333453136315, -4.303476141428273 ], [ 30.492337573015064, -4.304379130394799 ], [ 30.491438057578151, -4.304383266092495 ], [ 30.491433938755296, -4.303480276255225 ], [ 30.490534423502051, -4.303484410022297 ], [ 30.490530306607095, -4.302581419289187 ], [ 30.489630791537518, -4.302585551126075 ], [ 30.489626676570023, -4.30168255949736 ], [ 30.490526190584148, -4.301678428530765 ], [ 30.490513847747255, -4.298969456103669 ], [ 30.491413357724376, -4.298965326689172 ], [ 30.491409244134832, -4.298062336700057 ], [ 30.495906775660217, -4.298041678102059 ], [ 30.495915014258028, -4.299847649343199 ], [ 30.495015507589411, -4.299851784923107 ], [ 30.495019627143328, -4.300754771377345 ], [ 30.494120118546626, -4.30075890676969 ], [ 30.494124237918449, -4.301661894070024 ], [ 30.493224727393649, -4.301666029274353 ], [ 30.493232966644882, -4.303472005541439 ] ] ], [ [ [ 30.483301325385309, -4.29539046188919 ], [ 30.484200838114983, -4.295386344419891 ], [ 30.484204940656745, -4.296289341442631 ], [ 30.485104453569939, -4.296285222046479 ], [ 30.485108558036238, -4.297188218175013 ], [ 30.484209044068901, -4.29719233844011 ], [ 30.484213148351461, -4.298095335412317 ], [ 30.483313632459343, -4.298099455487773 ], [ 30.483301325385309, -4.29539046188919 ] ] ], [ [ [ 30.493984668934853, -4.270960311691151 ], [ 30.494884142835222, -4.270956205054155 ], [ 30.494888234452326, -4.271859192315599 ], [ 30.49578770852758, -4.27185508375521 ], [ 30.495795896476956, -4.273661056459524 ], [ 30.496695371775338, -4.273656945103503 ], [ 30.496703565314636, -4.275462915963605 ], [ 30.497603041836804, -4.275458801811057 ], [ 30.497615341843829, -4.278167755296359 ], [ 30.498514820639805, -4.278163637474142 ], [ 30.49852302711216, -4.279969604593918 ], [ 30.497623546216772, -4.27997372416064 ], [ 30.49763175408436, -4.281779692924133 ], [ 30.496732270214984, -4.281783813180876 ], [ 30.496736374408798, -4.282686798396851 ], [ 30.495836888615475, -4.282690918470911 ], [ 30.495840992632012, -4.28359390453349 ], [ 30.494941504914735, -4.283598024424417 ], [ 30.494945608753557, -4.284501011333374 ], [ 30.494046119112305, -4.284505131040719 ], [ 30.494042016324439, -4.283602143260392 ], [ 30.492243036525707, -4.283610377767463 ], [ 30.492238936712113, -4.282707388219857 ], [ 30.487741477207006, -4.282727951674248 ], [ 30.487737383518422, -4.28182495775019 ], [ 30.486837890053405, -4.281829066407197 ], [ 30.486841982691434, -4.282732061200837 ], [ 30.485942487304865, -4.282736169672651 ], [ 30.485938395717387, -4.281833174009653 ], [ 30.484139404433289, -4.281841386050891 ], [ 30.484135315817248, -4.280938388624668 ], [ 30.483235819919955, -4.280942492194753 ], [ 30.483223562443428, -4.278233497159027 ], [ 30.482324068825758, -4.278237597069385 ], [ 30.482315903623814, -4.276431598516208 ], [ 30.481416411234989, -4.276435695636419 ], [ 30.481412330987805, -4.275532695453887 ], [ 30.480512838778381, -4.275536790652851 ], [ 30.480504682990215, -4.273730788476379 ], [ 30.47960519200878, -4.273734880886761 ], [ 30.479601116467123, -4.272831878893064 ], [ 30.478701625664897, -4.272835969383308 ], [ 30.478697552040529, -4.271932966496943 ], [ 30.476898569925801, -4.2719411425859 ], [ 30.476886360552395, -4.269232128572908 ], [ 30.477785848901011, -4.269228043655803 ], [ 30.477781779799553, -4.268325039801718 ], [ 30.478681266232236, -4.268320954700459 ], [ 30.478677196952429, -4.267417951688607 ], [ 30.479576681469197, -4.26741386640364 ], [ 30.479572612011491, -4.266510864234246 ], [ 30.480472094612345, -4.266506778766018 ], [ 30.480468024977196, -4.265603777439305 ], [ 30.48586489603904, -4.26557924777472 ], [ 30.485860820995274, -4.264676251634173 ], [ 30.486760295413205, -4.264672160549144 ], [ 30.486756220194028, -4.263769165252834 ], [ 30.48765569269499, -4.263765073987035 ], [ 30.487651617300841, -4.262862079535187 ], [ 30.491249494407953, -4.262845707451608 ], [ 30.491253573985478, -4.263748698423066 ], [ 30.492153042128635, -4.263744601906902 ], [ 30.492157123624221, -4.264647591982614 ], [ 30.493056591941198, -4.264643493545512 ], [ 30.493068844800867, -4.267352461009399 ], [ 30.493968315384862, -4.267348358908698 ], [ 30.493984668934853, -4.270960311691151 ] ] ], [ [ [ 30.502938406277693, -4.261889402513718 ], [ 30.504737314793402, -4.261881184625351 ], [ 30.504733221279661, -4.260978206686947 ], [ 30.505632673179292, -4.260974097042451 ], [ 30.505636767738345, -4.261877074106852 ], [ 30.507435671001286, -4.261868849921254 ], [ 30.507452066360159, -4.26548075093302 ], [ 30.503854239598159, -4.265497209091927 ], [ 30.503850143629187, -4.264594230380199 ], [ 30.502950685796478, -4.26459834142028 ], [ 30.502938406277693, -4.261889402513718 ] ] ], [ [ [ 30.508302364293673, -4.254640940022886 ], [ 30.509201805378929, -4.254636832305357 ], [ 30.509205897984035, -4.255539806047194 ], [ 30.510105339236596, -4.255535696406833 ], [ 30.510113529164204, -4.257341642065057 ], [ 30.511012971628201, -4.257337529626092 ], [ 30.511017068951389, -4.25824050154224 ], [ 30.508318735796461, -4.258252838339268 ], [ 30.508302364293673, -4.254640940022886 ] ] ], [ [ [ 30.445315230875945, -4.249507663994134 ], [ 30.446214726495914, -4.249503634785723 ], [ 30.44621874086366, -4.250406669379658 ], [ 30.443520248294178, -4.250418756441709 ], [ 30.443512226675189, -4.248612682074811 ], [ 30.445311218411454, -4.24860462851605 ], [ 30.445315230875945, -4.249507663994134 ] ] ], [ [ [ 30.509877444804964, -4.204969177400097 ], [ 30.508978061656485, -4.204973238037755 ], [ 30.508974018123556, -4.204070262899954 ], [ 30.508074635130132, -4.204074321627385 ], [ 30.508066552754453, -4.202268369527925 ], [ 30.509865313741667, -4.202260254537344 ], [ 30.509861271806624, -4.201357280200217 ], [ 30.510760649955273, -4.201353222027958 ], [ 30.510764692920844, -4.202256195489875 ], [ 30.511664071223439, -4.202252135407627 ], [ 30.511676208472576, -4.204961053018423 ], [ 30.51077682707707, -4.204965115726984 ], [ 30.510780873549002, -4.20586808908979 ], [ 30.509881490245473, -4.20587215163812 ], [ 30.509877444804964, -4.204969177400097 ] ] ], [ [ [ 30.530530493326751, -4.197651863653052 ], [ 30.527832426604572, -4.197664092785017 ], [ 30.527828368463961, -4.196761135870536 ], [ 30.526929012157318, -4.196765209301287 ], [ 30.526916846106854, -4.194056335770911 ], [ 30.527816199326882, -4.194052264978467 ], [ 30.527812144709433, -4.19314930796492 ], [ 30.530510195998701, -4.193137092031185 ], [ 30.530514253701398, -4.194040046405099 ], [ 30.53141360339696, -4.194035971481981 ], [ 30.531417663009734, -4.194938924950802 ], [ 30.532317012852243, -4.194934848114478 ], [ 30.532325136780756, -4.196740753216695 ], [ 30.530526432098217, -4.196748909378229 ], [ 30.530530493326751, -4.197651863653052 ] ] ], [ [ [ 30.528626530960466, -4.174183152497356 ], [ 30.529525859845204, -4.174179098996442 ], [ 30.529529898014829, -4.175082054769248 ], [ 30.528630568106365, -4.175086109149999 ], [ 30.528626530960466, -4.174183152497356 ] ] ], [ [ [ 30.510623710657157, -4.170652109622431 ], [ 30.511523053024327, -4.17064808017922 ], [ 30.511527067211969, -4.171551053604795 ], [ 30.510627723821873, -4.171555083923374 ], [ 30.510623710657157, -4.170652109622431 ] ] ], [ [ [ 30.512406342441107, -4.167032159263271 ], [ 30.516003683274818, -4.167016041131323 ], [ 30.51601171573504, -4.16882197939422 ], [ 30.515112379798406, -4.168826012219249 ], [ 30.515116396322664, -4.169728982190304 ], [ 30.513317719772143, -4.169737046513145 ], [ 30.513313705292809, -4.168834074789799 ], [ 30.512414366724293, -4.168838104535312 ], [ 30.512406342441107, -4.167032159263271 ] ] ], [ [ [ 30.513253593348363, -4.155289495993022 ], [ 30.510555620943567, -4.155301542749247 ], [ 30.510559619210003, -4.15620451746741 ], [ 30.509660292302989, -4.156208531881581 ], [ 30.509664290426389, -4.157111507450358 ], [ 30.507865631945528, -4.157119534958037 ], [ 30.507869628905862, -4.158022512251876 ], [ 30.506070964883143, -4.158030537413672 ], [ 30.506074960679495, -4.158933516431683 ], [ 30.505175626335358, -4.158937528350778 ], [ 30.505179621986887, -4.159840508218286 ], [ 30.503380948633694, -4.159848530731511 ], [ 30.503384943119659, -4.160751512321856 ], [ 30.50248560411082, -4.160755522915311 ], [ 30.502489598450833, -4.161658505354485 ], [ 30.501590257547129, -4.161662515796493 ], [ 30.501602242750394, -4.164371465586266 ], [ 30.500702897909637, -4.164375477622178 ], [ 30.500706893704248, -4.165278461709288 ], [ 30.499807546968157, -4.165282473592415 ], [ 30.499811542615042, -4.166185458527673 ], [ 30.498912193983593, -4.166189470257565 ], [ 30.498916189482301, -4.167092456040746 ], [ 30.497117487555425, -4.167100478167015 ], [ 30.497121481883411, -4.16800346566991 ], [ 30.496222128588187, -4.16800747606561 ], [ 30.496226122766871, -4.168910464415757 ], [ 30.49532676757649, -4.168914474656646 ], [ 30.495342748927936, -4.172526431298049 ], [ 30.494443388773323, -4.172530443997737 ], [ 30.494447385269265, -4.17343343396805 ], [ 30.493548023218789, -4.173437446511366 ], [ 30.493552019563438, -4.174340437328248 ], [ 30.492652655617075, -4.174344449714742 ], [ 30.492656651809995, -4.175247441377969 ], [ 30.489958551668259, -4.175259474981063 ], [ 30.489962545660671, -4.176162469231126 ], [ 30.48636506251124, -4.176178503119186 ], [ 30.486361072615509, -4.175275505390368 ], [ 30.485461700675767, -4.175279510422157 ], [ 30.4854577126744, -4.174376511799649 ], [ 30.484558340888437, -4.174380514934307 ], [ 30.484530456404975, -4.168059517807299 ], [ 30.485429821029431, -4.168055520754929 ], [ 30.485425839989318, -4.16715252193615 ], [ 30.490822003322368, -4.167128523284901 ], [ 30.490818017020761, -4.166225529659632 ], [ 30.492616729118524, -4.166217523640793 ], [ 30.492612741645001, -4.165314531732126 ], [ 30.493512095364427, -4.16531052805467 ], [ 30.493504120990405, -4.163504545905586 ], [ 30.492604769313683, -4.163508547841258 ], [ 30.492600784455874, -4.162605555859066 ], [ 30.493500135111589, -4.162601554794282 ], [ 30.493472258378937, -4.156280616329432 ], [ 30.494371601021694, -4.156276620337327 ], [ 30.494367621100469, -4.155373629901262 ], [ 30.496166301730405, -4.155365636589449 ], [ 30.496162320643492, -4.154462647871786 ], [ 30.499759667352635, -4.154446652457514 ], [ 30.499755683063452, -4.153543667203781 ], [ 30.500655016538452, -4.15353966666532 ], [ 30.500651032104383, -4.15263668225978 ], [ 30.501550363687002, -4.152632681571411 ], [ 30.501546379108497, -4.151729698014287 ], [ 30.504244365556172, -4.151717692433808 ], [ 30.504240378797558, -4.150814711472188 ], [ 30.50603903001991, -4.150806704388013 ], [ 30.506035042100386, -4.149903725149687 ], [ 30.50873300931605, -4.149891709481077 ], [ 30.50873700028901, -4.150794686096106 ], [ 30.511434962675427, -4.150782658605547 ], [ 30.511438957578296, -4.151685632570801 ], [ 30.512338277639028, -4.151681620487609 ], [ 30.512350270662211, -4.154390539609838 ], [ 30.513249592901545, -4.154386523877039 ], [ 30.513253593348363, -4.155289495993022 ] ] ], [ [ [ 30.527662743008154, -4.15973988110665 ], [ 30.523166162721889, -4.15976005774143 ], [ 30.523162146670206, -4.158857095396413 ], [ 30.522262828993586, -4.158861126772472 ], [ 30.522246777659127, -4.155249273634074 ], [ 30.52314609125813, -4.155245245770971 ], [ 30.523142079603755, -4.154342283303296 ], [ 30.524041391304472, -4.154338255295541 ], [ 30.524037379510929, -4.153435293681805 ], [ 30.523138068828825, -4.153439320811104 ], [ 30.523134058933341, -4.152536358294402 ], [ 30.524932677381091, -4.152528304770277 ], [ 30.524944715817561, -4.155237186975445 ], [ 30.5267433368574, -4.155229124087521 ], [ 30.52675137095785, -4.157035041918944 ], [ 30.528549992552911, -4.157026971420809 ], [ 30.528558034253177, -4.158832885636207 ], [ 30.527658721856735, -4.158836923156199 ], [ 30.527662743008154, -4.15973988110665 ] ] ], [ [ [ 30.515768305003299, -4.11374081833485 ], [ 30.514869031014225, -4.113744797698182 ], [ 30.514865068886621, -4.112841826212982 ], [ 30.513965795028948, -4.112845803687281 ], [ 30.513949959322819, -4.109233913999454 ], [ 30.514849229148265, -4.109229940029692 ], [ 30.514841314542245, -4.107423996792626 ], [ 30.516639847531817, -4.107416049323634 ], [ 30.516643806410766, -4.108319019201355 ], [ 30.517543072596482, -4.108315043073077 ], [ 30.517554957522279, -4.111023949930427 ], [ 30.518454225853247, -4.111019970159537 ], [ 30.518470088745126, -4.114631842121693 ], [ 30.515772269016953, -4.114643788919426 ], [ 30.515768305003299, -4.11374081833485 ] ] ], [ [ [ 30.476125114650053, -4.096757777734572 ], [ 30.477024407028363, -4.096753858398326 ], [ 30.477020503754797, -4.095850849848897 ], [ 30.479718372668664, -4.095839088388573 ], [ 30.479730094135718, -4.098548106159971 ], [ 30.478830802351517, -4.09855203025759 ], [ 30.47883861899431, -4.100358043719534 ], [ 30.475241435134883, -4.100373736951841 ], [ 30.475233626534941, -4.098567716555074 ], [ 30.476132921790601, -4.098563796494661 ], [ 30.476125114650053, -4.096757777734572 ] ] ], [ [ [ 30.497680425467632, -4.090342514852658 ], [ 30.499478953523095, -4.090334638959639 ], [ 30.499490725582675, -4.093043599746979 ], [ 30.497692191507159, -4.093051480873144 ], [ 30.497688268621129, -4.092148492223743 ], [ 30.496789001277545, -4.092152430403189 ], [ 30.496785080267717, -4.091249440857834 ], [ 30.497684346607958, -4.091245503550247 ], [ 30.497680425467632, -4.090342514852658 ] ] ], [ [ [ 30.497524295537698, -4.054222947254678 ], [ 30.501121188389479, -4.054207331019779 ], [ 30.501125078596424, -4.055110317187344 ], [ 30.502923521770267, -4.055102501334398 ], [ 30.502927414839551, -4.056005485732057 ], [ 30.50382663610997, -4.056001575434553 ], [ 30.503834426859992, -4.057807542411485 ], [ 30.502935203600131, -4.057811454455681 ], [ 30.502939099291439, -4.058714438781635 ], [ 30.502039874162506, -4.058718350699832 ], [ 30.502043769732548, -4.059621335875001 ], [ 30.500245314862941, -4.059629158458911 ], [ 30.500249209315754, -4.060532145355756 ], [ 30.499349979575289, -4.060536056020793 ], [ 30.499353873905715, -4.061439043766183 ], [ 30.49845464229637, -4.061442954303645 ], [ 30.498462431584475, -4.063248931467141 ], [ 30.497563197110036, -4.0632528427486 ], [ 30.497578782174369, -4.066864800276495 ], [ 30.49667954284017, -4.066868714044666 ], [ 30.496695137877417, -4.070480674676618 ], [ 30.495795893680079, -4.070484590929742 ], [ 30.495799793622453, -4.071387581899413 ], [ 30.49490054755459, -4.071391498021616 ], [ 30.494904447370818, -4.072294489838685 ], [ 30.494005199432433, -4.07229840582952 ], [ 30.49400909912206, -4.073201398493763 ], [ 30.493109849313143, -4.073205314352779 ], [ 30.493113748875732, -4.074108307863971 ], [ 30.492214497196262, -4.07411222359072 ], [ 30.492218396631369, -4.075015217948634 ], [ 30.491319143081341, -4.075019133542667 ], [ 30.491323042388508, -4.075922128747082 ], [ 30.490423786967913, -4.075926044207949 ], [ 30.490435487117242, -4.078635032288033 ], [ 30.489536227826221, -4.078638949355373 ], [ 30.489544030280008, -4.080444943028849 ], [ 30.487745505084337, -4.080452777629384 ], [ 30.487749405615979, -4.08135577616954 ], [ 30.484152340779449, -4.08137143678934 ], [ 30.484156238177615, -4.082274438781671 ], [ 30.483256968793331, -4.082278352292556 ], [ 30.483260866059762, -4.083181355129367 ], [ 30.482361594805056, -4.083185268503265 ], [ 30.482365491939301, -4.084088272184332 ], [ 30.481466218814163, -4.084092185420797 ], [ 30.481470115815782, -4.084995189945895 ], [ 30.479671564956046, -4.085003015137116 ], [ 30.479675460822712, -4.085906021373626 ], [ 30.478776183088318, -4.085909933327706 ], [ 30.478772288223535, -4.085006926223813 ], [ 30.476074452818125, -4.085018653448198 ], [ 30.476070561826475, -4.084115643719488 ], [ 30.475171282624466, -4.084119549915878 ], [ 30.475167393501728, -4.083216539296678 ], [ 30.474268114433954, -4.083220443621061 ], [ 30.474256455272119, -4.080511409020719 ], [ 30.473357178340397, -4.080515309741467 ], [ 30.473353294687673, -4.079612297294021 ], [ 30.470655461694541, -4.07962399083032 ], [ 30.470651581909657, -4.078720975762149 ], [ 30.467953744122831, -4.078732657661829 ], [ 30.467957620906599, -4.079635675324745 ], [ 30.466159056053833, -4.079643459964369 ], [ 30.466155181270828, -4.078740440572737 ], [ 30.464356614958955, -4.078748219465832 ], [ 30.464360487741168, -4.079651240585285 ], [ 30.463461202287931, -4.079655129388716 ], [ 30.463457330506117, -4.078752107405687 ], [ 30.458061605646648, -4.078775413950823 ], [ 30.45806547142595, -4.079678441110624 ], [ 30.456266887565864, -4.079686203646888 ], [ 30.456270752206809, -4.080589232506557 ], [ 30.455371457982213, -4.080593113129167 ], [ 30.455375322484795, -4.081496142826466 ], [ 30.454476026396996, -4.081500023305468 ], [ 30.454479890760766, -4.082403053840172 ], [ 30.451781994322403, -4.082414691828761 ], [ 30.451789719627413, -4.084220757991756 ], [ 30.448192504305656, -4.084236268114951 ], [ 30.44818478701249, -4.082430195070947 ], [ 30.449084090131308, -4.082426320768551 ], [ 30.449076374278146, -4.080620249348375 ], [ 30.449975674534148, -4.080616375760563 ], [ 30.449971816897971, -4.079713340874589 ], [ 30.450871115292326, -4.079709467142024 ], [ 30.450867257516631, -4.078806433092352 ], [ 30.451766554049332, -4.078802559215483 ], [ 30.451762696134566, -4.077899526002342 ], [ 30.452661990805634, -4.077895651981616 ], [ 30.452658132752241, -4.076992619605229 ], [ 30.453557425561684, -4.076988745441096 ], [ 30.453553567370115, -4.076085713901688 ], [ 30.454452858317936, -4.076081839594598 ], [ 30.454448999988639, -4.075178808892392 ], [ 30.455348289074848, -4.075174934442795 ], [ 30.455344430608264, -4.074271904578018 ], [ 30.456243717832876, -4.074268029986361 ], [ 30.456236001488517, -4.072461971908211 ], [ 30.457135285852665, -4.072458098036722 ], [ 30.457116005094029, -4.067942956732136 ], [ 30.458015283604471, -4.067939086167689 ], [ 30.458007575344958, -4.066133031202698 ], [ 30.458906850997671, -4.066129161360856 ], [ 30.458902997165172, -4.065226134704776 ], [ 30.461600815952497, -4.065214521759029 ], [ 30.461596959992573, -4.064311497667053 ], [ 30.46249623019758, -4.064307625545971 ], [ 30.462492374104812, -4.063404602293234 ], [ 30.468787234359183, -4.063377475468571 ], [ 30.468794961362615, -4.065183509854292 ], [ 30.470593489063937, -4.065175746867086 ], [ 30.47059735585804, -4.066078762294132 ], [ 30.473295143905382, -4.066067107708538 ], [ 30.473310631712842, -4.069679158791062 ], [ 30.474209896652443, -4.069675268462579 ], [ 30.474213771769183, -4.070578280307425 ], [ 30.477810826848447, -4.070562705505461 ], [ 30.47779531561876, -4.066950671847671 ], [ 30.47959382997028, -4.066942885370256 ], [ 30.479586075573973, -4.065136871866813 ], [ 30.484981585818442, -4.065113498816642 ], [ 30.484977703942281, -4.064210497237786 ], [ 30.485876951610724, -4.064206599094775 ], [ 30.485880834483606, -4.065109599804728 ], [ 30.486780082278955, -4.065105699791814 ], [ 30.486776198409366, -4.064202699950982 ], [ 30.487675444337984, -4.064198799806417 ], [ 30.487671560341944, -4.06329580081102 ], [ 30.488570804403828, -4.063291900535253 ], [ 30.488563037030204, -4.061485904211875 ], [ 30.489462278229347, -4.061482004675144 ], [ 30.489458394852424, -4.060579007347391 ], [ 30.493055346956773, -4.060563402680982 ], [ 30.493051460468259, -4.059660408810699 ], [ 30.493950695320422, -4.059656506015363 ], [ 30.493939038098944, -4.056947526873841 ], [ 30.491241339883999, -4.056959224424916 ], [ 30.49124522176804, -4.057862220107991 ], [ 30.48854751272842, -4.057873911278381 ], [ 30.488535878641738, -4.055164916327529 ], [ 30.487636643538089, -4.055168808777266 ], [ 30.487625020267306, -4.052459811003018 ], [ 30.489423483640063, -4.052452030322968 ], [ 30.489419608969708, -4.051549032756502 ], [ 30.490318838356682, -4.051545141789676 ], [ 30.4903227140206, -4.052448138486151 ], [ 30.493020399936164, -4.052436456988587 ], [ 30.493024279452278, -4.053339451049896 ], [ 30.495721960505385, -4.053327757958443 ], [ 30.4957297281168, -4.05513374078282 ], [ 30.497528181767905, -4.055125936911592 ], [ 30.497524295537698, -4.054222947254678 ] ], [ [ 30.493927388723449, -4.05423854751737 ], [ 30.493931270976848, -4.055141540660068 ], [ 30.494830499982822, -4.055137641220694 ], [ 30.49482661673521, -4.054234648949107 ], [ 30.493927388723449, -4.05423854751737 ] ], [ [ 30.476915443358479, -4.071469609931083 ], [ 30.476919323204754, -4.072372619128695 ], [ 30.477818587670246, -4.0723687221908 ], [ 30.477814706825431, -4.071465713860098 ], [ 30.476915443358479, -4.071469609931083 ] ] ], [ [ [ 30.474190534072619, -4.065160208879709 ], [ 30.475089793158084, -4.065156321880193 ], [ 30.475093664937205, -4.066059332978342 ], [ 30.474194404854753, -4.066063220844084 ], [ 30.474190534072619, -4.065160208879709 ] ] ], [ [ [ 30.466973271530382, -4.059773155019029 ], [ 30.467872531567341, -4.059769281214767 ], [ 30.467880249654741, -4.061575317520703 ], [ 30.466980987626176, -4.061579193053826 ], [ 30.466973271530382, -4.059773155019029 ] ] ], [ [ [ 30.552296634779083, -4.035924338211898 ], [ 30.554994085231947, -4.035912498027868 ], [ 30.555001950340554, -4.037718365759879 ], [ 30.555901100697184, -4.037714415272395 ], [ 30.555905035571627, -4.038617348216314 ], [ 30.556804186031041, -4.038613395848432 ], [ 30.556815998947783, -4.041322191877329 ], [ 30.555017691200018, -4.041330100937083 ], [ 30.555021628632048, -4.042233034671598 ], [ 30.549626678166348, -4.042256743287563 ], [ 30.549622746678963, -4.04135380424023 ], [ 30.547824424751983, -4.041361697382444 ], [ 30.547828354257771, -4.042264638198933 ], [ 30.544231695821331, -4.042280416080511 ], [ 30.544235622248088, -4.043183360408732 ], [ 30.53794142901388, -4.04321093956825 ], [ 30.537937509524529, -4.042307989061242 ], [ 30.533441635686145, -4.042327654193171 ], [ 30.533445550220055, -4.04323060910691 ], [ 30.532546371815826, -4.043234540028481 ], [ 30.532562034800122, -4.046846362967257 ], [ 30.534360398660315, -4.046838493082379 ], [ 30.534364318594108, -4.047741446995727 ], [ 30.535263500193874, -4.047737509677732 ], [ 30.535267422001876, -4.048640462686035 ], [ 30.537065784540051, -4.048632583297613 ], [ 30.537069709215341, -4.049535534519054 ], [ 30.537968890153515, -4.049531592447967 ], [ 30.537964964485578, -4.048628642108333 ], [ 30.539763321728412, -4.048620756739648 ], [ 30.539767249381608, -4.049523705315003 ], [ 30.540666427671081, -4.049519760253139 ], [ 30.540662499025263, -4.048616812560258 ], [ 30.543360025614888, -4.048604974041944 ], [ 30.543363957238558, -4.049507919086067 ], [ 30.542464781599787, -4.049511867138665 ], [ 30.542468713114637, -4.050414813041989 ], [ 30.543367889746243, -4.050410864106246 ], [ 30.543371823137942, -4.051313809102477 ], [ 30.542472645513278, -4.051317758921368 ], [ 30.542476578795721, -4.052220704776794 ], [ 30.544274935147591, -4.052212802375146 ], [ 30.544282808338348, -4.054018690481071 ], [ 30.54518198717523, -4.0540147360167 ], [ 30.545189865891132, -4.055820622259537 ], [ 30.546089045831621, -4.055816665029512 ], [ 30.546092987510697, -4.05671960723113 ], [ 30.545193806575828, -4.056723565344983 ], [ 30.545201690598706, -4.058529451443904 ], [ 30.54160495005863, -4.058545280978687 ], [ 30.541601011584302, -4.057642334408132 ], [ 30.540701825234535, -4.057646288411271 ], [ 30.540690018096409, -4.054937445907567 ], [ 30.537992462697435, -4.054949293983033 ], [ 30.537996394544187, -4.055852244155036 ], [ 30.537097206651286, -4.055856192398811 ], [ 30.537109004503872, -4.058565045416452 ], [ 30.536209812744524, -4.058568995306527 ], [ 30.536213746131942, -4.059471947146052 ], [ 30.537112938886391, -4.059467996374374 ], [ 30.537128685241562, -4.063079799966125 ], [ 30.536229488504489, -4.063083754264232 ], [ 30.536233426303362, -4.063986705983773 ], [ 30.535334227687766, -4.063990660162983 ], [ 30.535338165372497, -4.064893612739901 ], [ 30.533539763502382, -4.064901519858891 ], [ 30.53353582781055, -4.063998565519861 ], [ 30.531737424406785, -4.064006466874646 ], [ 30.531741358105705, -4.064909422974896 ], [ 30.530842154085455, -4.064913373031769 ], [ 30.530838221383014, -4.064010416051243 ], [ 30.529039812692787, -4.064018311402816 ], [ 30.52903195391535, -4.06221239385001 ], [ 30.526334340253587, -4.062224224096967 ], [ 30.52635004937402, -4.065836069659183 ], [ 30.52545083907458, -4.06584001459036 ], [ 30.525458696919824, -4.067645938985356 ], [ 30.526357909213381, -4.067641992296297 ], [ 30.526361840452857, -4.068544953578836 ], [ 30.525462627161914, -4.068548901146839 ], [ 30.525474423166109, -4.071257787487165 ], [ 30.524575206001991, -4.071261736689666 ], [ 30.52457913876443, -4.072164699633779 ], [ 30.523679919722579, -4.072168648712431 ], [ 30.523683852365945, -4.073071612511016 ], [ 30.524583072406315, -4.073067662553856 ], [ 30.524594878608696, -4.075776551169815 ], [ 30.526393322044591, -4.075768642974013 ], [ 30.526405142159923, -4.07847752610034 ], [ 30.527304365556962, -4.078473567859684 ], [ 30.527316196592508, -4.081182448131734 ], [ 30.52641697019461, -4.081186409009968 ], [ 30.526420914632716, -4.082089369931666 ], [ 30.524622457195832, -4.082097290431453 ], [ 30.524626400511959, -4.083000253086779 ], [ 30.52372716947318, -4.083004212707656 ], [ 30.523731112667619, -4.083907176217413 ], [ 30.521932645950034, -4.083915094199776 ], [ 30.521928704758004, -4.083012128933626 ], [ 30.521029471082048, -4.083016085538708 ], [ 30.521021593336229, -4.081210153178414 ], [ 30.52192082501044, -4.081206198329048 ], [ 30.521909011980281, -4.078497302241567 ], [ 30.522808239774722, -4.078493349021612 ], [ 30.522804302855764, -4.077590384489048 ], [ 30.521905076061188, -4.07759433683093 ], [ 30.521901141020905, -4.076691371396231 ], [ 30.521001914347163, -4.076695321856332 ], [ 30.520994048901624, -4.074889389159075 ], [ 30.520094823347932, -4.074893336860218 ], [ 30.520086963414407, -4.073087402311541 ], [ 30.519187738980126, -4.07309134725462 ], [ 30.519183811329409, -4.072188379066837 ], [ 30.518284587015557, -4.072192322129915 ], [ 30.518276736344863, -4.070386383927945 ], [ 30.517377513149562, -4.070390324234521 ], [ 30.517373590128912, -4.069487354220571 ], [ 30.516474367053831, -4.069491292648255 ], [ 30.51646652564057, -4.067685350794917 ], [ 30.515567303683184, -4.067689286467662 ], [ 30.515575143101341, -4.069495230073988 ], [ 30.514675918271642, -4.069499166497761 ], [ 30.514683759202587, -4.071305111760627 ], [ 30.513784531499891, -4.071309048934538 ], [ 30.513788452282498, -4.072212022406012 ], [ 30.512889222704686, -4.072215959453341 ], [ 30.512900987316744, -4.074924882351154 ], [ 30.512001753865977, -4.074928821022674 ], [ 30.512005676157191, -4.075831796149512 ], [ 30.51110644083084, -4.075835734693106 ], [ 30.511110362998924, -4.076738710671306 ], [ 30.510211125796975, -4.076742649086528 ], [ 30.510215047841474, -4.077645625915864 ], [ 30.508416568810667, -4.077653501484663 ], [ 30.508412648765592, -4.076750522905651 ], [ 30.507513408936603, -4.076754458309544 ], [ 30.507509490766477, -4.075851478832001 ], [ 30.506610251061769, -4.075855412357828 ], [ 30.50660633476614, -4.074952431981987 ], [ 30.505707095185709, -4.074956363630193 ], [ 30.505699267217345, -4.073150401058369 ], [ 30.506598504799879, -4.073146471158263 ], [ 30.50659067833357, -4.071340510238524 ], [ 30.504792206287746, -4.071348365540089 ], [ 30.50478438731357, -4.069542401028646 ], [ 30.505683621777742, -4.069538475626733 ], [ 30.505687531825515, -4.070441457020628 ], [ 30.513780611594051, -4.070406075439057 ], [ 30.513764940738227, -4.06679418121715 ], [ 30.512865717147172, -4.066798113009523 ], [ 30.512861802622091, -4.065895138518259 ], [ 30.511962579151529, -4.065899068433734 ], [ 30.511966492679598, -4.066802043800596 ], [ 30.510168041115801, -4.066809902378806 ], [ 30.510164129581781, -4.065906925261422 ], [ 30.507466448658892, -4.065918702994728 ], [ 30.507462540991149, -4.06501572322927 ], [ 30.506563313263037, -4.065019646263904 ], [ 30.506547695328752, -4.061407723465529 ], [ 30.505648470710767, -4.061411642003159 ], [ 30.505644569410226, -4.06050866036969 ], [ 30.506543793032506, -4.060504742706084 ], [ 30.506535991064762, -4.058698781115407 ], [ 30.508334431702856, -4.058690946286295 ], [ 30.508330530041292, -4.05778796720378 ], [ 30.510128965187906, -4.057780130126982 ], [ 30.51012506241209, -4.056877152770144 ], [ 30.511024277677016, -4.056873233608242 ], [ 30.511020374782422, -4.055970257102615 ], [ 30.511919588176767, -4.055966337817207 ], [ 30.511915685163842, -4.055063362163019 ], [ 30.512814896687615, -4.055059442754552 ], [ 30.512810993556805, -4.054156467952026 ], [ 30.513710203210021, -4.054152548420951 ], [ 30.51369849609528, -4.051443626497332 ], [ 30.514597701890846, -4.051439708596121 ], [ 30.514589899544781, -4.049633762279592 ], [ 30.515489102477272, -4.049629845133347 ], [ 30.515481301653395, -4.047823900473742 ], [ 30.516380501723503, -4.047819984083349 ], [ 30.516376601634889, -4.046917012594181 ], [ 30.517275799835382, -4.046913096083859 ], [ 30.517264101857752, -4.044204184103158 ], [ 30.519062489674837, -4.044196353355417 ], [ 30.519054691445479, -4.042390415423649 ], [ 30.519953882054626, -4.042386500310901 ], [ 30.519949983265921, -4.04148353218657 ], [ 30.520849172005946, -4.041479616956131 ], [ 30.520845273104687, -4.040576649685506 ], [ 30.521744459975601, -4.040572734337824 ], [ 30.521740560962236, -4.039669767921128 ], [ 30.523538930087039, -4.039661935997623 ], [ 30.523531130735499, -4.037856006605133 ], [ 30.524430311999147, -4.037852090908422 ], [ 30.524422514184369, -4.036046163177471 ], [ 30.525321692589362, -4.036042248243972 ], [ 30.525317794011499, -4.035139285221414 ], [ 30.527116146204129, -4.035131454131443 ], [ 30.52711224652748, -4.034228492843037 ], [ 30.532507276045504, -4.034204981010458 ], [ 30.532511181656815, -4.035107937019583 ], [ 30.545998631384972, -4.035048987783006 ], [ 30.546002552716786, -4.035951930534947 ], [ 30.549599176350668, -4.035936169454351 ], [ 30.549603102524934, -4.036839108645053 ], [ 30.552300563921676, -4.036827274747228 ], [ 30.552296634779083, -4.035924338211898 ] ] ], [ [ [ 30.456174394927437, -4.058013503845598 ], [ 30.457073663339937, -4.058009643762318 ], [ 30.457069819265417, -4.057106615167533 ], [ 30.460666880306647, -4.057091168289978 ], [ 30.460674577279747, -4.058897218557287 ], [ 30.458876044504571, -4.058904947444455 ], [ 30.458879892295389, -4.059807974267438 ], [ 30.457980623617548, -4.059811838073847 ], [ 30.45797677682225, -4.058908810388667 ], [ 30.456178238869278, -4.05891653327832 ], [ 30.456174394927437, -4.058013503845598 ] ] ], [ [ [ 30.480454338629873, -4.057908930832067 ], [ 30.476857349774949, -4.057924469097955 ], [ 30.476849618712325, -4.05611844991431 ], [ 30.475950371318916, -4.056122330249322 ], [ 30.47593878421435, -4.053413298695094 ], [ 30.475039538936571, -4.053417175432003 ], [ 30.475043399443372, -4.054320186840338 ], [ 30.474144152304437, -4.054324063445288 ], [ 30.474132576366827, -4.051615026550224 ], [ 30.475031820524169, -4.051611152543875 ], [ 30.475035679296838, -4.052514163999848 ], [ 30.476834166997385, -4.052506411260945 ], [ 30.476838028624844, -4.053409420960032 ], [ 30.477737272167815, -4.053405542226819 ], [ 30.477748865238205, -4.056114568580478 ], [ 30.480446599608431, -4.056102918586117 ], [ 30.480454338629873, -4.057908930832067 ] ] ], [ [ [ 30.469513509712762, -4.022737836283532 ], [ 30.467715073496816, -4.022745515983774 ], [ 30.467711251224941, -4.021842496821917 ], [ 30.466812032805496, -4.021846334321768 ], [ 30.466800574138166, -4.019137274101427 ], [ 30.467699789600008, -4.019133439194625 ], [ 30.467688335760993, -4.016424381354864 ], [ 30.47038596808828, -4.01641287847927 ], [ 30.470389788124425, -4.017315895188423 ], [ 30.471288998153931, -4.017312058053242 ], [ 30.47130429089826, -4.02092412119282 ], [ 30.470405076926696, -4.020927961788958 ], [ 30.470408901291705, -4.021830978380048 ], [ 30.469509685468271, -4.021834818851052 ], [ 30.469513509712762, -4.022737836283532 ] ] ], [ [ [ 30.460433781692643, -4.002006589576019 ], [ 30.461332984518439, -4.002002777989993 ], [ 30.461336780888892, -4.002905803715858 ], [ 30.464034387128983, -4.002894360455115 ], [ 30.464038187307846, -4.003797383567881 ], [ 30.46493738864157, -4.003793566312531 ], [ 30.464941190666433, -4.004696588538139 ], [ 30.466739592704311, -4.004688949341652 ], [ 30.466743397557696, -4.005591969815772 ], [ 30.467642598261619, -4.005588147873974 ], [ 30.467650212527644, -4.007394187022987 ], [ 30.468549414331342, -4.007390362365723 ], [ 30.46856084516709, -4.01009941831904 ], [ 30.467661640414494, -4.01010324556995 ], [ 30.467669263331004, -4.011909284483493 ], [ 30.464072427804052, -4.011924590524161 ], [ 30.464064812755815, -4.010118544698648 ], [ 30.463165603680178, -4.010122367012061 ], [ 30.463161798435511, -4.009219343200546 ], [ 30.462262589479153, -4.009223163663233 ], [ 30.462258786081417, -4.008320138964966 ], [ 30.461359577244338, -4.008323957577371 ], [ 30.461355775693086, -4.007420931992585 ], [ 30.459557357394264, -4.007428564530856 ], [ 30.459553558671608, -4.006525537197242 ], [ 30.457755138885794, -4.006533164063653 ], [ 30.457751342990846, -4.005630134982122 ], [ 30.455952921719408, -4.005637756178424 ], [ 30.455945336445311, -4.003831694497826 ], [ 30.455046126480333, -4.003835501893489 ], [ 30.455027183288344, -3.999320342973875 ], [ 30.455926388347098, -3.99931653988527 ], [ 30.455922601313762, -3.998413508892335 ], [ 30.457721006883627, -3.998405901483989 ], [ 30.457724795878089, -3.999308930753444 ], [ 30.458623998349882, -3.999305124710231 ], [ 30.45862778918768, -4.000208153094136 ], [ 30.459526991777476, -4.000204345203763 ], [ 30.459530784459048, -4.001107372701886 ], [ 30.460429987166851, -4.001103562963908 ], [ 30.460433781692643, -4.002006589576019 ] ] ], [ [ [ 30.501715765252531, -3.982867511149275 ], [ 30.504413189597283, -3.982855992461331 ], [ 30.504417014714839, -3.983758977006901 ], [ 30.501719587440487, -3.983770498314434 ], [ 30.501715765252531, -3.982867511149275 ] ] ], [ [ [ 30.464850180621664, -3.983024048644809 ], [ 30.463951001809271, -3.983027846036754 ], [ 30.463939663485796, -3.980318775010447 ], [ 30.464838839369332, -3.980314980209311 ], [ 30.464835060680358, -3.97941195735072 ], [ 30.465734234723818, -3.979408162433263 ], [ 30.46573045592346, -3.978505140415125 ], [ 30.469327139548184, -3.978489954403699 ], [ 30.469349848745001, -3.983908065416672 ], [ 30.467551496948577, -3.983915670757019 ], [ 30.467555282889595, -3.984818690906518 ], [ 30.465756925679599, -3.98482629405111 ], [ 30.465753141692467, -3.983923272173281 ], [ 30.464853962767588, -3.983927071409866 ], [ 30.464850180621664, -3.983024048644809 ] ] ], [ [ [ 30.505300856261183, -3.980143199780874 ], [ 30.503502581842746, -3.980150876606835 ], [ 30.503498761197058, -3.979247891094002 ], [ 30.504397897867666, -3.979244054044405 ], [ 30.504394077120384, -3.978341069381535 ], [ 30.505293211941545, -3.978337232225855 ], [ 30.505300856261183, -3.980143199780874 ] ] ], [ [ [ 30.492663413750801, -3.968457905727483 ], [ 30.491764277428853, -3.968461719594355 ], [ 30.491771873322261, -3.970267713826263 ], [ 30.490872734183174, -3.97027152845657 ], [ 30.490925989328225, -3.982913497643976 ], [ 30.490026835669553, -3.982917323477583 ], [ 30.490030645162111, -3.983820321971104 ], [ 30.489131489656348, -3.983824147693882 ], [ 30.489150545290361, -3.98833914415897 ], [ 30.49004970568248, -3.988335314086909 ], [ 30.490053520398099, -3.98923831243967 ], [ 30.490952680897642, -3.989234480515504 ], [ 30.490960314897009, -3.991040475410412 ], [ 30.491859476482336, -3.991036640763385 ], [ 30.491863295766755, -3.991939637305292 ], [ 30.490964133202834, -3.991943472822631 ], [ 30.490967952379417, -3.992846470211353 ], [ 30.490068787965903, -3.99285030561588 ], [ 30.490072607034207, -3.993753303851197 ], [ 30.48737510563409, -3.993764806774893 ], [ 30.487371289502978, -3.99286180593063 ], [ 30.486472121608617, -3.992865637402589 ], [ 30.486468307326227, -3.991962635665633 ], [ 30.484669970886479, -3.991970293922355 ], [ 30.484666159430997, -3.991067290424182 ], [ 30.483766990885851, -3.991071117209606 ], [ 30.483755564669146, -3.988362103968664 ], [ 30.482856398189615, -3.988365927166459 ], [ 30.482841179309087, -3.984753905710259 ], [ 30.483740341878953, -3.984750085985651 ], [ 30.483732735697522, -3.982944076853487 ], [ 30.484631895444966, -3.982940257884749 ], [ 30.484620489761248, -3.980231246616329 ], [ 30.485519645710998, -3.980227429273081 ], [ 30.485500648744459, -3.975712414367783 ], [ 30.48639979894843, -3.97570860038924 ], [ 30.486384613126244, -3.972096591519711 ], [ 30.487283758563564, -3.972092780038907 ], [ 30.48727237540669, -3.969383775748818 ], [ 30.488171517053772, -3.969379965898135 ], [ 30.488163930685445, -3.967573964660036 ], [ 30.489063069516707, -3.967570155571204 ], [ 30.489055484683288, -3.965764155978904 ], [ 30.489954620699407, -3.965760347652812 ], [ 30.489950828615832, -3.964857348691467 ], [ 30.490849962789415, -3.964853540258971 ], [ 30.490846170604328, -3.963950542144326 ], [ 30.492644434395586, -3.963942924091431 ], [ 30.492640641137758, -3.963039927694192 ], [ 30.49353977075523, -3.96303611807447 ], [ 30.493543564984734, -3.963939113601004 ], [ 30.494442694702592, -3.963935302134601 ], [ 30.494450287719477, -3.965741291375793 ], [ 30.493551156057613, -3.965745104584056 ], [ 30.49355875061568, -3.967551095473716 ], [ 30.492659616137605, -3.967554909446975 ], [ 30.492663413750801, -3.968457905727483 ] ] ], [ [ [ 30.465651300795564, -3.95954167264471 ], [ 30.46655045256275, -3.959537895755881 ], [ 30.466554214181663, -3.960440917399599 ], [ 30.465655061443552, -3.960444695152433 ], [ 30.465651300795564, -3.95954167264471 ] ] ], [ [ [ 30.420637035980079, -3.946183289722151 ], [ 30.421536216150777, -3.946179574382005 ], [ 30.421539916417235, -3.94708263929975 ], [ 30.422439096702398, -3.947078922134667 ], [ 30.422446501731628, -3.948885050194764 ], [ 30.42334568309947, -3.948881330351022 ], [ 30.423349387862928, -3.949784393493134 ], [ 30.424248569345426, -3.949780671823342 ], [ 30.424252275931366, -3.950683734088841 ], [ 30.425151457528518, -3.950680010592556 ], [ 30.425155165937397, -3.951583071981204 ], [ 30.427852708509072, -3.951571893091935 ], [ 30.427856420679561, -3.952474951894927 ], [ 30.429654780057927, -3.952467492726631 ], [ 30.429658495022014, -3.953370549797018 ], [ 30.430557674397555, -3.953366817897685 ], [ 30.430561391186572, -3.954269874089852 ], [ 30.433258927087223, -3.954258669983555 ], [ 30.433236621745611, -3.948840347882656 ], [ 30.43233744978188, -3.948844078424181 ], [ 30.432333736190071, -3.947941023803989 ], [ 30.431434564338499, -3.947944752517504 ], [ 30.431423431602486, -3.945235585951714 ], [ 30.43771759625654, -3.945209482519012 ], [ 30.437721313085333, -3.946112532070857 ], [ 30.438620477004342, -3.94610879826561 ], [ 30.438624195658214, -3.94701184693727 ], [ 30.440422522858665, -3.94700437469658 ], [ 30.440426244305996, -3.947907421630308 ], [ 30.442224570010161, -3.94789994378586 ], [ 30.442228294251823, -3.948802988980755 ], [ 30.443127456784431, -3.948799247742 ], [ 30.443131182852948, -3.949702292055564 ], [ 30.444929507278513, -3.949694804943678 ], [ 30.444933236142912, -3.950597847517046 ], [ 30.446731559068962, -3.950590354796577 ], [ 30.446735290730114, -3.951493395628844 ], [ 30.447634451872617, -3.95148964694999 ], [ 30.447638185362397, -3.95239268689978 ], [ 30.448537346614064, -3.952388936388303 ], [ 30.448541081932923, -3.953291975455385 ], [ 30.44944024329374, -3.953288223110844 ], [ 30.449443980442126, -3.954191261294985 ], [ 30.453939779184427, -3.954172480667277 ], [ 30.453936037188875, -3.953269446785262 ], [ 30.455734348718593, -3.953261929440442 ], [ 30.455730605646064, -3.952358897257636 ], [ 30.461125513728359, -3.95233632703194 ], [ 30.461121765703972, -3.951433299998508 ], [ 30.462020913062204, -3.951429535750706 ], [ 30.46202466205553, -3.952332561921266 ], [ 30.462923809519282, -3.952328795837345 ], [ 30.462920059557021, -3.951425770529884 ], [ 30.464718349955525, -3.9514182371692 ], [ 30.464714598919503, -3.950515213565396 ], [ 30.46741202513001, -3.9505039088188 ], [ 30.467408272052662, -3.949600887783754 ], [ 30.471903960263337, -3.949582031408498 ], [ 30.471907718182926, -3.950485048119154 ], [ 30.476403389589265, -3.950466163100859 ], [ 30.476410917713643, -3.952272187792554 ], [ 30.475511783227944, -3.952275968474561 ], [ 30.475515547621526, -3.953178981652004 ], [ 30.474616411299962, -3.95318276222706 ], [ 30.474623940748597, -3.954988790244675 ], [ 30.473724801621632, -3.954992571578334 ], [ 30.473743635556964, -3.959507645545501 ], [ 30.472844490712589, -3.959511430234231 ], [ 30.472848259127826, -3.960414445823662 ], [ 30.471949112446428, -3.960418230402988 ], [ 30.471952880756685, -3.961321246834713 ], [ 30.471053732238257, -3.961325031304186 ], [ 30.471057500443091, -3.962228048577979 ], [ 30.469259198866677, -3.962235616320667 ], [ 30.469255432604538, -3.961332597316845 ], [ 30.468356281489694, -3.961336378860024 ], [ 30.468352517063931, -3.960433358968254 ], [ 30.467453366055196, -3.960437138671537 ], [ 30.467445841740336, -3.958631097089302 ], [ 30.466546691808414, -3.958634874088908 ], [ 30.466542931918646, -3.957731852398681 ], [ 30.462946327429449, -3.957746947194573 ], [ 30.462950083437288, -3.958649972339471 ], [ 30.462050929184766, -3.958653744465123 ], [ 30.462054685085569, -3.959556770449888 ], [ 30.456659735621379, -3.959579387906743 ], [ 30.456663486559894, -3.960482419042259 ], [ 30.455764324326186, -3.960486186067288 ], [ 30.455768075155628, -3.961389218041115 ], [ 30.454868911088813, -3.961392984952192 ], [ 30.45488767330529, -3.965908148779207 ], [ 30.453988503517429, -3.965911919020343 ], [ 30.453992257573269, -3.966814952577074 ], [ 30.45309308595138, -3.966818722702474 ], [ 30.453100594701752, -3.968624791467903 ], [ 30.450403068832049, -3.968636101145651 ], [ 30.450399316945248, -3.967733064193216 ], [ 30.448600964008108, -3.967740597372007 ], [ 30.448597214927485, -3.966837558676512 ], [ 30.44410132239997, -3.966856370228519 ], [ 30.444105066616551, -3.967759413219581 ], [ 30.44230670164513, -3.96776693271875 ], [ 30.442302959374203, -3.966863888011024 ], [ 30.440504592914102, -3.966871401885875 ], [ 30.440500853446977, -3.965968355439128 ], [ 30.439601669902231, -3.965972110053622 ], [ 30.439597932265631, -3.965069062726085 ], [ 30.438698748835378, -3.96507281550655 ], [ 30.438695013028862, -3.964169767298453 ], [ 30.436896645539893, -3.964177268215943 ], [ 30.436892912534976, -3.963274218270645 ], [ 30.4359937284765, -3.96327796640833 ], [ 30.435986266981594, -3.961471864734782 ], [ 30.435087084009393, -3.961475610183562 ], [ 30.435083355518731, -3.960572558455551 ], [ 30.43328498894687, -3.960580044714091 ], [ 30.433273814440629, -3.957870884254364 ], [ 30.432374632782714, -3.957874623353285 ], [ 30.43237091063034, -3.956971568964594 ], [ 30.431471729086773, -3.956975306233256 ], [ 30.431475450268717, -3.957878361477473 ], [ 30.429677082673376, -3.957885834801629 ], [ 30.429680802769862, -3.958788891733052 ], [ 30.428781616718297, -3.958792627787869 ], [ 30.428777897592475, -3.957889570001588 ], [ 30.427878711656383, -3.957893304226796 ], [ 30.427874994356191, -3.956990245562713 ], [ 30.426076621860247, -3.956997709380259 ], [ 30.426072907355476, -3.95609464898442 ], [ 30.424274533381947, -3.956102107196096 ], [ 30.424270821671715, -3.955199045069403 ], [ 30.422472446221981, -3.955206497676961 ], [ 30.422465029242456, -3.953400369940546 ], [ 30.420666654257065, -3.953407815239831 ], [ 30.42065924456897, -3.951601683999084 ], [ 30.418860870047997, -3.951609121993647 ], [ 30.418853467647754, -3.949802987250423 ], [ 30.417954281045748, -3.949806703083516 ], [ 30.417928406279199, -3.943485224789604 ], [ 30.417029225599485, -3.943488933686358 ], [ 30.417021842414684, -3.941682795119426 ], [ 30.416122662816395, -3.941686501341533 ], [ 30.416118973468794, -3.940783431171781 ], [ 30.417018152100589, -3.940779725801375 ], [ 30.417014462638697, -3.939876656460275 ], [ 30.419711990521218, -3.939865537082071 ], [ 30.419715682881879, -3.940768603866737 ], [ 30.420614858103534, -3.940764894614065 ], [ 30.420622247316626, -3.942571026409041 ], [ 30.421521423618337, -3.942567314480183 ], [ 30.421525120471451, -3.943470379490254 ], [ 30.420625943202822, -3.943474092271932 ], [ 30.420637035980079, -3.946183289722151 ] ] ], [ [ [ 30.449074523341054, -3.86388732896192 ], [ 30.448175456851128, -3.863890996199382 ], [ 30.448186412590946, -3.866600120072076 ], [ 30.447287342398631, -3.866603788936165 ], [ 30.447290995083137, -3.867506831041079 ], [ 30.446391923083365, -3.867510499812179 ], [ 30.446395575679034, -3.868413542753554 ], [ 30.44459742720559, -3.868420879156299 ], [ 30.444601078763469, -3.869323923792608 ], [ 30.443702002290003, -3.869327591423576 ], [ 30.443698351680617, -3.868424545928792 ], [ 30.442799275297116, -3.86842821174869 ], [ 30.442791978550282, -3.866622118974589 ], [ 30.44369105303744, -3.866618454871189 ], [ 30.44368740500364, -3.865715409308382 ], [ 30.442788331464314, -3.865719072553533 ], [ 30.442784685236639, -3.864816026109817 ], [ 30.443683757828357, -3.86481236372291 ], [ 30.443672821453568, -3.862103226830562 ], [ 30.444571890345291, -3.86209956606735 ], [ 30.44456460182807, -3.860293476409482 ], [ 30.447261797670439, -3.860282493567136 ], [ 30.447258151861128, -3.859379451280963 ], [ 30.448157214477199, -3.859375789291722 ], [ 30.448149923544868, -3.857569706370171 ], [ 30.449948042414338, -3.857562382979402 ], [ 30.449958985778359, -3.86027150216968 ], [ 30.450858046761187, -3.860267836469415 ], [ 30.45086169721575, -3.861170875294204 ], [ 30.449962635286457, -3.861174541854492 ], [ 30.449966285654625, -3.862077581516653 ], [ 30.449067221918586, -3.862081247985963 ], [ 30.449074523341054, -3.86388732896192 ] ] ], [ [ [ 30.514609228271226, -3.614391022302662 ], [ 30.516406724443232, -3.614384027833411 ], [ 30.51641020660529, -3.615287008397157 ], [ 30.518207701046052, -3.615280008616754 ], [ 30.518218158101465, -3.617988944921597 ], [ 30.515521907153186, -3.617999451144007 ], [ 30.515518423250576, -3.617096469768226 ], [ 30.514619672069649, -3.617099969185554 ], [ 30.514609228271226, -3.614391022302662 ] ] ], [ [ [ 30.613415467368029, -5.714109541423032 ], [ 30.612514141688035, -5.714115217410333 ], [ 30.612508476325317, -5.713212385500639 ], [ 30.611607151141367, -5.713218059177085 ], [ 30.611595825957203, -5.711412393451371 ], [ 30.612497148329798, -5.711406721579555 ], [ 30.612491485696978, -5.710503889568175 ], [ 30.614294124901406, -5.710492543406256 ], [ 30.614299790344887, -5.711395373612345 ], [ 30.616102428718332, -5.711384020013744 ], [ 30.616119438945859, -5.714092505010006 ], [ 30.615218115997166, -5.714098185222863 ], [ 30.615223786488549, -5.715001014390341 ], [ 30.613421135046956, -5.715012372396276 ], [ 30.613415467368029, -5.714109541423032 ] ] ], [ [ [ 30.602514846040258, -5.700634929408554 ], [ 30.601613530523132, -5.700640574995441 ], [ 30.601590996438706, -5.697029201871899 ], [ 30.60339361534664, -5.69701791649226 ], [ 30.603387981289789, -5.696115074926764 ], [ 30.606993202605668, -5.696092490917722 ], [ 30.607010124323061, -5.69880100470578 ], [ 30.606108816150268, -5.698806655516984 ], [ 30.606125741836195, -5.701515171703655 ], [ 30.605224428547078, -5.701520823812215 ], [ 30.60523007085585, -5.702423663374204 ], [ 30.602526121331525, -5.702440613967946 ], [ 30.602514846040258, -5.700634929408554 ] ] ], [ [ [ 30.651093248586516, -5.685883282508237 ], [ 30.650192004801706, -5.685888989378458 ], [ 30.65019770163024, -5.686791784206637 ], [ 30.649296455527239, -5.686797490587202 ], [ 30.64927937199554, -5.684089103266188 ], [ 30.65108185488997, -5.684077694574045 ], [ 30.651093248586516, -5.685883282508237 ] ] ], [ [ [ 30.620948982719572, -5.166023439239765 ], [ 30.618247471565365, -5.166038867109728 ], [ 30.61823721857084, -5.164233182102332 ], [ 30.619137720659214, -5.164228042558088 ], [ 30.619127468760073, -5.162422359234369 ], [ 30.620027967402812, -5.162417220224806 ], [ 30.620033094166708, -5.163320060998571 ], [ 30.620933593169362, -5.163314919813608 ], [ 30.620938722110594, -5.164217759653024 ], [ 30.621839221473138, -5.164212616292218 ], [ 30.621844352592163, -5.16511545519705 ], [ 30.620943851960664, -5.165120599461746 ], [ 30.620948982719572, -5.166023439239765 ] ] ], [ [ [ 30.644268928448437, -5.149638554892878 ], [ 30.641567556810042, -5.149654032923434 ], [ 30.641562413312936, -5.148751213438671 ], [ 30.64066195553702, -5.148756369336517 ], [ 30.640646534322666, -5.146047907972002 ], [ 30.644248344767661, -5.146027287680379 ], [ 30.644268928448437, -5.149638554892878 ] ] ], [ [ [ 30.630741480265836, -5.146104509198159 ], [ 30.629841015334545, -5.146109647158457 ], [ 30.629861518075707, -5.1497209724673 ], [ 30.628961047174521, -5.149726112783374 ], [ 30.628986689769356, -5.154240273259461 ], [ 30.628086211628649, -5.154245416835201 ], [ 30.628091341613523, -5.155148249744117 ], [ 30.624489414881527, -5.155168814970665 ], [ 30.624468920663062, -5.151557468669688 ], [ 30.625369398646665, -5.151552332886927 ], [ 30.625338677018256, -5.14613531794512 ], [ 30.626239146502076, -5.146130186323118 ], [ 30.626234028150929, -5.145227351297309 ], [ 30.625333559931306, -5.145232482014355 ], [ 30.625323328486868, -5.143426810061043 ], [ 30.62622379417877, -5.1434216811539 ], [ 30.626213563846765, -5.141616010888145 ], [ 30.627114026101811, -5.141610882524342 ], [ 30.627108911037777, -5.140708048250763 ], [ 30.628009371119518, -5.140702919525801 ], [ 30.627999141196728, -5.138897252697706 ], [ 30.628899597842562, -5.138892124517644 ], [ 30.62890471361133, -5.13979495704137 ], [ 30.630705626695921, -5.139784695071771 ], [ 30.630710745901016, -5.140687525753029 ], [ 30.631611202339535, -5.140682391962834 ], [ 30.631626569211502, -5.143390881104233 ], [ 30.6307261089832, -5.14339601761329 ], [ 30.630741480265836, -5.146104509198159 ] ] ], [ [ [ 30.551307221188463, -5.112241218838947 ], [ 30.553108211182096, -5.112231229656066 ], [ 30.553168065269684, -5.123066132350773 ], [ 30.554068574020626, -5.123061125225885 ], [ 30.554078564703609, -5.124866940144128 ], [ 30.554979075081015, -5.124861929982415 ], [ 30.554994071574189, -5.12757064947093 ], [ 30.555894584838665, -5.127565635384028 ], [ 30.555899586714236, -5.128468540932135 ], [ 30.556800100346514, -5.128463524694078 ], [ 30.556805104374895, -5.129366429324185 ], [ 30.558606131482144, -5.129356391280971 ], [ 30.558616147259762, -5.1311621968981 ], [ 30.559516661995335, -5.131157174203913 ], [ 30.559526683867688, -5.132962977922972 ], [ 30.558626166609756, -5.132968002393905 ], [ 30.558631177624406, -5.133870905096297 ], [ 30.554128571635012, -5.133896012917557 ], [ 30.554123566928034, -5.132993105776635 ], [ 30.549620944946803, -5.133018177538905 ], [ 30.549615947438514, -5.132115265934726 ], [ 30.54871542163016, -5.132120275606743 ], [ 30.548705431808155, -5.13031445053563 ], [ 30.547804907631232, -5.13031945717164 ], [ 30.547784943715953, -5.126707803123138 ], [ 30.546884423690081, -5.126712804953132 ], [ 30.546879436196981, -5.125809890479852 ], [ 30.545978916540776, -5.125814890161315 ], [ 30.545968946743905, -5.12400905935351 ], [ 30.543267389993609, -5.124024045510708 ], [ 30.543302273395287, -5.130344471388706 ], [ 30.544202802021907, -5.13033947107371 ], [ 30.544212779233501, -5.132145304997224 ], [ 30.545113309492731, -5.132140301648429 ], [ 30.545128285766239, -5.13484904965205 ], [ 30.544227751722165, -5.134854055655243 ], [ 30.544232744330753, -5.135756972480626 ], [ 30.54333220813508, -5.135761978103065 ], [ 30.543337200370896, -5.136664895782712 ], [ 30.541536122787274, -5.136674904999384 ], [ 30.541541113387343, -5.137577824417209 ], [ 30.540640571999592, -5.137582828010763 ], [ 30.540645562225755, -5.138485748282178 ], [ 30.538844474259022, -5.138495753438356 ], [ 30.538849462847836, -5.139398675446611 ], [ 30.537048368802296, -5.139408677304 ], [ 30.537053355752835, -5.140311601048206 ], [ 30.528948377260754, -5.140356554651116 ], [ 30.528953353727612, -5.141259486302188 ], [ 30.52625167448835, -5.141274450676375 ], [ 30.526246701812081, -5.140371516383598 ], [ 30.525346141558771, -5.14037650109417 ], [ 30.525341171030888, -5.139473565890974 ], [ 30.524440611156066, -5.139478548454846 ], [ 30.524435642776108, -5.138575612341467 ], [ 30.525336201387827, -5.138570630657487 ], [ 30.525326264756178, -5.136764760099661 ], [ 30.526226819957561, -5.136759778909551 ], [ 30.526221851706538, -5.135856844465333 ], [ 30.527122404760473, -5.13585186288965 ], [ 30.527117436132286, -5.134948929295491 ], [ 30.52801798703879, -5.134943947334689 ], [ 30.528013018033892, -5.134041014590812 ], [ 30.528913566792973, -5.134036032245342 ], [ 30.528908597411814, -5.133133100351969 ], [ 30.529809144023485, -5.133128117622282 ], [ 30.52980417426652, -5.132225186579642 ], [ 30.530704718730789, -5.132220203466189 ], [ 30.530689810992175, -5.129511412800367 ], [ 30.531590350787216, -5.129506431066469 ], [ 30.531545664083499, -5.121380065369042 ], [ 30.532446191655112, -5.121375090305885 ], [ 30.532441229638732, -5.120472161514504 ], [ 30.535142803258008, -5.12045723139895 ], [ 30.535137838353176, -5.11955430522361 ], [ 30.537839400213006, -5.119539366399956 ], [ 30.537834432421121, -5.118636442842659 ], [ 30.538734950007623, -5.118631461594812 ], [ 30.538729981845744, -5.117728538890505 ], [ 30.53963049728635, -5.117723557264729 ], [ 30.539625528754915, -5.116820635413637 ], [ 30.540526042049652, -5.116815653410384 ], [ 30.540521073149115, -5.115912732412733 ], [ 30.541421584297982, -5.115907750032454 ], [ 30.54141661502879, -5.115004829888464 ], [ 30.543217632145886, -5.114994863114329 ], [ 30.543207691246447, -5.113189026272537 ], [ 30.54410819595779, -5.113184042763885 ], [ 30.544098256102263, -5.111378207570394 ], [ 30.544998757411573, -5.111373224571261 ], [ 30.544988818601716, -5.10956739102654 ], [ 30.545889316509694, -5.109562408537817 ], [ 30.545879378747269, -5.107756576642339 ], [ 30.548580859599028, -5.107741626934263 ], [ 30.548585831801248, -5.108644540240878 ], [ 30.54948632489317, -5.108639553601806 ], [ 30.549491299241367, -5.109542465992392 ], [ 30.550391792698111, -5.109537477208433 ], [ 30.550396769192737, -5.110440388682763 ], [ 30.551297263014288, -5.110435397753471 ], [ 30.551307221188463, -5.112241218838947 ] ], [ [ 30.545038548234849, -5.118596557542562 ], [ 30.545043526091046, -5.119499474028034 ], [ 30.545944037824786, -5.119494481804614 ], [ 30.545924126707082, -5.115882819221341 ], [ 30.544123112411388, -5.115892795327706 ], [ 30.544138036869491, -5.118601547619696 ], [ 30.545038548234849, -5.118596557542562 ] ] ], [ [ [ 30.577471435260694, -5.121124728150924 ], [ 30.580172878786328, -5.121109606104748 ], [ 30.58017790839564, -5.122012487819161 ], [ 30.583779825551325, -5.12199230385052 ], [ 30.583799973116815, -5.125603816099906 ], [ 30.582899490140363, -5.125608867562533 ], [ 30.582894453159312, -5.12470598865133 ], [ 30.577491543982966, -5.124736265545756 ], [ 30.577471435260694, -5.121124728150924 ] ] ], [ [ [ 30.553098247983709, -5.110425412117154 ], [ 30.553998739131128, -5.110420417410142 ], [ 30.553993757613622, -5.109517509482364 ], [ 30.554894246613514, -5.10951251440332 ], [ 30.554889264732363, -5.108609607332546 ], [ 30.556690237544853, -5.108599615172529 ], [ 30.556705193398614, -5.111308330969072 ], [ 30.554904213051973, -5.11131832845428 ], [ 30.55490919760928, -5.112221235434458 ], [ 30.554008704841607, -5.1122262331751 ], [ 30.554003721540447, -5.111323325307722 ], [ 30.553103229137097, -5.11132832090171 ], [ 30.553098247983709, -5.110425412117154 ] ] ], [ [ [ 30.630476205396437, -5.09915728284861 ], [ 30.63407779425593, -5.099136906897553 ], [ 30.634093046654186, -5.101845392084258 ], [ 30.633192647047654, -5.101850490676563 ], [ 30.633197731750581, -5.102753319918265 ], [ 30.631396927296379, -5.102763515145892 ], [ 30.631391845100186, -5.10186068409116 ], [ 30.630491442759691, -5.101865778913439 ], [ 30.630476205396437, -5.09915728284861 ] ] ], [ [ [ 30.54943663039808, -5.099610428037183 ], [ 30.550337110056592, -5.099605448999934 ], [ 30.550347044337137, -5.101411272581896 ], [ 30.549446562171877, -5.101416253391252 ], [ 30.549451529394734, -5.102319166023092 ], [ 30.545849586814636, -5.102339080232223 ], [ 30.54584462460668, -5.101436164058392 ], [ 30.544944137990466, -5.101441138582575 ], [ 30.544939177925766, -5.100538221493681 ], [ 30.544038691673556, -5.100543193876097 ], [ 30.54402877671906, -5.098737357838551 ], [ 30.543128292083946, -5.098742327195157 ], [ 30.543108477856251, -5.095130651220959 ], [ 30.546710391020039, -5.095110780413261 ], [ 30.546715348252096, -5.096013695912698 ], [ 30.547615825570947, -5.0960087241867 ], [ 30.547620784945316, -5.096911638770669 ], [ 30.548521262626391, -5.096906664903379 ], [ 30.548526224143512, -5.097809578571648 ], [ 30.549426702186796, -5.097804602562628 ], [ 30.54943663039808, -5.099610428037183 ] ] ], [ [ [ 30.650116786762045, -5.069252151290578 ], [ 30.649216448568879, -5.069257239712039 ], [ 30.6492113751791, -5.068354425706454 ], [ 30.650111712127334, -5.068349338195777 ], [ 30.650101565604643, -5.066543711915554 ], [ 30.652802563487462, -5.066528447361219 ], [ 30.652807640024424, -5.067431257782756 ], [ 30.654608303187707, -5.06742107335054 ], [ 30.654618463989564, -5.069226690455827 ], [ 30.652817795847117, -5.069236878535191 ], [ 30.652827955334843, -5.071042499166746 ], [ 30.650126938778236, -5.071057777389536 ], [ 30.650116786762045, -5.069252151290578 ] ] ], [ [ [ 30.624190063266507, -4.596293608948475 ], [ 30.625089802592598, -4.596289025746204 ], [ 30.625085235077425, -4.595386174883386 ], [ 30.627784444230898, -4.59537242120014 ], [ 30.627798159647249, -4.598080965566506 ], [ 30.626898420786585, -4.598085553972998 ], [ 30.626912140985397, -4.600794100807065 ], [ 30.625112653771463, -4.600803279649896 ], [ 30.62510808172194, -4.599900428923895 ], [ 30.624208337883239, -4.599905015742181 ], [ 30.624190063266507, -4.596293608948475 ] ] ], [ [ [ 30.629565628930091, -4.591751860789566 ], [ 30.62866589977612, -4.591756445124389 ], [ 30.628661332289315, -4.590853597743069 ], [ 30.626861873511317, -4.590862761211691 ], [ 30.626852745765341, -4.589057062748006 ], [ 30.625953017267573, -4.589061640978036 ], [ 30.625934777164531, -4.585450240105237 ], [ 30.626834501160474, -4.585445665492903 ], [ 30.626829942277372, -4.584542816110885 ], [ 30.628629385297554, -4.584533665308908 ], [ 30.62863394643043, -4.585436512881421 ], [ 30.629533667703992, -4.585431934882279 ], [ 30.629538230869652, -4.586334781522404 ], [ 30.630437952360396, -4.586330201489021 ], [ 30.630451650681554, -4.589038738529593 ], [ 30.629551925814173, -4.589043321278929 ], [ 30.629565628930091, -4.591751860789566 ] ] ], [ [ [ 30.651907350938146, -4.561843685983558 ], [ 30.652807019363014, -4.561839102316643 ], [ 30.652811588024228, -4.562741926055593 ], [ 30.653711256654638, -4.562737340354641 ], [ 30.653734119263632, -4.567251454085623 ], [ 30.652834445034209, -4.567256044341905 ], [ 30.652839019177033, -4.568158867917442 ], [ 30.651939342913511, -4.568163457960259 ], [ 30.651943916849248, -4.569066282419394 ], [ 30.650144559340813, -4.569075460952423 ], [ 30.650149131948091, -4.569978287205337 ], [ 30.648349768545931, -4.569987463059396 ], [ 30.648354339823829, -4.570890291105203 ], [ 30.644755597586379, -4.570908632950738 ], [ 30.64475103079323, -4.570005801267309 ], [ 30.643851344075447, -4.570010383006712 ], [ 30.643837652527964, -4.567301885066443 ], [ 30.644737335883487, -4.567297306053571 ], [ 30.644732772736781, -4.56639447426119 ], [ 30.645632454060397, -4.566389895033014 ], [ 30.64562789070521, -4.565487064122472 ], [ 30.646527569996941, -4.56548248467944 ], [ 30.646523006433721, -4.564579654650956 ], [ 30.648322360041156, -4.564570494212405 ], [ 30.6483132311728, -4.562764837712241 ], [ 30.64921290436892, -4.562760257627344 ], [ 30.649185532951343, -4.557343292933588 ], [ 30.650984863182178, -4.557334140317413 ], [ 30.650989425039494, -4.558236966013821 ], [ 30.651889089903388, -4.558232387112319 ], [ 30.651893653792058, -4.559135211870932 ], [ 30.652793318860859, -4.559130630936512 ], [ 30.652797884781336, -4.560033454757096 ], [ 30.651898218594074, -4.560038036602347 ], [ 30.651907350938146, -4.561843685983558 ] ] ], [ [ [ 30.645564099470633, -4.552847428519121 ], [ 30.644664434924675, -4.552851994111627 ], [ 30.644659886362838, -4.551949161884306 ], [ 30.643760222022092, -4.551953725447211 ], [ 30.643755675488269, -4.551050892283951 ], [ 30.642856011352745, -4.551055453817697 ], [ 30.642851466846484, -4.550152619718728 ], [ 30.641951802916196, -4.550157179223759 ], [ 30.641938178211205, -4.54744867403909 ], [ 30.645536815075161, -4.547430440202368 ], [ 30.645541360195118, -4.548333271656309 ], [ 30.647340675388968, -4.548324146202514 ], [ 30.647354322915348, -4.551032634945468 ], [ 30.646454662426272, -4.551037200960603 ], [ 30.64645921230959, -4.551940031396787 ], [ 30.645559549792079, -4.551944597200831 ], [ 30.645564099470633, -4.552847428519121 ] ] ], [ [ [ 30.658150177570757, -4.550977755379496 ], [ 30.655451226242381, -4.550991490394952 ], [ 30.655446666108652, -4.550088669036366 ], [ 30.654547014953401, -4.550093244222816 ], [ 30.654542456849839, -4.549190421925602 ], [ 30.653642805896624, -4.549194995080735 ], [ 30.653629140416268, -4.546486525292492 ], [ 30.652729491895979, -4.546491094594702 ], [ 30.652724939678389, -4.545588270366672 ], [ 30.651825291359717, -4.545592837638901 ], [ 30.651802549546076, -4.541078711538097 ], [ 30.650003261313653, -4.54108783362109 ], [ 30.649994175435495, -4.539282179349297 ], [ 30.650893817780876, -4.539277620687403 ], [ 30.650889275097622, -4.538374794421221 ], [ 30.65538746755859, -4.53835198890573 ], [ 30.655382920222873, -4.537449167167485 ], [ 30.656282554860571, -4.537444603624558 ], [ 30.656287103309353, -4.538347424451135 ], [ 30.658086372067665, -4.538338292190488 ], [ 30.658090923657358, -4.539241111165964 ], [ 30.658990557777738, -4.539236542447584 ], [ 30.659022452319075, -4.545556268130484 ], [ 30.658122810399473, -4.545560843235319 ], [ 30.658150177570757, -4.550977755379496 ] ] ], [ [ [ 30.637390035805222, -4.537540203462109 ], [ 30.63649038201838, -4.537544743548215 ], [ 30.63649490597826, -4.538447584379997 ], [ 30.635595250168819, -4.538452124255811 ], [ 30.635599773924692, -4.539354965967322 ], [ 30.631101475676981, -4.539377653117526 ], [ 30.6310834083706, -4.535766267987472 ], [ 30.63198306538473, -4.535761736415052 ], [ 30.631978549715715, -4.534858890970641 ], [ 30.632878204709034, -4.53485435918745 ], [ 30.632873688835968, -4.533951514621893 ], [ 30.634672993872254, -4.53394244951869 ], [ 30.634668476683498, -4.533039606738515 ], [ 30.636467775859892, -4.533030538983904 ], [ 30.63647681559512, -4.534836220890685 ], [ 30.63737646604374, -4.534831683525519 ], [ 30.63738098838795, -4.535734523531409 ], [ 30.639180288781152, -4.535725443637328 ], [ 30.639184814260446, -4.536628281801561 ], [ 30.637385511641774, -4.536637363510274 ], [ 30.637390035805222, -4.537540203462109 ] ] ], [ [ [ 30.5447033255648, -4.534390234514654 ], [ 30.544698919612276, -4.533487302208783 ], [ 30.543799178897899, -4.533491722789398 ], [ 30.543790371877101, -4.531685856329333 ], [ 30.544690110366872, -4.531681437516681 ], [ 30.544685707073981, -4.530778505130459 ], [ 30.546485179169771, -4.53076966592563 ], [ 30.546480774539937, -4.529866735281254 ], [ 30.549179972695551, -4.52985347075999 ], [ 30.549184380660552, -4.53075639874976 ], [ 30.550084112715815, -4.530751974126192 ], [ 30.550092933532863, -4.532557828254732 ], [ 30.549193199253516, -4.532562254648937 ], [ 30.549197609881482, -4.533465182558336 ], [ 30.547398136435234, -4.533474033767969 ], [ 30.547402545725642, -4.534376963420547 ], [ 30.5447033255648, -4.534390234514654 ] ] ], [ [ [ 30.622905511247939, -4.519555616931707 ], [ 30.6229010230124, -4.518652761956035 ], [ 30.622001378029143, -4.518657265197419 ], [ 30.622005865156101, -4.519560121076461 ], [ 30.621106218158545, -4.519564624108534 ], [ 30.621115192911759, -4.521370337592236 ], [ 30.617516586997418, -4.521388345814365 ], [ 30.617498658852337, -4.517776904297974 ], [ 30.618398307253507, -4.517772407521177 ], [ 30.618393826370546, -4.516869547977138 ], [ 30.619293472758756, -4.516865050990558 ], [ 30.619288991672661, -4.515962192322123 ], [ 30.623787204494288, -4.515939695224636 ], [ 30.623782718774759, -4.515036841045025 ], [ 30.624682357513894, -4.515032339193988 ], [ 30.624673386578543, -4.513226632561771 ], [ 30.627372290712938, -4.5132131257649 ], [ 30.627367803283811, -4.512310275121239 ], [ 30.628267435074559, -4.512305771538133 ], [ 30.628271923610676, -4.513208621277101 ], [ 30.629171555601168, -4.513204115678224 ], [ 30.629185029975243, -4.51591266201913 ], [ 30.626486121315409, -4.515926183624798 ], [ 30.626495102120916, -4.517731886479189 ], [ 30.625595461871058, -4.517736393266081 ], [ 30.625604444086949, -4.519542097821428 ], [ 30.622905511247939, -4.519555616931707 ] ] ], [ [ [ 30.550013674029632, -4.516305137244178 ], [ 30.550913387436584, -4.516300725673181 ], [ 30.550908991456993, -4.515397799026371 ], [ 30.555407539626554, -4.515375728919076 ], [ 30.55541634355594, -4.517181573324232 ], [ 30.554516633482962, -4.517185991342897 ], [ 30.554521035672813, -4.518088914392022 ], [ 30.552721610643239, -4.518097748864663 ], [ 30.552717210670497, -4.517194824042955 ], [ 30.550018069788884, -4.517208064749793 ], [ 30.550013674029632, -4.516305137244178 ] ] ], [ [ [ 30.601078530075643, -4.471810912906152 ], [ 30.601978138489041, -4.471806481958035 ], [ 30.60198255439234, -4.472709359043324 ], [ 30.601082944881863, -4.472713790889567 ], [ 30.601078530075643, -4.471810912906152 ] ] ], [ [ [ 30.633878892018473, -4.372333166730986 ], [ 30.63297943545529, -4.372337537645977 ], [ 30.63298378986941, -4.373240386054085 ], [ 30.632084331326212, -4.373244756798543 ], [ 30.63208868557556, -4.374147606086307 ], [ 30.631189225052331, -4.374151976659778 ], [ 30.63119357913645, -4.375054826826975 ], [ 30.628495188905649, -4.375067934802294 ], [ 30.628499540678142, -4.37597078765856 ], [ 30.626700607178119, -4.37597952273306 ], [ 30.626687561017093, -4.373270958659209 ], [ 30.627587025002008, -4.373266594373657 ], [ 30.627582677021696, -4.372363740534658 ], [ 30.626683214109093, -4.372368103915842 ], [ 30.626670178822085, -4.369659539529571 ], [ 30.627569638519059, -4.369655178861477 ], [ 30.627560950715839, -4.367849470949256 ], [ 30.628460407363821, -4.367845111014719 ], [ 30.628456063750789, -4.366942257924173 ], [ 30.630254972184847, -4.366933536639471 ], [ 30.630250627336906, -4.366030685332742 ], [ 30.631150079122769, -4.366026323983252 ], [ 30.631145734111339, -4.365123473555765 ], [ 30.632944632820109, -4.365114749443876 ], [ 30.632948979972547, -4.366017598060207 ], [ 30.633848429036011, -4.366013233486661 ], [ 30.633857128205626, -4.367818928829461 ], [ 30.63475657850282, -4.367814561368962 ], [ 30.634769637280858, -4.370523101469554 ], [ 30.63387018376951, -4.370527471648484 ], [ 30.633878892018473, -4.372333166730986 ] ] ], [ [ [ 30.576141110057453, -4.336494512891309 ], [ 30.577940050348108, -4.336485976967695 ], [ 30.577935798006845, -4.33558307266135 ], [ 30.579734732595082, -4.335574534251862 ], [ 30.579730479021269, -4.334671631704508 ], [ 30.580629943910807, -4.334667361791328 ], [ 30.58063419854783, -4.335570263446001 ], [ 30.582433127769455, -4.335561718632071 ], [ 30.582437385427877, -4.336464618475 ], [ 30.58513577573752, -4.336451790567937 ], [ 30.585148563657537, -4.33916048190017 ], [ 30.586048028494584, -4.339156201113862 ], [ 30.586056560381831, -4.340961993418596 ], [ 30.586956026451777, -4.340957709775513 ], [ 30.586960294804005, -4.341860604994995 ], [ 30.586060827669332, -4.341864889532335 ], [ 30.586069364932115, -4.343670681682533 ], [ 30.585169894771358, -4.343674966939013 ], [ 30.585174163681234, -4.344577863869503 ], [ 30.584274691559351, -4.344582148950414 ], [ 30.584278960299311, -4.345485046748951 ], [ 30.578882102376465, -4.345510740130567 ], [ 30.578877840030461, -4.344607836973799 ], [ 30.577978361644806, -4.3446121145673 ], [ 30.577969841765949, -4.34280630639199 ], [ 30.577070364617057, -4.342810581131776 ], [ 30.577066107083521, -4.341907676113471 ], [ 30.575267152234915, -4.341916220602022 ], [ 30.575250139553315, -4.338304593137964 ], [ 30.574350665046918, -4.338308860213331 ], [ 30.574354915813334, -4.339211768009277 ], [ 30.570757004603394, -4.339228829192758 ], [ 30.570752758093565, -4.33832591783364 ], [ 30.569853279124402, -4.3383301795684 ], [ 30.569849034570613, -4.337427267293343 ], [ 30.568949555773514, -4.337431527069959 ], [ 30.568932590730601, -4.33381987415281 ], [ 30.569832065274166, -4.333815617936215 ], [ 30.569823585977087, -4.332009793103587 ], [ 30.571622528137613, -4.332001281030677 ], [ 30.571618287702105, -4.331098370356525 ], [ 30.573417224168743, -4.331089855798913 ], [ 30.573412982501246, -4.33018694688065 ], [ 30.576111377318778, -4.330174169720763 ], [ 30.57611562217264, -4.331077075965026 ], [ 30.577914549708588, -4.331068550744185 ], [ 30.577927296005946, -4.333777263971555 ], [ 30.577027829497126, -4.333781529791149 ], [ 30.577032078987639, -4.334684435040907 ], [ 30.576132610522162, -4.334688700685308 ], [ 30.576141110057453, -4.336494512891309 ] ], [ [ 30.576145361165253, -4.337397418955755 ], [ 30.576149613166493, -4.338300324994493 ], [ 30.57704908588622, -4.338296055782922 ], [ 30.577044832821084, -4.33739315063598 ], [ 30.576145361165253, -4.337397418955755 ] ] ], [ [ [ 30.61121550722233, -4.335424420975666 ], [ 30.612114941732916, -4.33542011281379 ], [ 30.612110649886905, -4.334517242543517 ], [ 30.614808944814502, -4.334504314357402 ], [ 30.614821832628774, -4.337212916982443 ], [ 30.613922398699287, -4.337217230148283 ], [ 30.613926695379796, -4.338120098539542 ], [ 30.613027259483793, -4.338124411538669 ], [ 30.613022963866971, -4.337221542246469 ], [ 30.611224091494748, -4.337230163239854 ], [ 30.61121550722233, -4.335424420975666 ] ] ], [ [ [ 30.636828809958011, -4.235985951042033 ], [ 30.637728102632735, -4.235981711686064 ], [ 30.637736550817774, -4.237787405347639 ], [ 30.636837256065785, -4.237791646517083 ], [ 30.636828809958011, -4.235985951042033 ] ] ], [ [ [ 30.536012222391989, -4.216589300526037 ], [ 30.534213479375264, -4.216597503733774 ], [ 30.534205312504849, -4.21479160324813 ], [ 30.535104682386844, -4.214787503925897 ], [ 30.535100599241812, -4.21388455452699 ], [ 30.535999967207605, -4.213880455048473 ], [ 30.536012222391989, -4.216589300526037 ] ] ], [ [ [ 30.536899334290499, -4.213876354532418 ], [ 30.538698065806674, -4.213868150387711 ], [ 30.538706241248398, -4.215674042106065 ], [ 30.536907505597757, -4.215682249778945 ], [ 30.536899334290499, -4.213876354532418 ] ] ], [ [ [ 30.541273856218019, -4.186767528117472 ], [ 30.542173187098236, -4.186763447866765 ], [ 30.542181317744951, -4.188569334013363 ], [ 30.543080649794621, -4.188565250965421 ], [ 30.54308471747169, -4.189468193118371 ], [ 30.545782711394139, -4.189455935136066 ], [ 30.545786783038064, -4.190358874613261 ], [ 30.548484772075756, -4.190346604694816 ], [ 30.548480697349568, -4.189443667870616 ], [ 30.549380024229883, -4.189439576719234 ], [ 30.549392254149051, -4.192148384463144 ], [ 30.546694261601889, -4.192160662783959 ], [ 30.546698336929616, -4.193063601302695 ], [ 30.544899668747629, -4.193071783457295 ], [ 30.544903742904179, -4.19397472371925 ], [ 30.538608369202358, -4.194003334921823 ], [ 30.53860430224421, -4.193100388478861 ], [ 30.537704960636677, -4.19310447078098 ], [ 30.537700895590127, -4.192201523431135 ], [ 30.53590221178187, -4.19220968317463 ], [ 30.535894088449705, -4.190403784873555 ], [ 30.534994747276929, -4.190407861434158 ], [ 30.534978515314435, -4.186796061009276 ], [ 30.534079177367733, -4.186800133013309 ], [ 30.534075122610041, -4.185897181964046 ], [ 30.534974459530147, -4.185893110841212 ], [ 30.534962297472418, -4.183184260188683 ], [ 30.535861630431565, -4.183180190679485 ], [ 30.535857577151646, -4.182277241293963 ], [ 30.538555567654733, -4.182265029232246 ], [ 30.538559624011715, -4.183167975972179 ], [ 30.53945895343859, -4.183163902343192 ], [ 30.539454896055926, -4.182260956485568 ], [ 30.540354223573505, -4.182256882709178 ], [ 30.540366401450058, -4.184965717560281 ], [ 30.541265731161467, -4.184961640105914 ], [ 30.541273856218019, -4.186767528117472 ] ] ], [ [ [ 30.548415622208893, -4.174996675317383 ], [ 30.546616998607405, -4.175004826224137 ], [ 30.546612940987988, -4.174101887210632 ], [ 30.545713628882709, -4.174105960238106 ], [ 30.545709573172065, -4.173203020315845 ], [ 30.546608884253938, -4.173198948172446 ], [ 30.546604828405247, -4.172296009109583 ], [ 30.550202059784255, -4.172279713800147 ], [ 30.550206119725623, -4.17318264932449 ], [ 30.551105426378477, -4.173178572043938 ], [ 30.551109488229471, -4.174081506658409 ], [ 30.552008795019223, -4.174077427465027 ], [ 30.552016923428088, -4.175883294849055 ], [ 30.548419682761356, -4.175899612537372 ], [ 30.548415622208893, -4.174996675317383 ] ] ], [ [ [ 30.562706903720226, -4.153261159753421 ], [ 30.565404716348247, -4.153248940321488 ], [ 30.565408774992751, -4.154151861285156 ], [ 30.562710959309555, -4.154164083382565 ], [ 30.562706903720226, -4.153261159753421 ] ] ], [ [ [ 30.609292036103625, -4.114224313331673 ], [ 30.61019121775098, -4.114220226742342 ], [ 30.610199360281253, -4.116025981319345 ], [ 30.6093001766166, -4.116030069708239 ], [ 30.609292036103625, -4.114224313331673 ] ] ], [ [ [ 30.549772765772701, -4.075665471182918 ], [ 30.54887356744489, -4.075669451870958 ], [ 30.548861680332077, -4.072960634667391 ], [ 30.547962484115267, -4.072964611698492 ], [ 30.547958524513675, -4.072061671697915 ], [ 30.548857719732101, -4.072057695551345 ], [ 30.548849801188574, -4.070251817246995 ], [ 30.549748993525437, -4.070247841867478 ], [ 30.549756914065053, -4.072053718402327 ], [ 30.551555300073641, -4.07204576109697 ], [ 30.551551337364689, -4.071142824611758 ], [ 30.552450528041739, -4.071138845340848 ], [ 30.552458456342297, -4.072944716516339 ], [ 30.549760875663406, -4.072956656633621 ], [ 30.549772765772701, -4.075665471182918 ] ] ], [ [ [ 30.534212094521415, -4.012526226707671 ], [ 30.530615513431762, -4.012541828650386 ], [ 30.530607751083679, -4.010735911899011 ], [ 30.529708605575816, -4.010739808155247 ], [ 30.529700848716406, -4.008933889549237 ], [ 30.530599992258328, -4.008929995052882 ], [ 30.530596114166666, -4.008027036594299 ], [ 30.531495255845286, -4.00802314199117 ], [ 30.531491377651875, -4.007120184389072 ], [ 30.532390517467203, -4.007116289679618 ], [ 30.532386639172497, -4.006213332934233 ], [ 30.53328577712454, -4.006209438118902 ], [ 30.533289656401411, -4.007112393983685 ], [ 30.534188794454295, -4.007108497301277 ], [ 30.534192675594898, -4.00801145226156 ], [ 30.535091813748618, -4.008007553711632 ], [ 30.535107351058468, -4.01161936979169 ], [ 30.534208208972963, -4.011623271865839 ], [ 30.534212094521415, -4.012526226707671 ] ] ], [ [ [ 30.565529356030961, -3.977174986991962 ], [ 30.566428429919132, -3.977171084130828 ], [ 30.566447874562378, -3.981685703308191 ], [ 30.565548795797678, -3.98168961061331 ], [ 30.565560470328425, -3.984398384503081 ], [ 30.566459552021719, -3.984394474531551 ], [ 30.566463446287091, -3.985297398225464 ], [ 30.567362528067559, -3.985293486384179 ], [ 30.567366424199268, -3.986196409165445 ], [ 30.568265506066901, -3.986192495453964 ], [ 30.56826940406539, -3.987095417322351 ], [ 30.57096664725907, -3.987083667631862 ], [ 30.57097054907937, -3.987986586807506 ], [ 30.571869629340316, -3.987982667391118 ], [ 30.571893064833304, -3.993400176607449 ], [ 30.570094891683986, -3.993408025139191 ], [ 30.570098798759737, -3.994310945039195 ], [ 30.5691997098705, -3.994314868720387 ], [ 30.569203616857592, -3.995217789486439 ], [ 30.562010865882836, -3.995249150651516 ], [ 30.562006966728553, -3.994346222775729 ], [ 30.560208772054558, -3.99435405145767 ], [ 30.560204875746482, -3.993451121783025 ], [ 30.558406679478484, -3.993458944757819 ], [ 30.558402786015733, -3.99255601328522 ], [ 30.557503687529056, -3.992559922411308 ], [ 30.55749979593228, -3.991656990028255 ], [ 30.556600697536801, -3.991660897284973 ], [ 30.556596807805555, -3.990757963991696 ], [ 30.555697709501285, -3.990761869379485 ], [ 30.555678279038617, -3.986247198127021 ], [ 30.556577372454939, -3.986243297171048 ], [ 30.556569604523883, -3.984437430277564 ], [ 30.55746869509958, -3.984433530113528 ], [ 30.557460928763856, -3.982627664898847 ], [ 30.558360016499609, -3.982623765527638 ], [ 30.558336732932968, -3.977206174638628 ], [ 30.559235813928534, -3.977202279609184 ], [ 30.559224181202101, -3.974493486507721 ], [ 30.560123258386682, -3.974489593160985 ], [ 30.560119381612466, -3.973586662967313 ], [ 30.561018456935194, -3.973582769529723 ], [ 30.561022334683404, -3.974485698835946 ], [ 30.561921410092051, -3.974481803532608 ], [ 30.56192528970255, -3.975384731927619 ], [ 30.562824365197113, -3.97538083475809 ], [ 30.562828246670353, -3.976283762241658 ], [ 30.56552547074525, -3.976272062196982 ], [ 30.565529356030961, -3.977174986991962 ] ] ], [ [ [ 30.57724455780647, -3.983444565343711 ], [ 30.574547345045119, -3.983456324947588 ], [ 30.574543443773099, -3.982553409215737 ], [ 30.575442514609165, -3.982549491219261 ], [ 30.575434712787892, -3.980743661466783 ], [ 30.577232847881508, -3.980735826098611 ], [ 30.57724455780647, -3.983444565343711 ] ] ], [ [ [ 30.560092269052447, -3.967266150953048 ], [ 30.562789471921104, -3.967254486346989 ], [ 30.562801095016578, -3.969963269362373 ], [ 30.560103883394046, -3.969974941957372 ], [ 30.560100011059028, -3.969072011646099 ], [ 30.559200939715108, -3.969075899669512 ], [ 30.559197069240579, -3.96817296844752 ], [ 30.560096139611826, -3.968169081311324 ], [ 30.560092269052447, -3.967266150953048 ] ] ], [ [ [ 30.55284185364701, -3.953753149041461 ], [ 30.555539034129019, -3.953741547735897 ], [ 30.555542886526158, -3.954644482879713 ], [ 30.552845703136779, -3.954656086842818 ], [ 30.55284185364701, -3.953753149041461 ] ] ], [ [ [ 30.53935199768328, -3.952908073100332 ], [ 30.539348164496221, -3.952005121994623 ], [ 30.540247236871384, -3.952001272229258 ], [ 30.540243403598396, -3.951098321982464 ], [ 30.541142474122204, -3.95109447212676 ], [ 30.541150143488277, -3.952900370831989 ], [ 30.53935199768328, -3.952908073100332 ] ] ], [ [ [ 30.541142474122204, -3.95109447212676 ], [ 30.541138640763741, -3.950191522739105 ], [ 30.542037709436205, -3.950187672793513 ], [ 30.54204154376297, -3.95109062129845 ], [ 30.541142474122204, -3.95109447212676 ] ] ], [ [ [ 30.658363612835789, -3.82328221186115 ], [ 30.659262430627852, -3.823278362224175 ], [ 30.659266264061209, -3.824181196417257 ], [ 30.658367445332669, -3.824185046965887 ], [ 30.658363612835789, -3.82328221186115 ] ] ], [ [ [ 30.615896253492725, -3.546274050472749 ], [ 30.616794835949936, -3.546270520756182 ], [ 30.616791323062181, -3.545367638100093 ], [ 30.617689903751096, -3.545364108412219 ], [ 30.617693417506977, -3.546266990167211 ], [ 30.61859199816362, -3.546263458705838 ], [ 30.618599030113458, -3.548069220349817 ], [ 30.617700447719908, -3.548072753613835 ], [ 30.617714518950653, -3.551684280253489 ], [ 30.615917344509565, -3.551691351370926 ], [ 30.615896253492725, -3.546274050472749 ] ] ], [ [ [ 30.617679367885795, -3.542655463020586 ], [ 30.619476521356205, -3.542648406436873 ], [ 30.61948003414582, -3.543551286452336 ], [ 30.617682878940514, -3.543558344838901 ], [ 30.617679367885795, -3.542655463020586 ] ] ], [ [ [ 30.610441754748276, -3.530043205991893 ], [ 30.611340327009128, -3.530039697701286 ], [ 30.611343819408482, -3.530942586117278 ], [ 30.612242391634943, -3.530939076058516 ], [ 30.612245885797648, -3.531841963553755 ], [ 30.611347312706602, -3.531845474512252 ], [ 30.611350806903484, -3.532748362886207 ], [ 30.610452232048853, -3.532751873875348 ], [ 30.610441754748276, -3.530043205991893 ] ] ], [ [ [ 30.793524941695694, -5.264310374838391 ], [ 30.794425406730117, -5.264304882577444 ], [ 30.794441849689282, -5.267012858397407 ], [ 30.793541380775569, -5.267018353498933 ], [ 30.793546862373891, -5.267921012988863 ], [ 30.790845446037846, -5.26793749335288 ], [ 30.790839968320199, -5.267034831023698 ], [ 30.787238071721585, -5.267056782903573 ], [ 30.787221659797275, -5.264348784377759 ], [ 30.786321187149142, -5.264354266270836 ], [ 30.786299323065791, -5.260743597344876 ], [ 30.787199790544474, -5.260738119232051 ], [ 30.78720525643131, -5.261640785566101 ], [ 30.789006191119785, -5.261629823564328 ], [ 30.789011660542005, -5.26253248797584 ], [ 30.792613523669772, -5.262510544644193 ], [ 30.792618999213129, -5.263413205239672 ], [ 30.793519463907405, -5.263407715221315 ], [ 30.793524941695694, -5.264310374838391 ] ] ], [ [ [ 30.779073741486158, -5.257176675979312 ], [ 30.77817327062559, -5.257182138663639 ], [ 30.778178719797292, -5.258084814565041 ], [ 30.777278246696905, -5.258090276897896 ], [ 30.777261905900566, -5.255382246270184 ], [ 30.779062843406919, -5.255371325967505 ], [ 30.779073741486158, -5.257176675979312 ] ] ], [ [ [ 30.786679491804211, -5.174082004184544 ], [ 30.788480177933987, -5.17407122556508 ], [ 30.788490933228765, -5.175876560465879 ], [ 30.786690242016746, -5.175887342865932 ], [ 30.786679491804211, -5.174082004184544 ] ] ], [ [ [ 30.763259546517141, -5.172416274811524 ], [ 30.764159912150351, -5.172410921134629 ], [ 30.764154572116549, -5.171508228131605 ], [ 30.76595529800899, -5.171497518836766 ], [ 30.765960640582669, -5.172400209960681 ], [ 30.766861003381322, -5.172394852463642 ], [ 30.766866348170232, -5.173297542616516 ], [ 30.765965984101424, -5.173302901053447 ], [ 30.765971328565261, -5.174205592115059 ], [ 30.76327022687806, -5.17422166260258 ], [ 30.763259546517141, -5.172416274811524 ] ] ], [ [ [ 30.780334168678458, -5.166898280386595 ], [ 30.781234508709762, -5.166892908177195 ], [ 30.781239868126971, -5.167795583448497 ], [ 30.782140208478115, -5.167790209023503 ], [ 30.782161660712664, -5.171400906022272 ], [ 30.780360968907441, -5.171411661148665 ], [ 30.780355606964346, -5.170508985058599 ], [ 30.77855491390368, -5.170519733206557 ], [ 30.778549555448013, -5.169617055199065 ], [ 30.776748861133314, -5.169627796370329 ], [ 30.776743506164188, -5.16872511644632 ], [ 30.770441055104765, -5.168762663866006 ], [ 30.770435709966236, -5.167859977319175 ], [ 30.771336061688903, -5.167854618160367 ], [ 30.771325371713022, -5.166049246855291 ], [ 30.77222571995198, -5.166043888306693 ], [ 30.772220375115289, -5.165141203548673 ], [ 30.773120721139342, -5.165135844669747 ], [ 30.773115375981156, -5.164233160822035 ], [ 30.774015719790306, -5.16422780161323 ], [ 30.774010374311082, -5.163325118676051 ], [ 30.775811056552349, -5.163314398328508 ], [ 30.775805709484917, -5.162411717244182 ], [ 30.776706047916829, -5.162406356106124 ], [ 30.776711396251876, -5.163309036248131 ], [ 30.77851207280758, -5.163298308274194 ], [ 30.778522777392539, -5.16510366469418 ], [ 30.77942311678413, -5.165098296914647 ], [ 30.779428471767126, -5.166000974134931 ], [ 30.780328811478579, -5.165995604140686 ], [ 30.780334168678458, -5.166898280386595 ] ] ], [ [ [ 30.788351411001464, -5.152407197025948 ], [ 30.789251722217276, -5.15240182849651 ], [ 30.789257077839267, -5.153304495764989 ], [ 30.794658932750224, -5.153272252277302 ], [ 30.794664296914494, -5.154174913837455 ], [ 30.795564604000422, -5.154169534536162 ], [ 30.795575337716475, -5.155974855669115 ], [ 30.796475646381161, -5.155969473204705 ], [ 30.796491757896383, -5.15867745182894 ], [ 30.795591445433338, -5.158682837135007 ], [ 30.795602188673183, -5.160488157956516 ], [ 30.794701872724385, -5.160493543886782 ], [ 30.794707244505883, -5.161396205197801 ], [ 30.793806926337879, -5.161401590804589 ], [ 30.793812297804308, -5.162304253031227 ], [ 30.792911977417077, -5.162309638314087 ], [ 30.792917348567986, -5.16321230145612 ], [ 30.792017025961531, -5.163217686414605 ], [ 30.79201165607811, -5.16231502232623 ], [ 30.791111333787626, -5.162320405067645 ], [ 30.791105966122998, -5.161417740001992 ], [ 30.790205644148507, -5.161423120526783 ], [ 30.790200278702219, -5.160520454484085 ], [ 30.789299957043728, -5.160525832792692 ], [ 30.789283870211008, -5.157817831640746 ], [ 30.788383551401548, -5.157823205842742 ], [ 30.788372834132581, -5.156017869694926 ], [ 30.786572198726393, -5.156028610509618 ], [ 30.786566844049236, -5.155125940498848 ], [ 30.783865887611839, -5.155142039368247 ], [ 30.783871238491752, -5.156044712212618 ], [ 30.782070593587701, -5.156055440335185 ], [ 30.782059897839932, -5.154250090839445 ], [ 30.781159576495615, -5.154255451109599 ], [ 30.781148887074224, -5.152450099602242 ], [ 30.782049205888111, -5.152444741219357 ], [ 30.782038517732179, -5.150639391474961 ], [ 30.782938833067576, -5.150634033711439 ], [ 30.782922804158286, -5.147926011693408 ], [ 30.78472342439618, -5.147915298027793 ], [ 30.784718080797283, -5.147012625848024 ], [ 30.785618388228194, -5.147007268058916 ], [ 30.785602359339279, -5.144299254166842 ], [ 30.789203564403216, -5.14427782168149 ], [ 30.789219608451265, -5.146985824232789 ], [ 30.788319304821034, -5.14699118708976 ], [ 30.788324653474799, -5.147893855490144 ], [ 30.787424347630349, -5.147899218025342 ], [ 30.787445746693546, -5.151509895096901 ], [ 30.788346057595067, -5.151504528780952 ], [ 30.788351411001464, -5.152407197025948 ] ] ], [ [ [ 30.789102150790065, -5.127127132373607 ], [ 30.788201874904441, -5.127132474432321 ], [ 30.788207202648604, -5.128035143514809 ], [ 30.787306924553853, -5.128040485256606 ], [ 30.787312251989395, -5.128943155253275 ], [ 30.785511690431683, -5.128953836839628 ], [ 30.785517016298915, -5.129856508694936 ], [ 30.78461673283616, -5.129861848538813 ], [ 30.784622058393637, -5.130764521307635 ], [ 30.783721772721929, -5.130769860833012 ], [ 30.783727097969212, -5.131672534515121 ], [ 30.78282681008854, -5.131677873721548 ], [ 30.782837460910841, -5.133483222880936 ], [ 30.781937169561044, -5.133488562711763 ], [ 30.781953149130651, -5.13619658905001 ], [ 30.781052853050177, -5.136201930447931 ], [ 30.781058180210021, -5.13710460677565 ], [ 30.778357282494525, -5.13712062621284 ], [ 30.778346636689232, -5.13531526786759 ], [ 30.779246934354056, -5.135309931205588 ], [ 30.779236289819529, -5.133504574622306 ], [ 30.78013658401516, -5.133499238582455 ], [ 30.780131261909965, -5.132596561187509 ], [ 30.781031553897044, -5.132591224827346 ], [ 30.781015589492561, -5.129883195286864 ], [ 30.781915876751896, -5.129877860493983 ], [ 30.781878650864787, -5.123559130421851 ], [ 30.782778928365236, -5.123553800972691 ], [ 30.78276829842131, -5.121748451132845 ], [ 30.783668572457636, -5.121743122310487 ], [ 30.783663257651913, -5.12084044828821 ], [ 30.786364070293157, -5.120824457090059 ], [ 30.786369388870536, -5.121727128279023 ], [ 30.788169928396812, -5.121716459287788 ], [ 30.788175250438908, -5.122619128555852 ], [ 30.789975788678724, -5.122608452630915 ], [ 30.789997096414236, -5.126219121830341 ], [ 30.789096822737722, -5.126224464205522 ], [ 30.789102150790065, -5.127127132373607 ] ] ], [ [ [ 30.703571729374147, -5.127628992025059 ], [ 30.703561313379119, -5.125823478036978 ], [ 30.705362035889614, -5.125813033675854 ], [ 30.705356826768568, -5.124910278484678 ], [ 30.706257185370703, -5.124905055335613 ], [ 30.70627803246914, -5.128516072216911 ], [ 30.70717839517744, -5.128510844105809 ], [ 30.707194044044947, -5.131219103669163 ], [ 30.703592572515273, -5.131240019632697 ], [ 30.70358736033609, -5.130337262776867 ], [ 30.702686991389971, -5.130342487684761 ], [ 30.702671364206843, -5.127634214160561 ], [ 30.703571729374147, -5.127628992025059 ] ] ], [ [ [ 30.709848182441522, -5.123078648897678 ], [ 30.709832547367807, -5.120370396834323 ], [ 30.71163324175772, -5.120359945914865 ], [ 30.711628029413426, -5.119457197017722 ], [ 30.71252837395436, -5.119451970593116 ], [ 30.71252316128421, -5.118549222591628 ], [ 30.713423503636651, -5.118543995833005 ], [ 30.713428717563865, -5.119446742907932 ], [ 30.714329060241699, -5.119441513962176 ], [ 30.714339493405916, -5.121247006166392 ], [ 30.71343914821329, -5.121252236965725 ], [ 30.713444364935519, -5.122154983948577 ], [ 30.710743319995242, -5.122170671559466 ], [ 30.710748533875247, -5.123073421290663 ], [ 30.709848182441522, -5.123078648897678 ] ] ], [ [ [ 30.68013089319339, -5.122347671107289 ], [ 30.677429745334848, -5.122363218705976 ], [ 30.67742457892713, -5.121460434834662 ], [ 30.676524195719914, -5.121465613926938 ], [ 30.676513868187865, -5.119660044257267 ], [ 30.677414248879767, -5.119654867000246 ], [ 30.677403922523126, -5.117849299043479 ], [ 30.678304299777952, -5.117844122361322 ], [ 30.678293974598471, -5.116038556117934 ], [ 30.67919434841691, -5.116033380011529 ], [ 30.679189185955085, -5.115130597762041 ], [ 30.682790666969979, -5.115109884411741 ], [ 30.682806172204181, -5.117818220045029 ], [ 30.681905799566067, -5.117823403029 ], [ 30.681910968568435, -5.118726182431215 ], [ 30.681010593749466, -5.118731365073575 ], [ 30.681020932010789, -5.120536925623704 ], [ 30.680120553753433, -5.120542108842522 ], [ 30.68013089319339, -5.122347671107289 ] ] ], [ [ [ 30.801705913275175, -5.1270522110408 ], [ 30.802606174878441, -5.127046850052233 ], [ 30.802600827948847, -5.126144196091139 ], [ 30.803501087339729, -5.126138834789554 ], [ 30.803495740105873, -5.1252361817464 ], [ 30.804395997284388, -5.125230820132248 ], [ 30.804390649746715, -5.124328168007254 ], [ 30.805290904712876, -5.124322806080986 ], [ 30.805280209985408, -5.122517503636804 ], [ 30.806180461481713, -5.122512142348445 ], [ 30.806175114292579, -5.121609492029484 ], [ 30.807075363576779, -5.121604130430132 ], [ 30.807059323967728, -5.118896182136886 ], [ 30.80615907845403, -5.118901540886855 ], [ 30.806121694914797, -5.112582987137916 ], [ 30.807021931638516, -5.112577635036421 ], [ 30.807005920679241, -5.109869685815336 ], [ 30.806105687719281, -5.109875035067524 ], [ 30.80608435815806, -5.106264431874566 ], [ 30.8069845861028, -5.106259086421417 ], [ 30.80697925484602, -5.105356436495748 ], [ 30.807879480582603, -5.10535109073581 ], [ 30.807874149027722, -5.104448441729247 ], [ 30.809674595129248, -5.104437748340379 ], [ 30.809813591296066, -5.127906563046992 ], [ 30.807112822757777, -5.127922675363741 ], [ 30.807118177889627, -5.12882532451601 ], [ 30.800816342404122, -5.128862882391008 ], [ 30.800810996084394, -5.127960226594707 ], [ 30.80171125990006, -5.127954865919609 ], [ 30.801705913275175, -5.1270522110408 ] ] ], [ [ [ 30.669218188493836, -5.103451152405741 ], [ 30.671018918506945, -5.103440849777904 ], [ 30.671024057687379, -5.104343640678532 ], [ 30.671924422566097, -5.104338486563092 ], [ 30.671929563921296, -5.105241276516999 ], [ 30.671029197788808, -5.105246431548684 ], [ 30.671034338811239, -5.106149222388349 ], [ 30.669233601275486, -5.106159530511637 ], [ 30.669218188493836, -5.103451152405741 ] ] ], [ [ [ 30.747483640541091, -5.09216579247822 ], [ 30.74568309871826, -5.092176286288582 ], [ 30.745688330645553, -5.093079000748671 ], [ 30.743887782563867, -5.093089491413314 ], [ 30.743893012929625, -5.093992207711625 ], [ 30.74299273622945, -5.093997452097224 ], [ 30.742997966283543, -5.094900169299007 ], [ 30.741197407565142, -5.094910656175389 ], [ 30.741202636056112, -5.095813375214062 ], [ 30.740302354038096, -5.095818617704166 ], [ 30.740307582216275, -5.096721337645638 ], [ 30.738507012863252, -5.096731820728302 ], [ 30.738517467027947, -5.09853726425174 ], [ 30.737617178441429, -5.098542505776379 ], [ 30.737622405678536, -5.099445228424915 ], [ 30.736722114902484, -5.099450469626831 ], [ 30.736727341825006, -5.100353193177272 ], [ 30.734026460117029, -5.100368912046333 ], [ 30.734021236951069, -5.099466185699611 ], [ 30.733120942426925, -5.099471421879528 ], [ 30.733089630609847, -5.094055057566448 ], [ 30.733989917625514, -5.094049826976361 ], [ 30.733984701016229, -5.093147100415382 ], [ 30.734884985844623, -5.093141869502977 ], [ 30.734879768921587, -5.092239143843264 ], [ 30.73578005156272, -5.092233912608994 ], [ 30.735774834326378, -5.091331187850766 ], [ 30.736675114780276, -5.091325956295081 ], [ 30.736669897231071, -5.090423232438564 ], [ 30.738470452826881, -5.090412767432014 ], [ 30.738465233715576, -5.08951004541017 ], [ 30.741166056326581, -5.08949434130058 ], [ 30.741160834404631, -5.088591622047699 ], [ 30.743861644821607, -5.08857590946265 ], [ 30.743856420090417, -5.087673192980735 ], [ 30.744756687102345, -5.087667953881154 ], [ 30.744751462061249, -5.08676523830295 ], [ 30.748352515717897, -5.086744273118809 ], [ 30.748347286621144, -5.085841561249418 ], [ 30.750147805311787, -5.08583107301468 ], [ 30.750168737332405, -5.089441912824512 ], [ 30.749268473461076, -5.08944716131044 ], [ 30.749273707568246, -5.090349872122026 ], [ 30.748373441506867, -5.090355120290427 ], [ 30.748378675304625, -5.091257832006821 ], [ 30.74747840705318, -5.091263079857247 ], [ 30.747483640541091, -5.09216579247822 ] ] ], [ [ [ 30.792485368421939, -5.090096486434358 ], [ 30.793385588137809, -5.090091176868426 ], [ 30.793396181653272, -5.091896506181415 ], [ 30.791595736271763, -5.091907127845428 ], [ 30.79157456304192, -5.088296461526519 ], [ 30.792474781210608, -5.088291155105712 ], [ 30.792485368421939, -5.090096486434358 ] ] ], [ [ [ 30.78526772705851, -5.087430898130997 ], [ 30.786167950630411, -5.087425601421796 ], [ 30.786162668143316, -5.086522929062462 ], [ 30.787062889516928, -5.086517632045819 ], [ 30.787057606731004, -5.085614960600578 ], [ 30.788858044131597, -5.085604364701539 ], [ 30.788863329414401, -5.086507034256539 ], [ 30.789763547937817, -5.086501733483913 ], [ 30.789779413234626, -5.089209739128301 ], [ 30.787978967744223, -5.08922034509366 ], [ 30.787973680859643, -5.088317674685539 ], [ 30.785273009246321, -5.0883335714042 ], [ 30.78526772705851, -5.087430898130997 ] ] ], [ [ [ 30.742872704106773, -5.073234948016925 ], [ 30.741972455173851, -5.073240169670195 ], [ 30.74196724889682, -5.072337450801293 ], [ 30.742867496584346, -5.072332230081828 ], [ 30.742862290000652, -5.071429512116246 ], [ 30.743762535504267, -5.071424291082062 ], [ 30.743767743333127, -5.072327008113618 ], [ 30.745568234013589, -5.07231656043099 ], [ 30.74557865747019, -5.074121990665164 ], [ 30.744678410108566, -5.074127216999799 ], [ 30.744683622000178, -5.075029933005612 ], [ 30.742883121967882, -5.075040383795631 ], [ 30.742872704106773, -5.073234948016925 ] ] ], [ [ [ 30.728297911762198, -5.043528144518541 ], [ 30.730998574969426, -5.043512624150734 ], [ 30.731008898682354, -5.045318086178527 ], [ 30.728308228044611, -5.045333612129943 ], [ 30.728297911762198, -5.043528144518541 ] ] ], [ [ [ 30.724666117689964, -5.038132395082379 ], [ 30.722865678253321, -5.038142714702327 ], [ 30.722860534544637, -5.037239975092207 ], [ 30.721960314662656, -5.03724513211279 ], [ 30.721965457134555, -5.038147872651709 ], [ 30.72016501209724, -5.038158184829249 ], [ 30.720170153028427, -5.039060927194869 ], [ 30.719269927873302, -5.039066082351146 ], [ 30.719264788179139, -5.038163339057397 ], [ 30.717464337545195, -5.038173643792416 ], [ 30.717459201257327, -5.037270898612866 ], [ 30.716558975778753, -5.037276048192268 ], [ 30.716553841659689, -5.036373302055056 ], [ 30.717454065901666, -5.036368153403108 ], [ 30.717448931478206, -5.035465408163147 ], [ 30.71834915355161, -5.035460259198882 ], [ 30.71834401882419, -5.034557514856398 ], [ 30.719244238729047, -5.034552365580272 ], [ 30.719239103698129, -5.033649622135483 ], [ 30.721939754108281, -5.033634169654967 ], [ 30.721944892846906, -5.034536910314735 ], [ 30.724645538564996, -5.034521443893597 ], [ 30.724650681945249, -5.035424181736123 ], [ 30.725550896553045, -5.035419022853959 ], [ 30.725556042103605, -5.036321759736807 ], [ 30.72465582625949, -5.036326919548434 ], [ 30.724666117689964, -5.038132395082379 ] ] ], [ [ [ 30.756007605701985, -5.00906442081527 ], [ 30.75420731082184, -5.009074767292636 ], [ 30.754202153951457, -5.008172059363885 ], [ 30.753302006328845, -5.008177229816492 ], [ 30.753296851628821, -5.007274520921074 ], [ 30.749696256647539, -5.007295186659421 ], [ 30.749680812937985, -5.004587048560798 ], [ 30.752381249526273, -5.004571559528651 ], [ 30.752386400174913, -5.005474269450737 ], [ 30.753286545051679, -5.005469103039861 ], [ 30.75328139317455, -5.004566394054074 ], [ 30.755081677648025, -5.004556059409169 ], [ 30.755086831982119, -5.005458766521683 ], [ 30.755986974035338, -5.005453596414397 ], [ 30.756007605701985, -5.00906442081527 ] ] ], [ [ [ 30.691667981075774, -4.595946728881978 ], [ 30.688968963464454, -4.595960726271462 ], [ 30.688964315904713, -4.595057940162966 ], [ 30.688064642648989, -4.595062602777169 ], [ 30.688059997138957, -4.594159815721328 ], [ 30.691658680116642, -4.594141162159208 ], [ 30.691667981075774, -4.595946728881978 ] ] ], [ [ [ 30.678966118683654, -4.57524764305117 ], [ 30.679865776411706, -4.575243011934225 ], [ 30.679870392449494, -4.576145807834449 ], [ 30.680770050379483, -4.576141174673566 ], [ 30.680774668460199, -4.577043969628634 ], [ 30.678075688541657, -4.577057868484845 ], [ 30.67807107382858, -4.576155070777081 ], [ 30.678970733599122, -4.576150439868956 ], [ 30.678966118683654, -4.57524764305117 ] ] ], [ [ [ 30.720223773391744, -4.550659067593939 ], [ 30.719324187513511, -4.550663724337719 ], [ 30.719305635612972, -4.547052699880204 ], [ 30.721104797515434, -4.547043392693957 ], [ 30.721109436325747, -4.547946146993998 ], [ 30.722009016996466, -4.547941490794427 ], [ 30.722022942357111, -4.550649750746764 ], [ 30.721123358339685, -4.550654409730285 ], [ 30.721128000872024, -4.551557163921085 ], [ 30.720228414808066, -4.551561822712504 ], [ 30.720223773391744, -4.550659067593939 ] ] ], [ [ [ 30.689683247630658, -4.380185185473239 ], [ 30.688783838127609, -4.380189631382577 ], [ 30.688788267307558, -4.381092422965507 ], [ 30.687888855808914, -4.381096868716484 ], [ 30.687893284836317, -4.381999661192738 ], [ 30.686094456926615, -4.382008551298701 ], [ 30.686090030047602, -4.381105756984009 ], [ 30.685190615785373, -4.381110199500545 ], [ 30.685181766937987, -4.379304608954728 ], [ 30.686081179052472, -4.379300168275956 ], [ 30.68607233174118, -4.377494579463055 ], [ 30.686971740787875, -4.377490139544778 ], [ 30.686967317440576, -4.376587346018119 ], [ 30.687866724493027, -4.376582905941907 ], [ 30.687862300994038, -4.375680113308368 ], [ 30.688761706052254, -4.375675673074672 ], [ 30.688752859673397, -4.37387008956809 ], [ 30.691451062882511, -4.373856767926142 ], [ 30.691446637858988, -4.372953978893514 ], [ 30.690547238783413, -4.372958419596968 ], [ 30.690542815754078, -4.372055629617948 ], [ 30.692341610839108, -4.372046748975554 ], [ 30.692363745929985, -4.376560689405563 ], [ 30.691464343486711, -4.376565134866853 ], [ 30.691473201834249, -4.378370712696288 ], [ 30.690573796322358, -4.378375158921002 ], [ 30.690578225806071, -4.379277948716609 ], [ 30.689678818298603, -4.379282394783859 ], [ 30.689683247630658, -4.380185185473239 ] ] ], [ [ [ 30.694942605537509, -4.352172135058994 ], [ 30.69404323474982, -4.352176558882233 ], [ 30.69404764176376, -4.353079345754012 ], [ 30.695846384550109, -4.35307049519425 ], [ 30.695841975402178, -4.35216771016479 ], [ 30.696741344343579, -4.352163284199628 ], [ 30.696745754558503, -4.353066068307594 ], [ 30.697645123643422, -4.353061640349766 ], [ 30.697649535849028, -4.35396442350993 ], [ 30.698548905077438, -4.353959993558989 ], [ 30.698562150439486, -4.356668340117088 ], [ 30.69766277800813, -4.356672772833867 ], [ 30.697667193908607, -4.357575555889643 ], [ 30.696767819485423, -4.357579988456088 ], [ 30.696772235241312, -4.358482772407481 ], [ 30.692275343935552, -4.358504923760554 ], [ 30.692266524029559, -4.356699346621062 ], [ 30.691367145136812, -4.356703771833298 ], [ 30.691358331055959, -4.354898192748662 ], [ 30.688660195252478, -4.354911456433108 ], [ 30.6886557927977, -4.354008664091856 ], [ 30.687756413420761, -4.35401308225718 ], [ 30.687734420302981, -4.349499115562577 ], [ 30.688633794345847, -4.349494701994677 ], [ 30.688629397419849, -4.348591909497096 ], [ 30.689528769475128, -4.348587495778567 ], [ 30.689524372404659, -4.347684704174649 ], [ 30.690423742472365, -4.347680290305939 ], [ 30.690419345257865, -4.346777499595907 ], [ 30.691318713338006, -4.346773085577466 ], [ 30.69131431597993, -4.345870295761547 ], [ 30.695811137217422, -4.345848214228797 ], [ 30.695819943511196, -4.347653784626486 ], [ 30.694920578978149, -4.347658204914367 ], [ 30.694924982443993, -4.348560990995404 ], [ 30.694025615922072, -4.348565411134473 ], [ 30.694034423490354, -4.350370985060472 ], [ 30.69493379214472, -4.350366563079321 ], [ 30.694942605537509, -4.352172135058994 ] ] ], [ [ [ 30.686686138999558, -4.318808506053745 ], [ 30.68758547783991, -4.318804124809712 ], [ 30.687589843302366, -4.31970691908305 ], [ 30.686690503403231, -4.31971130124627 ], [ 30.686686138999558, -4.318808506053745 ] ] ], [ [ [ 30.740591769352836, -4.30771087273235 ], [ 30.741491039851372, -4.307706438923089 ], [ 30.741499876318233, -4.309511916948295 ], [ 30.740600603707932, -4.30951635262263 ], [ 30.740591769352836, -4.30771087273235 ] ] ], [ [ [ 30.734274817108538, -4.303228146937036 ], [ 30.738771166564501, -4.303206027670496 ], [ 30.738775576494923, -4.304108769622501 ], [ 30.739674844640643, -4.304104341661116 ], [ 30.73968366941256, -4.305909823623285 ], [ 30.740582938734359, -4.30590539273841 ], [ 30.740591769352836, -4.30771087273235 ], [ 30.739692497920153, -4.307715305481848 ], [ 30.739696913574846, -4.308618046372263 ], [ 30.738797640152445, -4.308622478994085 ], [ 30.73880205568506, -4.309525220790674 ], [ 30.735204948436504, -4.309542944404098 ], [ 30.73519612675225, -4.307737453332717 ], [ 30.734296849719335, -4.30774187972353 ], [ 30.734274817108538, -4.303228146937036 ] ] ], [ [ [ 30.677627502980908, -4.305310191362294 ], [ 30.679426166427838, -4.305301476578713 ], [ 30.679430508576193, -4.306204279503707 ], [ 30.677631843018304, -4.306212996121365 ], [ 30.677627502980908, -4.305310191362294 ] ] ], [ [ [ 30.743964617880831, -4.261653549325157 ], [ 30.744863831093284, -4.261649158878997 ], [ 30.744859457730797, -4.260746422244883 ], [ 30.746657879262234, -4.260737640074772 ], [ 30.746662254712987, -4.261640374841576 ], [ 30.747561465119791, -4.261635981250327 ], [ 30.74757460021841, -4.264344182594826 ], [ 30.746675386677893, -4.264348578988052 ], [ 30.746684145998433, -4.266154048290697 ], [ 30.743986493494184, -4.266167236777515 ], [ 30.743964617880831, -4.261653549325157 ] ] ], [ [ [ 30.72043321869549, -4.230170656297336 ], [ 30.716836405302477, -4.230187968788234 ], [ 30.716832096790064, -4.229285202432758 ], [ 30.714134480111227, -4.229298173094888 ], [ 30.714138785514134, -4.230200942228713 ], [ 30.715037993037761, -4.230196618789297 ], [ 30.715050917920667, -4.232904923260716 ], [ 30.714151707286184, -4.232909249477826 ], [ 30.714156016397986, -4.233812018510059 ], [ 30.715055228069872, -4.233807691367047 ], [ 30.715059539146537, -4.234710459447966 ], [ 30.716857961782935, -4.234701800184563 ], [ 30.716862275862738, -4.235604566387583 ], [ 30.715963063970548, -4.235608897466561 ], [ 30.715971692837588, -4.237414431649018 ], [ 30.715072477941355, -4.237418763538185 ], [ 30.715081108441964, -4.239224299471164 ], [ 30.715980325415437, -4.239219965729727 ], [ 30.715984643095933, -4.240122732731913 ], [ 30.715085425083501, -4.24012706739949 ], [ 30.715089742652545, -4.241029835302363 ], [ 30.714190522673427, -4.241034169852662 ], [ 30.71420347782669, -4.243742476186285 ], [ 30.712405028849016, -4.243751147710129 ], [ 30.712409347007849, -4.244653918288253 ], [ 30.71151012008853, -4.244658253409279 ], [ 30.7115144381339, -4.245561024887193 ], [ 30.710615209247624, -4.245565359888922 ], [ 30.710632486532017, -4.249176449245932 ], [ 30.709733252555786, -4.249180786902378 ], [ 30.709737573151514, -4.25008356010273 ], [ 30.708838337207627, -4.250087897638321 ], [ 30.708834017653345, -4.249185123513366 ], [ 30.707035545070724, -4.249193793598949 ], [ 30.707031228524905, -4.248291017599975 ], [ 30.706131991886402, -4.248295350150628 ], [ 30.706127677307137, -4.247392573202244 ], [ 30.705228440784349, -4.247396903783936 ], [ 30.705219816483112, -4.245591347963345 ], [ 30.704320581116633, -4.245595675653041 ], [ 30.70430765472323, -4.242887338960788 ], [ 30.705206886969297, -4.242883014041516 ], [ 30.705193965781014, -4.240174679890685 ], [ 30.706093193983641, -4.240170356698564 ], [ 30.706067370352329, -4.234753693252563 ], [ 30.705168148380434, -4.234758010902593 ], [ 30.705155252167863, -4.232049676065624 ], [ 30.704256032383334, -4.232053989903384 ], [ 30.704247441607066, -4.230248431371606 ], [ 30.705146659317794, -4.230244119380735 ], [ 30.705138070167663, -4.228438562594368 ], [ 30.706037284880516, -4.228434251410023 ], [ 30.706032990656801, -4.227531473902459 ], [ 30.706932203408346, -4.227527162601643 ], [ 30.706927909073936, -4.226624385992607 ], [ 30.708726329728801, -4.226615762119039 ], [ 30.708722034248503, -4.225712987333078 ], [ 30.70962124215162, -4.225708674761005 ], [ 30.709616946561741, -4.224805900874239 ], [ 30.713213764769609, -4.224788643889783 ], [ 30.713205168087462, -4.222983103441018 ], [ 30.715003567490289, -4.222974472415332 ], [ 30.71500786743778, -4.223877240800856 ], [ 30.719503854886131, -4.223855640422161 ], [ 30.719508160936783, -4.224758404149579 ], [ 30.721306551488325, -4.224749754869296 ], [ 30.721328106027546, -4.229263563852381 ], [ 30.720428906037149, -4.229267893649447 ], [ 30.72043321869549, -4.230170656297336 ] ] ], [ [ [ 30.722184208882389, -4.220231623690972 ], [ 30.721285020173358, -4.220235945251871 ], [ 30.721289324578443, -4.221138707226072 ], [ 30.718591749775836, -4.221151668460843 ], [ 30.718596052006472, -4.222054433191328 ], [ 30.717696857514269, -4.222058752452701 ], [ 30.717692556318109, -4.221155986795449 ], [ 30.716793361932329, -4.221160304091558 ], [ 30.716763286779582, -4.214840937295719 ], [ 30.717662473930243, -4.214836626485361 ], [ 30.717653887314526, -4.213031094740359 ], [ 30.721250618374171, -4.213013848546243 ], [ 30.721254915347863, -4.213916610723065 ], [ 30.722154096823523, -4.2139122956557 ], [ 30.72216269562319, -4.215717818078127 ], [ 30.723061878235274, -4.21571350011834 ], [ 30.723079091118105, -4.219324540947803 ], [ 30.72217990437224, -4.219328862619078 ], [ 30.722184208882389, -4.220231623690972 ] ] ], [ [ [ 30.716613592909336, -4.183244084755082 ], [ 30.720210191897738, -4.183226965047813 ], [ 30.7202144571954, -4.184129728984149 ], [ 30.722012753169643, -4.184121161100822 ], [ 30.722017021446433, -4.185023923157102 ], [ 30.722916169065535, -4.185019636743633 ], [ 30.722920439296804, -4.185922397846976 ], [ 30.72381958701224, -4.185918109475931 ], [ 30.72382385919845, -4.186820869626104 ], [ 30.724723007010205, -4.186816579297039 ], [ 30.724740109154428, -4.19042761593314 ], [ 30.725639260141701, -4.190423320860186 ], [ 30.725660663875853, -4.194937111446376 ], [ 30.727458973333377, -4.194928508919663 ], [ 30.727463258925823, -4.195831265103656 ], [ 30.729261566717806, -4.195822656590484 ], [ 30.729265855296951, -4.196725410890719 ], [ 30.731064161422012, -4.196716796389344 ], [ 30.731068452988733, -4.197619548804913 ], [ 30.731967605682858, -4.197615239075564 ], [ 30.731980489057083, -4.200323493380673 ], [ 30.731081333276506, -4.200327805900199 ], [ 30.731085628568319, -4.2012305582148 ], [ 30.730186470827192, -4.201234870630869 ], [ 30.730190766020804, -4.202137623850057 ], [ 30.72839244568658, -4.202146247440635 ], [ 30.728396739751812, -4.20304900249358 ], [ 30.723900917485555, -4.203070548022832 ], [ 30.723905207331587, -4.203973307694177 ], [ 30.722106869856976, -4.203981920523774 ], [ 30.722098295213918, -4.202176397444036 ], [ 30.721199127142647, -4.202180700452245 ], [ 30.721194842244255, -4.201277937946897 ], [ 30.720295674273707, -4.201282238993919 ], [ 30.720287109321848, -4.199476712052756 ], [ 30.719387942481127, -4.199481010211867 ], [ 30.719375105103804, -4.196772716829507 ], [ 30.718475940420713, -4.196777011174667 ], [ 30.718471664179887, -4.195874245736535 ], [ 30.719370827834755, -4.195869952318308 ], [ 30.719353728042041, -4.192258894021603 ], [ 30.71845456849783, -4.192263183732122 ], [ 30.718450296897604, -4.191360418168069 ], [ 30.7175511374524, -4.191364705920525 ], [ 30.717546867807172, -4.19046193940461 ], [ 30.716647708460975, -4.190466225199444 ], [ 30.716643440770294, -4.189563457731896 ], [ 30.714845121348525, -4.189572024376497 ], [ 30.7148408566384, -4.188669255031526 ], [ 30.713941696563069, -4.188673535881952 ], [ 30.713937433806379, -4.187770765586035 ], [ 30.713038273830321, -4.187775044480387 ], [ 30.713034013026622, -4.186872273233759 ], [ 30.711235692346548, -4.186880826081133 ], [ 30.711231434521203, -4.185978052958899 ], [ 30.707634786150628, -4.185995142594499 ], [ 30.707630533353967, -4.185092365748875 ], [ 30.708529695809656, -4.185088095808996 ], [ 30.708525442913, -4.184185319862498 ], [ 30.707626281482696, -4.184189588878144 ], [ 30.707622030536815, -4.183286811982314 ], [ 30.705823706950618, -4.183295345077548 ], [ 30.705810965813559, -4.180587008696161 ], [ 30.706710124995059, -4.180582745434486 ], [ 30.706705878774933, -4.179679967514309 ], [ 30.707605036007021, -4.179675704148096 ], [ 30.70760078968798, -4.178772927126846 ], [ 30.711197405264361, -4.178755867077198 ], [ 30.711201655679549, -4.179658640400232 ], [ 30.712999959959198, -4.179650102356565 ], [ 30.713008467665766, -4.181455645226484 ], [ 30.714806772336015, -4.18144709936703 ], [ 30.714811029628713, -4.182349868912999 ], [ 30.716609332639685, -4.182341317086463 ], [ 30.716613592909336, -4.183244084755082 ] ] ], [ [ [ 30.775405046497919, -4.066510217937342 ], [ 30.774506086456871, -4.066514441839315 ], [ 30.774510292786385, -4.067417152011689 ], [ 30.772712367888175, -4.067425598696115 ], [ 30.772703960154168, -4.065620174565443 ], [ 30.775400840114067, -4.065607508681097 ], [ 30.775405046497919, -4.066510217937342 ] ] ], [ [ [ 30.66647984578124, -3.829567319030879 ], [ 30.667378661918793, -3.829563454533346 ], [ 30.667382510176967, -3.830466280351322 ], [ 30.664686056209689, -3.830477873758007 ], [ 30.664678366234487, -3.828672216618464 ], [ 30.666475999374669, -3.828664492276333 ], [ 30.66647984578124, -3.829567319030879 ] ] ], [ [ [ 30.682615950584275, -3.819566699662725 ], [ 30.678121990064422, -3.819586042368681 ], [ 30.678125839496776, -3.82048885745705 ], [ 30.672733051019321, -3.82051204319286 ], [ 30.672729207199946, -3.819609222609879 ], [ 30.67093160558845, -3.819616941840186 ], [ 30.670916246941793, -3.816005651960816 ], [ 30.671815044465149, -3.816001796474512 ], [ 30.671811206155734, -3.815098974862349 ], [ 30.673608796588791, -3.815091262903786 ], [ 30.673604957325907, -3.814188443098979 ], [ 30.67720012346976, -3.814173011583124 ], [ 30.677203966469289, -3.8150758277249 ], [ 30.679900334260221, -3.81506424148685 ], [ 30.679904180979058, -3.815967054856175 ], [ 30.681701756791028, -3.815959324171026 ], [ 30.681705606295907, -3.816862135683314 ], [ 30.682604393760574, -3.816858268015312 ], [ 30.682615950584275, -3.819566699662725 ] ] ], [ [ [ 30.77860575590805, -3.565480730326898 ], [ 30.779504190949094, -3.565477022070807 ], [ 30.779500500312462, -3.564574306611827 ], [ 30.780398933540784, -3.564570598420655 ], [ 30.780402625049629, -3.565473312938218 ], [ 30.781301058209422, -3.565469602929137 ], [ 30.781308445794409, -3.567275030016333 ], [ 30.779511575043905, -3.567282452924127 ], [ 30.779507882526239, -3.566379737508242 ], [ 30.778609446612752, -3.566383446705531 ], [ 30.77860575590805, -3.565480730326898 ] ] ], [ [ [ 30.737073783636411, -3.515095800180907 ], [ 30.737972213187447, -3.515092184379704 ], [ 30.737983014030423, -3.517800463403916 ], [ 30.73708458189812, -3.517804081997721 ], [ 30.737091785388415, -3.519609603103061 ], [ 30.736193350604317, -3.519613222693246 ], [ 30.73619695288291, -3.520515984144791 ], [ 30.735298516307882, -3.52051960380004 ], [ 30.735302118654552, -3.521422366160825 ], [ 30.732606800769304, -3.521433222722952 ], [ 30.732610401460061, -3.522335987852506 ], [ 30.730813516502277, -3.522343223090316 ], [ 30.730809917535087, -3.521440456101898 ], [ 30.729911474525426, -3.521444071492616 ], [ 30.729907877348094, -3.520541303553917 ], [ 30.729009434271941, -3.520544917149919 ], [ 30.729005838884024, -3.519642148261169 ], [ 30.729904281098833, -3.519638535594038 ], [ 30.729879133339466, -3.513319159282349 ], [ 30.730777568603017, -3.513315552253435 ], [ 30.730773978918556, -3.512412785053405 ], [ 30.7316724123943, -3.512409178089959 ], [ 30.731668822778744, -3.511506411798098 ], [ 30.732567254466677, -3.511502804900567 ], [ 30.732570844941563, -3.512405570262903 ], [ 30.735266137010317, -3.512394741600131 ], [ 30.735269730992549, -3.51329750415142 ], [ 30.736168160683249, -3.513293891939558 ], [ 30.73617175645461, -3.514196653539284 ], [ 30.737070186075485, -3.514193039532974 ], [ 30.737073783636411, -3.515095800180907 ] ] ], [ [ [ 30.724452707303943, -3.504313045376063 ], [ 30.723554274134816, -3.504316637082844 ], [ 30.723557848604543, -3.505219411899159 ], [ 30.720862540966657, -3.505230184630802 ], [ 30.720858969069752, -3.5043274070333 ], [ 30.719960532196239, -3.504330995293472 ], [ 30.719939125396724, -3.498914323706628 ], [ 30.72353284677137, -3.498899987742702 ], [ 30.723536415682574, -3.499802762685349 ], [ 30.724434844567046, -3.499799175616081 ], [ 30.72443841526114, -3.500701949610186 ], [ 30.725336844075464, -3.500698360752667 ], [ 30.725343989957203, -3.502503906822275 ], [ 30.724445559429256, -3.502507497535245 ], [ 30.724452707303943, -3.504313045376063 ] ] ], [ [ [ 30.740574172705159, -3.491609644925739 ], [ 30.73967576823172, -3.491613239100393 ], [ 30.739682922922434, -3.493418755843426 ], [ 30.738784515809577, -3.493422351022164 ], [ 30.73878809369565, -3.494325110293401 ], [ 30.737889684797775, -3.494328705544286 ], [ 30.737893262758917, -3.495231465725533 ], [ 30.736096440463406, -3.495238655511344 ], [ 30.736100017643867, -3.496141417532983 ], [ 30.735201604246438, -3.496145012067237 ], [ 30.735205181500866, -3.497047774998217 ], [ 30.732509933167123, -3.49705855623326 ], [ 30.732513508783519, -3.497961321933018 ], [ 30.730716670205997, -3.497968506982715 ], [ 30.730713096301162, -3.497065739424186 ], [ 30.72891625572251, -3.497072919175788 ], [ 30.72891268445699, -3.496170149738342 ], [ 30.728014263631533, -3.49617373739578 ], [ 30.728010694149091, -3.495270967008699 ], [ 30.727112273251493, -3.495274552878135 ], [ 30.727108705551679, -3.494371781541651 ], [ 30.726210284581942, -3.494375365623527 ], [ 30.726206718664322, -3.493472593337871 ], [ 30.72261302893682, -3.493486917363081 ], [ 30.722609467365064, -3.492584141346027 ], [ 30.720812618652925, -3.492591296350907 ], [ 30.720805501705414, -3.490785740546104 ], [ 30.722602347, -3.490778589248933 ], [ 30.7225987882067, -3.489875813168904 ], [ 30.727090880961612, -3.489857924544095 ], [ 30.727087318825358, -3.488955153081594 ], [ 30.728884147730529, -3.48894799348212 ], [ 30.728880584814373, -3.488045223855592 ], [ 30.72977899702197, -3.48804164369791 ], [ 30.729775434180151, -3.487138874979212 ], [ 30.731572254104702, -3.48713171394931 ], [ 30.731568690484544, -3.48622894706792 ], [ 30.734263910848888, -3.486218201881831 ], [ 30.734260345598415, -3.485315437768556 ], [ 30.736955555043043, -3.485304687659271 ], [ 30.736959122852138, -3.486207448981452 ], [ 30.738755926206299, -3.486200276095541 ], [ 30.738759496651234, -3.48710303553489 ], [ 30.739657897786323, -3.487099446874992 ], [ 30.739661470014692, -3.488002205362088 ], [ 30.740559871072719, -3.487998614913372 ], [ 30.740574172705159, -3.491609644925739 ] ] ], [ [ [ 30.774662406910409, -3.478834321560103 ], [ 30.773764049891685, -3.478837935193638 ], [ 30.773771243233551, -3.480643381420226 ], [ 30.772872883573587, -3.480646996077983 ], [ 30.772880078967113, -3.482452444099879 ], [ 30.773778440330453, -3.48244882756272 ], [ 30.773789243016587, -3.485156996618692 ], [ 30.774687605997869, -3.485153376405695 ], [ 30.774691209623491, -3.486056098442329 ], [ 30.775589572518449, -3.486052476432457 ], [ 30.775593177935978, -3.486955197507877 ], [ 30.776491540744605, -3.486951573700689 ], [ 30.776495147954488, -3.487854293814667 ], [ 30.77739351067677, -3.487850668209719 ], [ 30.777400729621831, -3.489656106493245 ], [ 30.778299093111315, -3.48965247814927 ], [ 30.778317161189765, -3.494166068784851 ], [ 30.777418793429174, -3.494169701832986 ], [ 30.777422409009773, -3.49507242083762 ], [ 30.774727297525899, -3.495083317649587 ], [ 30.77472368450999, -3.494180595823776 ], [ 30.773825312991871, -3.494184225436153 ], [ 30.773821701769698, -3.493281502649289 ], [ 30.772923330167433, -3.493285130462993 ], [ 30.772916112248254, -3.491479682946531 ], [ 30.772017741416111, -3.491483308022505 ], [ 30.772014134718436, -3.490580583293145 ], [ 30.771115763801959, -3.490584206571554 ], [ 30.771112158896454, -3.489681480881843 ], [ 30.770213787895642, -3.489685102363128 ], [ 30.770210184781867, -3.488782375713297 ], [ 30.769311813696735, -3.488785995397901 ], [ 30.769308212374249, -3.487883267788182 ], [ 30.7684098412048, -3.487886885676546 ], [ 30.768402643078957, -3.486081428516741 ], [ 30.767504272678149, -3.486085043670934 ], [ 30.767486298030246, -3.481571395711365 ], [ 30.76658793095358, -3.481575005317841 ], [ 30.766584339687252, -3.480672274724713 ], [ 30.765685972525215, -3.480675882537397 ], [ 30.76568238304726, -3.47977315098534 ], [ 30.764784015799851, -3.479776757004674 ], [ 30.764794784489144, -3.482484954410906 ], [ 30.762998042075207, -3.482492169507443 ], [ 30.762976523340917, -3.477075763257638 ], [ 30.763874889908291, -3.477072161760923 ], [ 30.76386772278471, -3.475266694717567 ], [ 30.764766086714985, -3.47526309424101 ], [ 30.764758921636648, -3.47345762898869 ], [ 30.765657282930512, -3.473454029533179 ], [ 30.76566086585127, -3.474356761232139 ], [ 30.766559227058242, -3.474353159984846 ], [ 30.766555643287653, -3.473450429223793 ], [ 30.767454002707844, -3.473446828060536 ], [ 30.767450419024595, -3.472544098216642 ], [ 30.77104384393305, -3.472529688779734 ], [ 30.771047431014694, -3.473432414868896 ], [ 30.772844139540652, -3.473425203149969 ], [ 30.772847729259961, -3.474327927339451 ], [ 30.773746082965104, -3.474324319259542 ], [ 30.773749674472946, -3.475227042488353 ], [ 30.774648028089377, -3.475223432614476 ], [ 30.774662406910409, -3.478834321560103 ] ] ], [ [ [ 30.784490288840725, -3.465253835178856 ], [ 30.784493881134736, -3.466156547323884 ], [ 30.785392214979382, -3.466152936624707 ], [ 30.785424595626697, -3.474277336503114 ], [ 30.786322936169405, -3.474273716466806 ], [ 30.786344570743275, -3.479689976450485 ], [ 30.787242915447219, -3.479686349902015 ], [ 30.78725374800382, -3.482394476780756 ], [ 30.788152094320189, -3.482390846547186 ], [ 30.788162937912222, -3.485098970406598 ], [ 30.789061285842774, -3.485095336486584 ], [ 30.789068521321248, -3.486900750400499 ], [ 30.789966870014691, -3.486897113736409 ], [ 30.789981355696028, -3.490507937536237 ], [ 30.789083003589052, -3.490511577975195 ], [ 30.789086626512454, -3.491414284816102 ], [ 30.785493205245096, -3.491428841764704 ], [ 30.785489585737501, -3.490526131151134 ], [ 30.784591228919819, -3.490529767300122 ], [ 30.784583994436971, -3.488724344124458 ], [ 30.78368563838508, -3.48872797753067 ], [ 30.783671184128831, -3.485117127156751 ], [ 30.782772830547582, -3.485120755936768 ], [ 30.782765610771442, -3.483315328739066 ], [ 30.78186725795382, -3.483318954778543 ], [ 30.781852833100018, -3.479708096362804 ], [ 30.780954482748211, -3.47971171777923 ], [ 30.780950879737752, -3.478809002181001 ], [ 30.780052529296512, -3.478812621800596 ], [ 30.780048928077459, -3.477909905239867 ], [ 30.77915057754679, -3.477913523063072 ], [ 30.7791469781187, -3.477010805540075 ], [ 30.78004532779871, -3.477007188658119 ], [ 30.780041728460255, -3.476104472055357 ], [ 30.779143379630678, -3.476108087996065 ], [ 30.779128995079265, -3.472497217610019 ], [ 30.780027340509317, -3.472493605434285 ], [ 30.780005786791097, -3.467077304873194 ], [ 30.776412419802071, -3.467091725872967 ], [ 30.776408834198595, -3.466189005275834 ], [ 30.775510490950396, -3.466192607454787 ], [ 30.775506907134059, -3.465289885896376 ], [ 30.773710219516065, -3.465297085818131 ], [ 30.773706638333994, -3.46439436235878 ], [ 30.77460498176487, -3.464390763763708 ], [ 30.774597820522306, -3.462585318662012 ], [ 30.775496161319804, -3.462581721095555 ], [ 30.775492581259954, -3.461678999453439 ], [ 30.777289258343593, -3.461671803647944 ], [ 30.777292840097235, -3.462574523409176 ], [ 30.779089515116421, -3.462567322318204 ], [ 30.779093099503839, -3.463470040176738 ], [ 30.779991436450647, -3.463466437413319 ], [ 30.779995022625396, -3.464369154309699 ], [ 30.78269003036548, -3.464358338086309 ], [ 30.782693620023085, -3.465261052136741 ], [ 30.784490288840725, -3.465253835178856 ] ] ], [ [ [ 30.699260526948542, -2.05267735110936 ], [ 30.699268846960127, -2.056288639016156 ], [ 30.696576751746505, -2.05629492023563 ], [ 30.696566361546726, -2.051780796520987 ], [ 30.698361087588317, -2.051776618745695 ], [ 30.69836316480006, -2.052679441673472 ], [ 30.699260526948542, -2.05267735110936 ] ] ] ] } }
]
}
