h3_index,flood_area_km2,month,quality
876ac2a69ffffff,,,
876aee5a1ffffff,,,
876ac48cbffffff,,,
876ac672dffffff,,,
8796d6c60ffffff,0.07999999999989522,2026-07,valid
876ac0454ffffff,,,
876ac22b6ffffff,,,
876ac4118ffffff,,,
876aeed54ffffff,,,
876ae369effffff,,,
8796d2036ffffff,,,
876ad3428ffffff,,,
876ad528affffff,,,
876ad52f4ffffff,,,
876aeeceaffffff,,,
876ac5014ffffff,,,
876adadb0ffffff,,,
876ad3492ffffff,,,
8796d36e5ffffff,,,
876af1369ffffff,,,
876ad1630ffffff,,,
876adcc12ffffff,,,
876ac5831ffffff,,,
8796d20a0ffffff,,,
876ac0b9dffffff,,,
876ac4861ffffff,,,
876ad0660ffffff,,,
876ac66c3ffffff,,,
876ac40aeffffff,,,
876af1a48ffffff,,,
8796d6443ffffff,,,
876ad3b71ffffff,,,
876af1b1cffffff,,,
876af1295ffffff,,,
876ad155cffffff,,,
8796d2853ffffff,,,
876ad5220ffffff,,,
876ac4182ffffff,,,
876aeec80ffffff,,,
876ac2320ffffff,,,
876ac0b33ffffff,,,
876ac2995ffffff,,,
876ae26ceffffff,,,
876aee4cdffffff,,,
876ada593ffffff,,,
876ac6659ffffff,,,
876adc533ffffff,,,
8796d6b8cffffff,,,
876ad0734ffffff,,,
8796d3006ffffff,,,
876ac4935ffffff,,,
876ac4044ffffff,,,
8796d2715ffffff,,,
876ac2ad3ffffff,,,
876ad1ca5ffffff,,,
876af3840ffffff,,,
876ad5969ffffff,,,
876ac0c71ffffff,,,
876af122bffffff,,,
876ad14f2ffffff,,,
876ad3354ffffff,,,
876adcce6ffffff,,,
876aeec16ffffff,,,
876adacdcffffff,,,
876ac50e8ffffff,,,
8796d3611ffffff,,,
876ac6da2ffffff,,,
876ade9a0ffffff,,,
876ac292bffffff,,,
876aee463ffffff,,,
876ac478dffffff,,,
876ad535effffff,,,
876ada529ffffff,,,
8796d6b22ffffff,,,
876ad169affffff,,,
8796d26abffffff,,,
876ac589bffffff,,,
8796d210affffff,,,
876ad3a9dffffff,,,
8796d0096ffffff,,,
8796d02a8ffffff,,,
876ad1488ffffff,,,
8796d3d5affffff,,,
876ad32eaffffff,,,
876ad5b11ffffff,,,
876ade936ffffff,,,
876ac28c1ffffff,,,
876ac604effffff,,,
876ac4723ffffff,,,
876ac6585ffffff,,,
876ade183ffffff,,,
876ac238affffff,,,
876ac210effffff,,,
876ac0528ffffff,,,
8796d2641ffffff,,,
8796d44a3ffffff,,,
8796d6305ffffff,,,
876ad3a33ffffff,,,
876ae34f6ffffff,,,
876adc59dffffff,,,
876ad141effffff,,,
876ac6801ffffff,,,
8796d3070ffffff,,,
8796d3cf0ffffff,,,
876ad3280ffffff,,,
876ac6cceffffff,,,
876ac0cdbffffff,,,
876ade8ccffffff,,,
876adebb2ffffff,,,
8796d2d8affffff,,,
876ac651bffffff,,,
876adcd50ffffff,,,
876ade119ffffff,,,
8796d3823ffffff,,,
876ac20a4ffffff,,,
8796d0775ffffff,,,
876ac5152ffffff,,,
876ac5d68ffffff,,,
8796d629bffffff,,,
876ae348cffffff,,,
876ac55b5ffffff,,,
876ad13b4ffffff,,,
876af10edffffff,,,
8796d3c86ffffff,,,
876ad3216ffffff,,,
876ad3566ffffff,,,
8796d34d3ffffff,,,
876ac6c64ffffff,,,
876ad1704ffffff,,,
876ac5905ffffff,,,
8796d2174ffffff,,,
876ade862ffffff,,,
8796d0312ffffff,,,
876ac098bffffff,,,
8796d2d20ffffff,,,
876ac64b1ffffff,,,
876ad22b0ffffff,,,
876af3a52ffffff,,,
8796d070bffffff,,,
8796d256dffffff,,,
8796d6231ffffff,,,
876ad0055ffffff,,,
876ac4256ffffff,,,
876ac554bffffff,,,
876ad134affffff,,,
876af1083ffffff,,,
8796d3c1cffffff,,,
876ac0592ffffff,,,
876ac4d98ffffff,,,
876ade469ffffff,0.019999999999976717,2026-07,valid
8796d3469ffffff,,,
876ad266affffff,,,
876adc996ffffff,,,
876ac686bffffff,,,
8796d30daffffff,,,
876ac4a09ffffff,,,
876ac0921ffffff,,,
876ac2783ffffff,,,
8796d2cb6ffffff,,,
876ac0d45ffffff,,,
876ac016effffff,,,
8796d06a1ffffff,,,
8796d2503ffffff,,,
876ac5c94ffffff,,,
876adec1cffffff,,,
876ad1a93ffffff,,,
876ad38f5ffffff,,,
8796d388dffffff,,,
876ac54e1ffffff,,,
876ad12e0ffffff,,,
876ad3142ffffff,,,
876ac4d2effffff,,,
876ac6b90ffffff,,,
876ac2719ffffff,,,
8796d2c4cffffff,,,
876ad176effffff,,,
8796d6910ffffff,,,
876ac0104ffffff,,,
8796d2499ffffff,,,
876ac5c2affffff,,,
876ad1a29ffffff,,,
876af1762ffffff,,,
8796d615dffffff,,,
876ad388bffffff,,,
876ad56edffffff,,,
876ae334effffff,,,
876ad1276ffffff,,,
876ad30d8ffffff,,,
8796d6655ffffff,,,
876aee99affffff,,,
876ac4cc4ffffff,,,
876ad0ac3ffffff,,,
8796d3395ffffff,,,
876ac6122ffffff,,,
8796d2991ffffff,,,
876ac6b26ffffff,,,
876ac42c0ffffff,,,
876adc8c2ffffff,,,
876ade724ffffff,,,
876ac084dffffff,,,
876ac245effffff,,,
8796d0d80ffffff,,,
876ac4511ffffff,0.28000000000006986,2025-05,valid
876ad0310ffffff,,,
876ac6373ffffff,,,
8796d68a6ffffff,,,
876ade4d3ffffff,,,
876ac009affffff,,,
8796d60f3ffffff,,,
876ac68d5ffffff,,,
8796d3144ffffff,,,
876ad3821ffffff,,,
876ac4a73ffffff,,,
876ad5683ffffff,,,
876ae32e4ffffff,,,
876ac2c11ffffff,,,
876ac540dffffff,,,
876ad120cffffff,,,
876ad306effffff,,,
876ac4c5affffff,,,
876ad0a59ffffff,,,
876adec86ffffff,,,
876ac2645ffffff,,,
876ad02a6ffffff,,,
876ad1025ffffff,,,
876ac6309ffffff,,,
876adc0a5ffffff,,,
876ac0030ffffff,,,
8796d0563ffffff,,,
876ac5b56ffffff,,,
876ad1955ffffff,,,
876af168effffff,,,
8796d6089ffffff,,,
876ad5619ffffff,,,
876ac53a3ffffff,,,
876ad11a2ffffff,,,
876ad3004ffffff,,,
876ac2d8effffff,,,
876af1511ffffff,,,
876ac6a52ffffff,,,
8796d2248ffffff,,,
8796d0cacffffff,,,
8796d2b0effffff,,,
8796d235bffffff,,,
876ad18ebffffff,,,
876af1624ffffff,,,
876ad374dffffff,,,
876af3b26ffffff,,,
876ae3210ffffff,,,
876ac618cffffff,,,
876aded99ffffff,,,
876ac432affffff,,,
876ac2d24ffffff,,,
876ac24c8ffffff,,,
876ac4b86ffffff,,,
876ac2571ffffff,,,
8796d0c42ffffff,,,
8796d2aa4ffffff,,,
876ac6235ffffff,,,
8796d31aeffffff,,,
876ac4addffffff,,,
8796d6768ffffff,,,
8796d22f1ffffff,,,
876ac5a82ffffff,,,
876ad1881ffffff,,,
876ad36e3ffffff,,,
876ad10ceffffff,,,
8796d39a0ffffff,,,
876adecf0ffffff,,,
876ac4b1cffffff,,,
8796d3961ffffff,,,
876ac06a5ffffff,,,
876ac4369ffffff,,,
876af3b65ffffff,,,
8796d0425ffffff,,,
876ac5a18ffffff,,,
876ad36a4ffffff,,,
876af1550ffffff,,,
876ad1842ffffff,,,
8796d22b2ffffff,,,
876ad1064ffffff,,,
8796d3936ffffff,,,
8796d0450ffffff,,,
876adecc5ffffff,,,
876ac2c50ffffff,,,
876ac4ab2ffffff,,,
8796d3183ffffff,,,
876ac6914ffffff,,,
876ade512ffffff,,,
876ac249dffffff,,,
8796d6729ffffff,,,
876ac6161ffffff,,,
876af1c99ffffff,,,
8796d6694ffffff,,,
8796d2a65ffffff,,,
876ac4394ffffff,,,
8796d0c03ffffff,,,
876ac2532ffffff,,,
8796d221dffffff,,,
876ac59aeffffff,,,
876ac06d0ffffff,,,
876ad17adffffff,,,
876af14e6ffffff,,,
876af3348ffffff,,,
876ac69a9ffffff,,,
8796d38ccffffff,,,
876adec5bffffff,,,
876ac0d84ffffff,,,
876ac2ce5ffffff,,,
876ac4a48ffffff,,,
8796d3119ffffff,,,
876ac68aaffffff,,,
876ade4a8ffffff,,,
876ac2433ffffff,,,
876aded5affffff,,,
876ac4295ffffff,,,
8796d2966ffffff,,,
8796d662affffff,,,
8796d21b3ffffff,,,
876ac5944ffffff,,,
876ad1743ffffff,,,
876af32deffffff,,,
876ad35a5ffffff,,,
876ac5191ffffff,,,
8796d3862ffffff,,,
876ad370effffff,,,
876ac0d1affffff,,,
876ac6840ffffff,,,
876ad18acffffff,,,
876ac5aadffffff,,,
8796d231cffffff,,,
876ac422bffffff,,,
876ad002affffff,,,
876ac608dffffff,,,
876ad3ceeffffff,,,
876ad5b50ffffff,,,
8796d2149ffffff,,,
876ac58daffffff,,,
876ad16d9ffffff,0.18237363262266953,2026-07,valid
8796d6793ffffff,0.01,2026-07,valid
876af3274ffffff,,,
876ad539dffffff,,,
876ac6260ffffff,,,
876adcd25ffffff,,,
876ac0cb0ffffff,,,
876ac2b12ffffff,,,
876ac4974ffffff,,,
876ac259cffffff,,,
876ad0773ffffff,,,
876adc572ffffff,,,
8796d2892ffffff,,,
876ac6023ffffff,,,
876af1b5bffffff,,,
876ac6a13ffffff,,,
8796d3282ffffff,,,
876ac4bb1ffffff,,,
876ad5ae6ffffff,,,
876ac5870ffffff,,,
876af13a8ffffff,,,
876ad34d1ffffff,,,
876ad5333ffffff,,,
876aeed93ffffff,,,
8796d378effffff,,,
876ac0c46ffffff,,,
876ac2aa8ffffff,,,
876ac490affffff,,,
876ad0709ffffff,,,
876ac676cffffff,,,
876adc508ffffff,,,
876ad1163ffffff,,,
876ac0493ffffff,,,
8796d2828ffffff,,,
876af1af1ffffff,,,
876af3953ffffff,,,
8796d0213ffffff,,,
876ae36ddffffff,,,
8796d2075ffffff,,,
876ac5806ffffff,,,
8796d604affffff,,,
876ad1605ffffff,,,
876ad1916ffffff,,,
876ad52c9ffffff,,,
8796d2386ffffff,,,
876aeed29ffffff,,,
876ac5053ffffff,,,
8796d3724ffffff,,,
8796d0524ffffff,,,
876adcc51ffffff,,,
876aee576ffffff,,,
876ac48a0ffffff,,,
876ac6702ffffff,,,
876adc49effffff,,,
876ac0429ffffff,,,
876ac62caffffff,,,
876ac40edffffff,,,
876ad1d4effffff,,,
876ac4468ffffff,,,
876ad3bb0ffffff,,,
876ac2606ffffff,,,
876ad5a12ffffff,,,
8796d01a9ffffff,,,
876ae3673ffffff,,,
8796d200bffffff,,,
876ac07a4ffffff,,,
876ac579cffffff,,,
876af12d4ffffff,,,
876ad159bffffff,,,
876adad85ffffff,,,
876adc819ffffff,,,
876ac0b72ffffff,,,
876ac4c1bffffff,,,
876aee50cffffff,,,
876ac4836ffffff,,,
876ad0635ffffff,,,
876ac6698ffffff,,,
876adc434ffffff,,,
876ac4083ffffff,,,
8796d2754ffffff,,,
876ad1ce4ffffff,,,
8796d45b6ffffff,,,
876af1a1dffffff,,,
876ad3b46ffffff,,,
876ae3609ffffff,,,
876ac5732ffffff,,,
876af126affffff,,,
876ad1531ffffff,,,
876ad3393ffffff,,,
876ae32a5ffffff,,,
876aeec55ffffff,,,
876adad1bffffff,,,
8796d3650ffffff,,,
876ad5644ffffff,,,
876ac0b08ffffff,,,
876ac296affffff,,,
876ae26a3ffffff,,,
8796d60b4ffffff,,,
876aee4a2ffffff,,,
876ad1980ffffff,,,
876ac662effffff,,,
876ac5b81ffffff,,,
876ae3a58ffffff,,,
8796d058effffff,,,
876ac4019ffffff,,,
8796d26eaffffff,,,
8796d63aeffffff,,,
876ad3adcffffff,,,
876ac005bffffff,,,
8796d00d5ffffff,,,
876af1200ffffff,,,
8796d3d99ffffff,,,
876ad3329ffffff,,,
876ac6334ffffff,,,
876ad02d1ffffff,,,
8796d2ba3ffffff,,,
876ac44d2ffffff,,,
876adacb1ffffff,0.054522097935946034,2026-07,valid
876ac2670ffffff,,,
876ade975ffffff,,,
876ac080effffff,,,
876ac0a9effffff,,,
876ac2900ffffff,,,
876ac4762ffffff,,,
876adc883ffffff,,,
876ac4c85ffffff,,,
876ac214dffffff,,,
8796d2680ffffff,,,
876ad1c10ffffff,,,
8796d6344ffffff,,,
876ad3a72ffffff,,,
876ad145dffffff,,,
876ad3099ffffff,,,
876ac6d0dffffff,,,
876ade90bffffff,,,
876ac0a34ffffff,,,
876ac2896ffffff,,,
876ada494ffffff,0.00027578048526822295,2026-07,valid
876ac655affffff,,,
876ade158ffffff,,,
876ad56aeffffff,,,
8796d6a8dffffff,,,
876ac20e3ffffff,,,
8796d07b4ffffff,,,
8796d2616ffffff,,,
876ad384cffffff,,,
8796d611effffff,,,
876ad1ba6ffffff,,,
8796d62daffffff,,,
876af1723ffffff,,,
876ad3a08ffffff,,,
876ad586affffff,,,
8796d245affffff,,,
8796d0001ffffff,,,
876ae3ac2ffffff,,,
8796d3cc5ffffff,,,
876ad3255ffffff,,,
8796d3512ffffff,,,
876ac00c5ffffff,,,
876ac6ca3ffffff,,,
8796d68d1ffffff,,,
876ade8a1ffffff,,,
876ac282cffffff,,,
876ac468effffff,,,
876ac64f0ffffff,,,
876ac639effffff,,,
8796d2c0dffffff,,,
876ade0eeffffff,,,
8796d0dabffffff,,,
8796d6a23ffffff,,,
876ac26daffffff,,,
8796d074affffff,,,
8796d25acffffff,,,
8796d6270ffffff,,,
876ad399effffff,,,
876ac558affffff,,,
876ad1389ffffff,,,
876ac6b51ffffff,,,
876ad0aeeffffff,,,
876af10c2ffffff,,,
8796d3c5bffffff,,,
876ad504dffffff,,,
8796d34a8ffffff,,,
876ac0960ffffff,,,
876ac4624ffffff,,,
8796d2cf5ffffff,,,
876ac6486ffffff,,,
8796892e6ffffff,,,
876ad2285ffffff,,,
876ad3103ffffff,,,
876ade084ffffff,0.01330376259668781,2026-07,valid
876ac01adffffff,,,
876ad12a1ffffff,,,
8796d06e0ffffff,,,
876ac54a2ffffff,,,
8796d2542ffffff,,,
876ac5cd3ffffff,,,
876ad1ad2ffffff,,,
8796d6206ffffff,,,
876ad3934ffffff,,,
876ad5796ffffff,,,
876ac5520ffffff,,,
876ad5718ffffff,,,
876af1058ffffff,,,
876ad3181ffffff,,,
876ad38b6ffffff,,,
8796d6188ffffff,,,
876ac4d6dffffff,,,
876ad0b6cffffff,,,
876af178dffffff,,,
876ad1a54ffffff,,,
876ac5c55ffffff,,,
8796d24c4ffffff,,,
876ac08f6ffffff,,,
876ac2758ffffff,,,
8796d0662ffffff,,,
8796d2c8bffffff,,,
876ac641cffffff,,,
876ad221bffffff,,,
876ade01affffff,,,
876ac0143ffffff,,,
876ade006ffffff,,,
8796d0676ffffff,,,
8796d24d8ffffff,,,
876adc1a4ffffff,,,
879689268ffffff,,,
876ac6408ffffff,,,
876ad03a5ffffff,,,
876ac5c69ffffff,,,
876ac45a6ffffff,,,
876ad1a68ffffff,,,
876af17a1ffffff,,,
8796d619cffffff,,,
876ad38caffffff,,,
876ac2744ffffff,,,
876ad572cffffff,,,
876ae338dffffff,,,
876ac08e2ffffff,,,
876ac54b6ffffff,,,
876ad12b5ffffff,,,
876ac4d03ffffff,,,
876ac6b65ffffff,,,
876ac088cffffff,,,
876ac26eeffffff,,,
8796d342affffff,,,
876ac4d59ffffff,,,
876ac4550ffffff,,,
8796d2c21ffffff,,,
876ac63b2ffffff,,,
879689212ffffff,,,
8796d68e5ffffff,,,
876ac00d9ffffff,,,
8796d060cffffff,,,
876ac3d9dffffff,,,
876ae3ad6ffffff,,,
8796d246effffff,,,
876ad316dffffff,,,
8796d6132ffffff,,,
876ad3860ffffff,,,
876ad56c2ffffff,,,
876af1044ffffff,,,
876ad130bffffff,,,
876ae3323ffffff,,,
876ac544cffffff,,,
876ac550cffffff,,,
876ad124bffffff,,,
876ad30adffffff,,,
876ac4c99ffffff,,,
876ad0a98ffffff,,,
876ac0822ffffff,,,
876ac2684ffffff,,,
876ad5782ffffff,,,
876ac44e6ffffff,,,
876ad02e5ffffff,,,
876ad3920ffffff,,,
876ac6348ffffff,,,
8796d05a2ffffff,,,
876ac3d33ffffff,,,
876ae3a6cffffff,,,
8796d252effffff,,,
8796d2404ffffff,,,
876ac5b95ffffff,,,
876af16cdffffff,,,
8796d06ccffffff,,,
876ad1994ffffff,,,
8796d60c8ffffff,,,
876ad5658ffffff,,,
876ac0199ffffff,,,
876ad3043ffffff,,,
8796d69a5ffffff,,,
876ade070ffffff,,,
8796892d2ffffff,,,
876ac6472ffffff,,,
8796d2ce1ffffff,,,
876ac4610ffffff,,,
876ac6a91ffffff,,,
876adc82dffffff,,,
876ac27aeffffff,,,
876ac261affffff,,,
876ac094cffffff,,,
8796d0cebffffff,,,
8796d2b4dffffff,,,
876ade823ffffff,,,
876ac62deffffff,,,
8796d6811ffffff,,,
876ac0005ffffff,,,
876ac6c25ffffff,,,
8796d3494ffffff,,,
876ae3a02ffffff,,,
8796d239affffff,,,
876ac5b2bffffff,,,
876ad192affffff,,,
876af1663ffffff,,,
8796d605effffff,,,
876ad378cffffff,,,
876ac2d63ffffff,,,
8796d3296ffffff,,,
876ac074effffff,,,
876ac25b0ffffff,,,
876ae22e9ffffff,,,
8796d0c81ffffff,,,
876ac4412ffffff,,,
876af10aeffffff,,,
876ad1375ffffff,,,
8796d2ae3ffffff,,,
876ac5576ffffff,,,
876ad0211ffffff,,,
876ac6274ffffff,,,
8796d04ceffffff,,,
8796d2330ffffff,,,
876ac5ac1ffffff,,,
876ad18c0ffffff,,,
876ad3722ffffff,,,
876ad398affffff,,,
8796d625cffffff,,,
876ad1b28ffffff,,,
876ac5d29ffffff,,,
8796d2598ffffff,,,
876ad110dffffff,,,
8796d0736ffffff,,,
876aded6effffff,,,
876ac4b5bffffff,,,
876ac2065ffffff,,,
876ac06e4ffffff,,,
876ac2546ffffff,,,
876ac43a8ffffff,,,
876ad22dbffffff,,,
876ac64dcffffff,,,
876ac620affffff,,,
8796d2d4bffffff,,,
876ada416ffffff,0.017982977519389123,2026-07,valid
8796d0464ffffff,,,
876ac2818ffffff,,,
8796d22c6ffffff,,,
876ad1856ffffff,,,
876ac09b6ffffff,,,
876ade88dffffff,,,
876ad10a3ffffff,,,
8796d3975ffffff,,,
876aded04ffffff,,,
876ac4af1ffffff,,,
876ac6953ffffff,,,
876ade551ffffff,,,
876ac24dcffffff,,,
876ac61a0ffffff,,,
876af1cd8ffffff,,,
8796d66d3ffffff,,,
876ad3241ffffff,,,
8796d225cffffff,,,
8796d3cb1ffffff,,,
876af1525ffffff,,,
876ad364effffff,,,
8796d390bffffff,,,
876adec9affffff,,,
876ac2c25ffffff,,,
8796d3158ffffff,,,
876ac68e9ffffff,,,
876ad26e8ffffff,,,
8796d62c6ffffff,,,
876ac0610ffffff,,,
876ac2472ffffff,,,
876ad1b92ffffff,,,
876ac5d93ffffff,,,
8796d2602ffffff,,,
876ac42d4ffffff,,,
8796d29a5ffffff,,,
8796d07a0ffffff,,,
876ad00d3ffffff,,,
876ac6136ffffff,,,
8796d6669ffffff,,,
8796d0390ffffff,,,
876ac5983ffffff,,,
876ad1782ffffff,,,
876ade144ffffff,,,
876ac6546ffffff,,,
876ada480ffffff,,,
8796d2db5ffffff,,,
876ac46e4ffffff,,,
8796d38a1ffffff,,,
876adec30ffffff,,,
876ac2882ffffff,,,
876ac0d59ffffff,,,
876ac4a1dffffff,,,
8796d30eeffffff,,,
876ac0a20ffffff,0.12737158163452342,2026-06,valid
876ac05a6ffffff,,,
876ac2408ffffff,,,
876ac426affffff,,,
876ad0069ffffff,,,
8796d3568ffffff,,,
876adac33ffffff,,,
876ac60ccffffff,,,
876af3a66ffffff,,,
8796d2188ffffff,,,
876ac5919ffffff,,,
876ad1718ffffff,,,
876af1451ffffff,,,
876ac5166ffffff,,,
876adcd64ffffff,,,
876ad32abffffff,,,
876ac2b51ffffff,,,
876ac49b3ffffff,,,
8796d3084ffffff,,,
8796d3d1bffffff,,,
876ad1449ffffff,,,
876ac6815ffffff,,,
876adc5b1ffffff,,,
876ade413ffffff,,,
8796d6d48ffffff,,,
876ac239effffff,,,
876ac4200ffffff,,,
8796d28d1ffffff,,,
876ac6062ffffff,,,
876ad3cc3ffffff,,,
876ad5b25ffffff,,,
876ad3a5effffff,,,
8796d6330ffffff,,,
8796d211effffff,,,
876ad16aeffffff,,,
876af3249ffffff,,,
876ad3510ffffff,,,
876ad5372ffffff,,,
8796d266cffffff,,,
876ac0c85ffffff,,,
876ac4949ffffff,,,
876ad0748ffffff,,,
8796d301affffff,,,
876ac67abffffff,,,
876ac04d2ffffff,,,
876ac2334ffffff,,,
8796d6ae3ffffff,,,
876ade1aeffffff,,,
876ac4196ffffff,,,
876ac65b0ffffff,,,
876ac474effffff,,,
876aee424ffffff,,,
876ac28ecffffff,,,
8796d0252ffffff,,,
8796d20b4ffffff,,,
876ac0a8affffff,,,
876ac5845ffffff,,,
876ad1644ffffff,,,
876ad34a6ffffff,,,
876ade961ffffff,,,
876ad5308ffffff,,,
876aeed68ffffff,,,
876ac6d63ffffff,,,
876ac5092ffffff,,,
876adac9dffffff,0.033026154749684844,2026-07,valid
8796d3763ffffff,,,
876adcc90ffffff,,,
876ac0c1bffffff,,,
876aee5b5ffffff,,,
876ac6741ffffff,,,
8796d6c74ffffff,,,
876ac0468ffffff,,,
876ac22caffffff,,,
876ac412cffffff,,,
876ad3315ffffff,,,
876af1ac6ffffff,,,
876ad1d8dffffff,,,
8796d64c1ffffff,,,
8796d3d85ffffff,,,
876ad14b3ffffff,,,
876ac56b4ffffff,,,
876ad5a51ffffff,,,
876ae36b2ffffff,,,
8796d204affffff,,,
876af1313ffffff,,,
876ae358bffffff,,,
8796d00c1ffffff,,,
876ad529effffff,,,
876ac5028ffffff,,,
876ad592affffff,,,
876adcc26ffffff,,,
876ad3ac8ffffff,,,
8796d639affffff,,,
876ac0bb1ffffff,,,
876ac2a13ffffff,,,
876ad1c66ffffff,,,
876ac4875ffffff,,,
8796d26d6ffffff,,,
876ad0674ffffff,,,
876ac4005ffffff,,,
876adc473ffffff,,,
876ac21a3ffffff,,,
876ac40c2ffffff,,,
8796d2793ffffff,,,
876ad1d23ffffff,,,
876af1a5cffffff,,,
876ad3b85ffffff,,,
876ae3648ffffff,,,
876ac5771ffffff,,,
876ac661affffff,,,
876af12a9ffffff,,,
876ada554ffffff,,,
876ad1570ffffff,,,
876aee48effffff,,,
876ad5234ffffff,,,
876ac2956ffffff,,,
876aeec94ffffff,,,
876ac0af4ffffff,,,
876ac29a9ffffff,,,
876ae26e2ffffff,,,
876aee4e1ffffff,,,
876ac480bffffff,,,
876ad060affffff,,,
876ac666dffffff,,,
876adc409ffffff,,,
8796d6ba0ffffff,,,
876aeec41ffffff,,,
876ac0394ffffff,,,
876ac4058ffffff,,,
8796d2729ffffff,,,
8796d458bffffff,,,
876ad3b1bffffff,,,
876ad1506ffffff,,,
876ad3368ffffff,,,
876aeec2affffff,,,
876adacf0ffffff,,,
8796d3625ffffff,,,
876ad151dffffff,,,
876af1256ffffff,,,
876ac6db6ffffff,,,
876ac571effffff,,,
876ade9b4ffffff,,,
876ac47a1ffffff,,,
876af02d9ffffff,,,
876ac6603ffffff,,,
8796d6b36ffffff,,,
876ac218cffffff,,,
876af386bffffff,,,
876ad3b32ffffff,,,
8796d6383ffffff,,,
876af1a09ffffff,,,
8796d45a2ffffff,,,
876ad1cd0ffffff,,,
876ad3ab1ffffff,,,
8796d2740ffffff,,,
8796d00aaffffff,,,
876ad149cffffff,,,
8796d3d6effffff,,,
876adac86ffffff,0.009999999999988358,2026-07,valid
876ac6d4cffffff,,,
876ade94affffff,,,
876adc420ffffff,,,
876ac0a73ffffff,,,
876ac6684ffffff,,,
876ad0621ffffff,,,
876ac28d5ffffff,,,
876ac4822ffffff,,,
876aee40dffffff,,,
876ac6599ffffff,,,
876ad2398ffffff,,,
8796d6accffffff,,,
876ac0b5effffff,0.058872633847333405,2026-06,valid
876ac2122ffffff,,,
8796d2655ffffff,,,
8796d6319ffffff,,,
876ac5633ffffff,,,
876ad1432ffffff,,,
8796d36a6ffffff,,,
8796d3d04ffffff,,,
876ad3294ffffff,,,
876aeecabffffff,,,
876adac1cffffff,,,
8796d3551ffffff,,,
876ac6ce2ffffff,,,
876ade8e0ffffff,,,
876ad524bffffff,,,
876ac0a09ffffff,,,
876ac286bffffff,,,
876ac46cdffffff,,,
8796d2d9effffff,,,
876af12c0ffffff,,,
876ade12dffffff,,,
876ac5788ffffff,,,
8796d6a62ffffff,,,
8796d0789ffffff,,,
8796d0195ffffff,,,
876ae34a0ffffff,,,
8796d3c9affffff,,,
876ad322affffff,,,
876ad3b9cffffff,,,
8796d646effffff,,,
876af1a73ffffff,,,
876ade876ffffff,,,
876ac2801ffffff,,,
8796d27aaffffff,,,
876ac4663ffffff,,,
876ac40d9ffffff,,,
8796d2d34ffffff,,,
876ac64c5ffffff,,,
876ad22c4ffffff,,,
876ade0c3ffffff,,,
876ac0415ffffff,,,
876ac204effffff,,,
8796d2581ffffff,,,
876ac5d12ffffff,,,
876ad1b11ffffff,,,
8796d6245ffffff,,,
876adc48affffff,,,
876ad3973ffffff,,,
876ac66eeffffff,,,
876ac488cffffff,,,
876aee562ffffff,,,
876ad135effffff,,,
8796d3c30ffffff,,,
876ac2a2affffff,,,
876ac4dacffffff,,,
876ac6c0effffff,,,
876adc9aaffffff,,,
876ade80cffffff,,,
876ac0935ffffff,0.0004877352139968978,2026-02,valid
8796d3710ffffff,,,
8796d2ccaffffff,,,
876aeed15ffffff,,,
876ac645bffffff,,,
876ad225affffff,,,
8796d698effffff,,,
876ac0182ffffff,,,
8796d06b5ffffff,,,
876ac5ca8ffffff,,,
876ad52b5ffffff,,,
876ad3909ffffff,,,
876ad576bffffff,,,
876ad3453ffffff,,,
876ac54f5ffffff,,,
876af132affffff,,,
876ad12f4ffffff,,,
8796d2061ffffff,,,
876ad3156ffffff,,,
8796d15b1ffffff,,,
876ae36c9ffffff,,,
876ac4d42ffffff,,,
876ad0b41ffffff,,,
8796d3413ffffff,,,
876ac6ba4ffffff,,,
876ad5a68ffffff,,,
876ade7a2ffffff,0.23792611770567354,2026-07,valid
876ac08cbffffff,,,
876ac272dffffff,,,
8796d2c60ffffff,,,
876ad1da4ffffff,,,
876af1addffffff,,,
876ad038effffff,,,
879689251ffffff,,,
8796d2814ffffff,,,
876adc18dffffff,,,
876ac4143ffffff,,,
8796d6924ffffff,,,
876ac0118ffffff,,,
8796d064bffffff,,,
8796d24adffffff,,,
876af1776ffffff,,,
8796d6171ffffff,,,
876ad5701ffffff,,,
876ae3362ffffff,,,
876ac548bffffff,,,
876ad128affffff,,,
876ad30ecffffff,,,
876adc4f4ffffff,,,
876ac6758ffffff,,,
876ac4cd8ffffff,,,
876ac48f6ffffff,,,
876adc8d6ffffff,,,
876ac2a94ffffff,,,
876ac0861ffffff,,,
876ac26c3ffffff,,,
8796d0d94ffffff,,,
876ac4525ffffff,,,
876ac0c32ffffff,,,
876ad0324ffffff,,,
876adc123ffffff,,,
876ac00aeffffff,,,
8796d2443ffffff,,,
876af170cffffff,,,
876ac50a9ffffff,,,
876ad3835ffffff,,,
876ac5421ffffff,,,
876ad1220ffffff,,,
876ad3082ffffff,,,
876ac4c6effffff,,,
876ad0a6dffffff,,,
876ac6ad0ffffff,,,
876ac2659ffffff,,,
876aee191ffffff,,,
876af1394ffffff,,,
876ad165bffffff,,,
8796d2b8cffffff,,,
876ac631dffffff,,,
876ac585cffffff,,,
8796d6850ffffff,,,
8796d20cbffffff,,,
876ac0044ffffff,,,
876ae3a41ffffff,,,
876ad1969ffffff,,,
876af16a2ffffff,,,
8796d609dffffff,,,
876ad562dffffff,,,
876ad5ad2ffffff,,,
876ae328effffff,,,
876ad11b6ffffff,,,
876ad3018ffffff,,,
876ac2da2ffffff,,,
876ac4c04ffffff,,,
876ac6a66ffffff,,,
876ac41adffffff,,,
876adc802ffffff,,,
876ac078dffffff,,,
876ac04e9ffffff,,,
8796d0cc0ffffff,,,
876ac4451ffffff,,,
8796d2b22ffffff,,,
876ad0250ffffff,,,
876ac62b3ffffff,,,
876adc55effffff,,,
8796d050dffffff,,,
8796d3031ffffff,,,
876ac5b00ffffff,,,
876ac4960ffffff,,,
8796d6033ffffff,,,
876ad3761ffffff,,,
876ae3224ffffff,,,
876ad114cffffff,,,
876ac0c9cffffff,,,
876adedadffffff,,,
876ac4b9affffff,,,
876adcd11ffffff,,,
876ac0723ffffff,,,
876ac2585ffffff,,,
8796d0c56ffffff,,,
876ac5113ffffff,,,
876ac6249ffffff,,,
8796d04a3ffffff,,,
8796d2305ffffff,,,
876ac5a96ffffff,,,
876ad5389ffffff,,,
876ad1895ffffff,,,
876af3260ffffff,,,
876ad16c5ffffff,,,
876ad10e2ffffff,,,
8796d39b4ffffff,,,
876ac58c6ffffff,,,
8796d2135ffffff,,,
876aded43ffffff,,,
876ac2cceffffff,,,
8796d02d3ffffff,,,
876ac4b30ffffff,,,
876ac6992ffffff,,,
876ade590ffffff,,,
876ac251bffffff,,,
876ad3cdaffffff,,,
876af3a13ffffff,,,
8796d2a4effffff,,,
8796d6712ffffff,,,
876ad0016ffffff,,,
8796d28e8ffffff,,,
8796d229bffffff,,,
876ac5a2cffffff,,,
876ad182bffffff,,,
876af1564ffffff,,,
876ac23b5ffffff,,,
876ad368dffffff,,,
876ac0553ffffff,,,
8796d394affffff,,,
876ade42affffff,,,
876adecd9ffffff,,,
876ad262bffffff,,,
876ac2c64ffffff,,,
876ac4ac6ffffff,,,
876ac682cffffff,,,
8796d309bffffff,,,
876ac6928ffffff,,,
876ade526ffffff,,,
876ac2b68ffffff,,,
876ac24b1ffffff,,,
876ac4313ffffff,,,
876ac0d06ffffff,,,
876ac6175ffffff,,,
8796d66a8ffffff,,,
8796d2231ffffff,,,
876af335cffffff,,,
876ad3623ffffff,,,
876ad100effffff,,,
8796d38e0ffffff,,,
876ac0d98ffffff,,,
876ac4a5cffffff,,,
8796d312dffffff,,,
876ac42a9ffffff,,,
876ad3591ffffff,,,
876af32caffffff,,,
876ac610bffffff,,,
876af1468ffffff,,,
876ac5930ffffff,,,
876af3aa5ffffff,,,
876ad3d6cffffff,,,
876ac5958ffffff,,,
876af1490ffffff,,,
876ad5ba6ffffff,,,
876ac51a5ffffff,,,
8796d6616ffffff,,,
8796d3876ffffff,,,
876adcda3ffffff,,,
876adec05ffffff,,,
876ac60e3ffffff,,,
876ac0d2effffff,,,
876ad0080ffffff,,,
8796d2952ffffff,,,
876ac4281ffffff,,,
876ac2b90ffffff,,,
8796d30c3ffffff,,,
876ac6854ffffff,,,
876ad2653ffffff,,,
876ade452ffffff,,,
8796d2910ffffff,,,
876ac60a1ffffff,,,
876ade494ffffff,,,
876ad5b64ffffff,,,
876ac6896ffffff,,,
8796d3105ffffff,,,
8796d215dffffff,,,
876ac58eeffffff,,,
876ac4a34ffffff,,,
876ad16edffffff,,,
876af1426ffffff,,,
876af3288ffffff,,,
876ad53b1ffffff,,,
876ac0d70ffffff,,,
8796d380cffffff,,,
876ac0cc4ffffff,,,
876ac2b26ffffff,,,
876ac4988ffffff,,,
8796d3059ffffff,,,
876adc586ffffff,,,
876ac0511ffffff,,,
8796d28a6ffffff,,,
8796d0291ffffff,,,
876ae375bffffff,,,
8796d20f3ffffff,,,
876ac5884ffffff,,,
876ad1683ffffff,,,
876ad34e5ffffff,,,
876ac50d1ffffff,,,
8796d37a2ffffff,,,
876af14d2ffffff,,,
876ad1799ffffff,,,
876ac599affffff,,,
8796d2209ffffff,,,
876adeb31ffffff,,,
876ac0c5affffff,,,
876ac491effffff,,,
876ad071dffffff,,,
876ac6780ffffff,,,
876adc51cffffff,,,
876ac416bffffff,,,
8796d6680ffffff,,,
876af1b05ffffff,,,
876ad5a90ffffff,,,
876ae36f1ffffff,,,
876ac614dffffff,,,
8796d2089ffffff,,,
876ad00eaffffff,,,
876ac581affffff,,,
876ac42ebffffff,,,
876ad1619ffffff,,,
876af1352ffffff,,,
876ac2489ffffff,,,
876ad52ddffffff,,,
876adcc65ffffff,,,
876ac2a52ffffff,,,
876aee58affffff,,,
876ac48b4ffffff,,,
876ac6716ffffff,,,
876ac6900ffffff,,,
876adc4b2ffffff,,,
876ac4a9effffff,,,
8796d6c49ffffff,,,
876ac4101ffffff,,,
876ad1d62ffffff,,,
876af1a9bffffff,,,
876ad5a26ffffff,,,
876ac57b0ffffff,,,
876af12e8ffffff,,,
876ad3411ffffff,,,
876adecb1ffffff,,,
876ad5273ffffff,,,
876aeecd3ffffff,,,
876adad99ffffff,,,
8796d36ceffffff,,,
8796d3922ffffff,,,
876ad1050ffffff,,,
876ac0b86ffffff,,,
876aee520ffffff,,,
876ac484affffff,,,
876ad0649ffffff,,,
876ac66acffffff,,,
876ad3665ffffff,,,
8796d2768ffffff,,,
876af1a31ffffff,,,
876ad1803ffffff,,,
876ac5a04ffffff,,,
8796d2273ffffff,,,
876ad3b5affffff,,,
8796d0411ffffff,,,
876ae361dffffff,,,
876ac5746ffffff,,,
876ad1545ffffff,,,
876ad5209ffffff,,,
8796d3664ffffff,,,
876af3b51ffffff,,,
8796d66eaffffff,,,
876ac0b1cffffff,,,
876aee4b6ffffff,,,
8796d2a26ffffff,,,
876ac6642ffffff,,,
876ac4355ffffff,,,
876ac24f3ffffff,,,
876ac402dffffff,,,
876ac0691ffffff,,,
876ad1c8effffff,,,
876ad3af0ffffff,,,
876ade568ffffff,,,
876ad2769ffffff,,,
8796d00e9ffffff,,,
876ac696affffff,,,
876ae35b3ffffff,,,
876af1214ffffff,,,
876ac4b08ffffff,,,
876ad14dbffffff,,,
8796d3dadffffff,,,
876adacc5ffffff,,,
876ac2ca6ffffff,,,
876ac6d8bffffff,,,
876ade989ffffff,,,
876ac0ab2ffffff,,,
876ac2914ffffff,,,
876ae264dffffff,,,
876aded1bffffff,,,
876ac4776ffffff,,,
876ada512ffffff,,,
8796d6b0bffffff,,,
876ac2161ffffff,,,
8796d398cffffff,,,
8796d2694ffffff,,,
8796d44f6ffffff,,,
876ad1c24ffffff,,,
8796d6358ffffff,,,
876ad3a86ffffff,,,
876ad1471ffffff,,,
8796d3d43ffffff,,,
876ad32d3ffffff,,,
876ad186dffffff,,,
8796d3590ffffff,,,
8796d22ddffffff,,,
876ac6d21ffffff,,,
876ac28aaffffff,,,
876ac470cffffff,,,
876ada4a8ffffff,,,
876ac656effffff,,,
8796d6aa1ffffff,,,
8796d6754ffffff,,,
8796d262affffff,,,
8796d448cffffff,,,
8796d62eeffffff,,,
876ad3a1cffffff,,,
876ac6221ffffff,,,
8796d2a90ffffff,,,
8796d0015ffffff,,,
8796d0c2effffff,,,
8796d3cd9ffffff,,,
876ac255dffffff,,,
876ad3269ffffff,,,
876ad50cbffffff,,,
8796d3526ffffff,,,
876ade8b5ffffff,,,
876ac2840ffffff,,,
876ac46a2ffffff,,,
8796d2d73ffffff,,,
876ac6504ffffff,,,
876ac4b72ffffff,,,
876ade102ffffff,,,
876ac2d10ffffff,,,
876ac208dffffff,,,
8796d075effffff,,,
876ac5d51ffffff,,,
876ad1b50ffffff,,,
8796d6284ffffff,,,
876aded85ffffff,,,
876ad39b2ffffff,,,
876ac559effffff,,,
876ad139dffffff,,,
876af10d6ffffff,,,
876ad1124ffffff,,,
876ad5061ffffff,,,
876ac5325ffffff,,,
876ac6c4dffffff,,,
876ade84bffffff,,,
876ac0974ffffff,,,
8796d2d09ffffff,,,
876ac649affffff,,,
876ad2299ffffff,,,
8796d600bffffff,,,
876ade098ffffff,0.049999999999953436,2026-07,valid
876ac2023ffffff,,,
8796d06f4ffffff,,,
876af1610ffffff,,,
8796d2556ffffff,,,
876ac5ad8ffffff,,,
876ad1ae6ffffff,,,
8796d621affffff,,,
876ad3948ffffff,,,
876ad57aaffffff,,,
8796d04e5ffffff,,,
876ae340bffffff,,,
876ac5534ffffff,,,
876ad1333ffffff,,,
876af106cffffff,,,
8796d3c05ffffff,,,
876ad3195ffffff,,,
876ac4d81ffffff,,,
8796d3452ffffff,,,
876ac090affffff,,,
876ac628bffffff,,,
876ad0228ffffff,,,
876ac276cffffff,,,
876ac4429ffffff,,,
8796d0c98ffffff,,,
876ac6430ffffff,,,
876ade02effffff,,,
8796d6963ffffff,,,
876ac0765ffffff,,,
8796d068affffff,,,
8796d24ecffffff,,,
876af17b5ffffff,,,
876ad38deffffff,,,
876ad5740ffffff,,,
876ac54caffffff,,,
876ad12c9ffffff,,,
876ad312bffffff,,,
876aee8b2ffffff,,,
8796d1586ffffff,,,
876adc915ffffff,,,
876ac08a0ffffff,,,
876ac2702ffffff,,,
876ac4564ffffff,,,
8796d2c35ffffff,,,
876ad0363ffffff,,,
879689226ffffff,,,
876ac00edffffff,,,
8796d0620ffffff,,,
876ac3db1ffffff,,,
876ae3aeaffffff,,,
876ad118effffff,,,
8796d2482ffffff,,,
876ac5c13ffffff,,,
876ad1a12ffffff,,,
876af174bffffff,,,
8796d6146ffffff,,,
876ae3266ffffff,,,
876ad3874ffffff,,,
876ad56d6ffffff,,,
876ac5460ffffff,,,
876ad5605ffffff,,,
876ad30c1ffffff,,,
876ac4cadffffff,,,
876ad37a3ffffff,,,
8796d6075ffffff,,,
876adc8abffffff,,,
876ad1941ffffff,,,
876ac5b42ffffff,,,
8796d23b1ffffff,,,
876ac0836ffffff,,,
876ac2698ffffff,,,
876ae3a19ffffff,,,
876ac635cffffff,,,
876ac001cffffff,,,
876ac0083ffffff,,,
8796d05b6ffffff,,,
8796d6828ffffff,,,
8796d2418ffffff,,,
876ac5ba9ffffff,,,
876ad19a8ffffff,,,
876af16e1ffffff,,,
8796d60dcffffff,,,
876adc091ffffff,,,
876ad380affffff,,,
876ac62f5ffffff,,,
876ad0292ffffff,,,
8796d2b64ffffff,,,
876ad566cffffff,,,
876ac4493ffffff,,,
876ae32cdffffff,,,
876ac2631ffffff,,,
876ac4c43ffffff,,,
876ad0a42ffffff,,,
876ac6aa5ffffff,,,
876ac262effffff,,,
876ac4490ffffff,,,
876ac6aa8ffffff,,,
876ad0a45ffffff,,,
8796d2b61ffffff,,,
876ac62f2ffffff,,,
876ac4c46ffffff,,,
876adc08effffff,,,
8796d6825ffffff,,,
876ac0019ffffff,,,
8796d054cffffff,,,
876ae3a16ffffff,,,
8796d23aeffffff,,,
8796d6072ffffff,,,
876ad37a0ffffff,,,
876ad5602ffffff,,,
876ae3263ffffff,,,
876ad305affffff,,,
876ad118bffffff,,,
876ac0762ffffff,,,
876ae32d0ffffff,,,
8796d0c95ffffff,,,
876ac4426ffffff,,,
876ad0225ffffff,,,
876ac6288ffffff,,,
8796d04e2ffffff,,,
8796d2344ffffff,,,
876ad380dffffff,,,
876ac5ad5ffffff,,,
876ad18d4ffffff,,,
876af16e4ffffff,,,
876ad19abffffff,,,
876af160dffffff,,,
876ac5bacffffff,,,
8796d241bffffff,,,
8796d6008ffffff,,,
876ad3736ffffff,,,
876ac5322ffffff,,,
876ad1121ffffff,,,
876aded82ffffff,,,
876ac2d0dffffff,,,
876ac0086ffffff,,,
876ac255affffff,,,
8796d0c2bffffff,,,
8796d2a8dffffff,,,
876ac621effffff,,,
876ac269bffffff,,,
8796d6751ffffff,,,
8796d22daffffff,,,
876ad186affffff,,,
876ad36ccffffff,,,
8796d3989ffffff,,,
876adc8aeffffff,,,
876ac6b12ffffff,,,
8796d3381ffffff,,,
876aded18ffffff,,,
876ac2ca3ffffff,,,
876ac4cb0ffffff,,,
876ac4b05ffffff,,,
876ade565ffffff,,,
876ac068effffff,,,
876ac24f0ffffff,,,
876ac4352ffffff,,,
8796d2a23ffffff,,,
876ad0151ffffff,,,
876ac61b4ffffff,,,
876ad30c4ffffff,,,
876af3b4effffff,,,
8796d040effffff,,,
876ad1262ffffff,,,
8796d2270ffffff,,,
876ac5463ffffff,,,
876ac5a01ffffff,,,
876ad1800ffffff,,,
876ad3662ffffff,,,
876ad104dffffff,,,
876ad56d9ffffff,,,
876adecaeffffff,,,
876ac4a9bffffff,,,
8796d6149ffffff,,,
876af174effffff,,,
876ad1a15ffffff,,,
876ac5c16ffffff,,,
8796d2485ffffff,,,
876ac0624ffffff,,,
876ac2486ffffff,,,
876ae3aedffffff,,,
876ac3db4ffffff,,,
8796d0623ffffff,,,
876ac42e8ffffff,,,
876ac614affffff,,,
876af3ae4ffffff,,,
876ac00f0ffffff,,,
8796d03a4ffffff,,,
8796d2206ffffff,,,
876ad1796ffffff,,,
879689229ffffff,,,
876ad0366ffffff,,,
8796d38b5ffffff,,,
876ac2705ffffff,,,
876adec44ffffff,,,
876ac0d6dffffff,,,
876ac4a31ffffff,,,
876ac08a3ffffff,,,
8796d3102ffffff,,,
876ac6893ffffff,,,
876ade491ffffff,,,
876ac241cffffff,,,
876adc918ffffff,,,
876ac60e0ffffff,,,
876ac4d1affffff,,,
8796d6613ffffff,,,
876ad5ba3ffffff,,,
8796d219cffffff,,,
876ac592dffffff,,,
876ad172cffffff,,,
876af1465ffffff,,,
876ad358effffff,,,
876ad312effffff,,,
876ac0d03ffffff,,,
876ac2b65ffffff,,,
876ad12ccffffff,,,
876ac54cdffffff,,,
8796d3098ffffff,,,
876ac6829ffffff,,,
8796d6d5cffffff,0.022938248653593677,2026-07,valid
876ac0550ffffff,,,
876ac23b2ffffff,,,
876ad5743ffffff,,,
876ac4214ffffff,,,
8796d28e5ffffff,,,
876ad0013ffffff,,,
876ad38e1ffffff,,,
876ac6076ffffff,,,
876af3a10ffffff,,,
876ac5c80ffffff,,,
8796d02d0ffffff,,,
8796d2132ffffff,,,
876ac58c3ffffff,,,
8796d068dffffff,,,
876ad16c2ffffff,,,
876af325dffffff,,,
876ad5386ffffff,,,
876ac5110ffffff,,,
876ac015affffff,,,
876adcd0effffff,,,
8796d6966ffffff,,,
876ade031ffffff,,,
876ac0c99ffffff,,,
876ac495dffffff,,,
876ad075cffffff,,,
8796d302effffff,,,
876ac6433ffffff,,,
8796d2ca2ffffff,,,
876adc55bffffff,,,
876ac04e6ffffff,,,
876ac41aaffffff,,,
876ac090dffffff,,,
876ac600cffffff,,,
876af1b44ffffff,,,
876adc982ffffff,,,
8796d20c8ffffff,,,
876ac5859ffffff,,,
8796d3455ffffff,,,
876ad1658ffffff,,,
876ac4d84ffffff,,,
876af1391ffffff,,,
876ad531cffffff,,,
876ac50a6ffffff,,,
876adcca4ffffff,,,
876ac2a91ffffff,,,
876ac48f3ffffff,,,
876ac6755ffffff,,,
876adc4f1ffffff,,,
876ad3198ffffff,,,
876ac4140ffffff,,,
8796d2811ffffff,,,
8796d3c08ffffff,,,
876ad1336ffffff,,,
876af1adaffffff,,,
876ad1da1ffffff,,,
876ad5a65ffffff,,,
876ae340effffff,,,
876ae36c6ffffff,,,
8796d205effffff,,,
876ad3450ffffff,,,
876ad52b2ffffff,,,
876ad57adffffff,,,
876aeed12ffffff,,,
8796d370dffffff,,,
876ad394bffffff,,,
8796d621dffffff,,,
876ad1ae9ffffff,,,
876ac4889ffffff,,,
876ac5ceaffffff,,,
8796d2559ffffff,,,
876ac66ebffffff,,,
876ac0412ffffff,,,
876ac2026ffffff,,,
876ac40d6ffffff,,,
876af1a70ffffff,,,
8796d646bffffff,,,
876ad3b99ffffff,,,
876ade09bffffff,,,
8796d0192ffffff,,,
876ad229cffffff,,,
876ae365cffffff,,,
876ac649dffffff,,,
876ac5785ffffff,,,
8796d2d0cffffff,,,
876ad1584ffffff,,,
876ad5248ffffff,,,
876aeeca8ffffff,,,
8796d36a3ffffff,,,
876ac0b5bffffff,0.18208300469515004,2026-06,valid
876ac0b5bffffff,0.0074106660072957185,2026-07,valid
876aee4f5ffffff,,,
876ade84effffff,,,
876ac6681ffffff,,,
876adc41dffffff,,,
876ac6c50ffffff,,,
8796d6bb4ffffff,,,
876ac406cffffff,,,
876ad1ccdffffff,,,
876af1a06ffffff,,,
876af3868ffffff,,,
876ac571bffffff,,,
876ad5064ffffff,,,
876af1253ffffff,,,
876ad151affffff,,,
876ad3202ffffff,,,
8796d3c72ffffff,,,
876af10d9ffffff,,,
876ad13a0ffffff,,,
876ac55a1ffffff,,,
876ac0af1ffffff,,,
876ac2953ffffff,,,
876ae268cffffff,,,
876aee48bffffff,,,
876ac47b5ffffff,,,
876ac21a0ffffff,,,
876ac4002ffffff,,,
8796d26d3ffffff,,,
876ad39b5ffffff,,,
876ad1c63ffffff,,,
876ad1b53ffffff,,,
876ac5d54ffffff,,,
876ad3ac5ffffff,,,
876ae3588ffffff,,,
876ac56b1ffffff,,,
8796d0761ffffff,,,
876ad14b0ffffff,,,
8796d3d82ffffff,,,
876ac2090ffffff,,,
876ad3312ffffff,,,
876adac9affffff,0.06861316289808024,2026-07,valid
876ac6d60ffffff,,,
876ade105ffffff,,,
876ade95effffff,,,
876ac28e9ffffff,,,
876aee421ffffff,,,
876ac474bffffff,,,
8796d2d76ffffff,,,
876ac46a5ffffff,,,
876ac65adffffff,,,
876ade1abffffff,,,
876ac2843ffffff,,,
8796d6ae0ffffff,,,
876ac2136ffffff,,,
8796d2669ffffff,,,
8796d632dffffff,,,
876ad3a5bffffff,,,
8796d0054ffffff,,,
876ad1446ffffff,,,
8796d3d18ffffff,,,
876ad32a8ffffff,,,
8796d3529ffffff,,,
876adac30ffffff,,,
8796d3565ffffff,,,
876ac6cf6ffffff,,,
876ade8f4ffffff,,,
876ac0a1dffffff,,,
876ac46e1ffffff,,,
8796d2db2ffffff,0.0584926000940091,2026-07,valid
876ad50ceffffff,,,
876ac6543ffffff,,,
876ad326cffffff,,,
876ade141ffffff,,,
8796d6a76ffffff,,,
876ac20ccffffff,,,
8796d3cdcffffff,,,
876ad140affffff,,,
8796d079dffffff,,,
876ac5d90ffffff,,,
876ae34e2ffffff,,,
8796d0018ffffff,,,
8796d62c3ffffff,,,
876ae34b4ffffff,,,
8796d3caeffffff,,,
8796d62f1ffffff,,,
876ac6c8cffffff,,,
876ade88affffff,,,
8796d262dffffff,,,
876ac09b3ffffff,,,
876ac2815ffffff,,,
8796d2d48ffffff,,,
876ac64d9ffffff,,,
876ad22d8ffffff,,,
8796d6a0cffffff,,,
876ac2062ffffff,,,
8796d6aa4ffffff,,,
8796d0733ffffff,,,
8796d2595ffffff,,,
876ac5d26ffffff,,,
876ac6571ffffff,,,
876ad1b25ffffff,,,
8796d6259ffffff,,,
876ac28adffffff,,,
876ac5573ffffff,,,
876ad1372ffffff,,,
876af10abffffff,,,
8796d3c44ffffff,,,
8796d3491ffffff,,,
876ac6c22ffffff,,,
876ade922ffffff,,,
876ade820ffffff,,,
876ac0949ffffff,,,
876ac6d24ffffff,,,
8796d3593ffffff,,,
876ac27abffffff,,,
876ac460dffffff,,,
8796d2cdeffffff,,,
8796d69a2ffffff,,,
876ac0196ffffff,,,
8796d06c9ffffff,,,
8796d252bffffff,,,
876ad32d6ffffff,,,
876ad391dffffff,,,
876ac5509ffffff,,,
8796d3d46ffffff,,,
876ad1474ffffff,,,
876ad1308ffffff,,,
876af1041ffffff,,,
876ad316affffff,,,
8796d0082ffffff,,,
876ac4d56ffffff,,,
876adc954ffffff,,,
876ade7b6ffffff,0.31702792898226095,2026-07,valid
876ad3a89ffffff,,,
8796d635bffffff,,,
876ac2741ffffff,,,
876ac45a3ffffff,,,
8796d2c74ffffff,,,
876ad03a2ffffff,,,
876ac6405ffffff,,,
879689265ffffff,,,
876adc1a1ffffff,,,
876ade003ffffff,,,
876ac012cffffff,,,
8796d24c1ffffff,,,
876ac5c52ffffff,,,
876ac2164ffffff,,,
876ad1a51ffffff,,,
876af178affffff,,,
8796d6185ffffff,,,
876ad38b3ffffff,,,
876ad5715ffffff,,,
8796d6b0effffff,,,
876ae3376ffffff,,,
876ad129effffff,,,
876ad3100ffffff,,,
876ac4cecffffff,,,
876ada515ffffff,0.03000000000000582,2026-07,valid
876ad0aebffffff,,,
876ac6b4effffff,,,
876ae2650ffffff,,,
876ac0875ffffff,,,
876ac0ab5ffffff,,,
8796d2c0affffff,,,
876ade98cffffff,,,
876ac639bffffff,,,
8796d68ceffffff,,,
876ac6d8effffff,,,
876ac00c2ffffff,,,
876ac3d86ffffff,,,
876aeec02ffffff,,,
876af1720ffffff,,,
8796d611bffffff,,,
876ad3849ffffff,,,
876ad56abffffff,,,
876ae330cffffff,,,
876ac5435ffffff,,,
876ad1234ffffff,,,
876ad3096ffffff,,,
876ac4c82ffffff,,,
876ad3340ffffff,,,
876ac6ae4ffffff,,,
8796d3db0ffffff,,,
876ad14deffffff,,,
876adc880ffffff,,,
876ac080bffffff,,,
876ae35b6ffffff,,,
8796d00ecffffff,,,
8796d2ba0ffffff,,,
876ad02ceffffff,,,
876ac6331ffffff,,,
8796d6864ffffff,,,
876ad3af3ffffff,,,
876ac0058ffffff,,,
8796d058bffffff,,,
876ae3a55ffffff,,,
876ad1c91ffffff,,,
876af16b6ffffff,,,
8796d60b1ffffff,,,
8796d2701ffffff,,,
876ad5641ffffff,,,
876ac4030ffffff,,,
876ae32a2ffffff,,,
876ad302cffffff,,,
876ac2db6ffffff,,,
876ac4c18ffffff,,,
876adc816ffffff,,,
876ac07a1ffffff,,,
876ac2603ffffff,,,
8796d0cd4ffffff,,,
876ac4465ffffff,,,
8796d2b36ffffff,,,
876ad0264ffffff,,,
876ac6645ffffff,,,
8796d0521ffffff,,,
876ac2981ffffff,,,
8796d2383ffffff,,,
876ac5b14ffffff,,,
876af164cffffff,,,
876ad1913ffffff,,,
876ad3775ffffff,,,
876ad1160ffffff,,,
876ac2d4cffffff,,,
876adad32ffffff,,,
876ac4baeffffff,,,
876aeec6cffffff,,,
876ac6a10ffffff,,,
876ac2599ffffff,,,
876ae22d2ffffff,,,
876ad520cffffff,,,
8796d2accffffff,,,
876ac625dffffff,,,
876ad33aaffffff,,,
8796d6790ffffff,,,
876ad1548ffffff,,,
876af1281ffffff,,,
8796d2319ffffff,,,
876ac5aaaffffff,,,
876ad18a9ffffff,,,
876ad370bffffff,,,
876ad10f6ffffff,,,
876ac2ce2ffffff,,,
876ac4b44ffffff,,,
876ad3b5dffffff,,,
876ac69a6ffffff,,,
876af1a34ffffff,,,
876ade5a4ffffff,,,
8796d276bffffff,,,
876ac409affffff,,,
8796d0c00ffffff,,,
876ac4391ffffff,,,
8796d2a62ffffff,,,
8796d6726ffffff,,,
876af3b8dffffff,,,
8796d044dffffff,,,
876ad36a1ffffff,,,
876ad064cffffff,,,
876ac484dffffff,,,
876aee523ffffff,,,
876ad108cffffff,,,
8796d395effffff,,,
876adecedffffff,,,
876ac4adaffffff,,,
876ac0b89ffffff,,,
8796d31abffffff,,,
876ac24c5ffffff,,,
8796d36d1ffffff,,,
876adad9cffffff,,,
876ac5000ffffff,,,
876aeecd6ffffff,,,
876ac6189ffffff,,,
876af3b23ffffff,,,
8796d2245ffffff,,,
876af150effffff,,,
876ad5276ffffff,,,
876ad1022ffffff,,,
876ad3414ffffff,,,
8796d38f4ffffff,,,
876ad15b2ffffff,,,
876af12ebffffff,,,
876adec83ffffff,,,
876ac0dacffffff,,,
876ac57b3ffffff,,,
8796d2022ffffff,,,
876ac2c0effffff,,,
876ac4a70ffffff,,,
876ae368affffff,,,
8796d3141ffffff,,,
876ac68d2ffffff,,,
876ade4d0ffffff,,,
876ad5a29ffffff,,,
876ac245bffffff,,,
8796d298effffff,,,
8796d6652ffffff,,,
876af1a9effffff,,,
876ad1d65ffffff,,,
876ac596cffffff,,,
876ad176bffffff,,,
876ac4104ffffff,,,
8796d388affffff,,,
876ac0440ffffff,,,
876adec19ffffff,,,
876ac0d42ffffff,,,
876ac2ba4ffffff,,,
8796d6c4cffffff,,,
876ac4a06ffffff,,,
876ac6868ffffff,,,
876adc4b5ffffff,,,
876ac6719ffffff,,,
876ade466ffffff,0.3448379572255937,2026-07,valid
876aee58dffffff,,,
876ac2a55ffffff,,,
876ac4253ffffff,,,
8796d2924ffffff,,,
876ad0052ffffff,,,
876ac60b5ffffff,,,
8796d2171ffffff,,,
876ac5902ffffff,,,
876adcc68ffffff,,,
876ad1701ffffff,,,
876af329cffffff,,,
876ac506affffff,,,
876ad3563ffffff,,,
876aeed40ffffff,,,
8796d3820ffffff,,,
876adcd4dffffff,,,
876ac0cd8ffffff,,,
876ac499cffffff,,,
876ad52e0ffffff,,,
876adc59affffff,,,
876ac0525ffffff,,,
876af1355ffffff,,,
876ad161cffffff,,,
876ac604bffffff,,,
876ac581dffffff,,,
8796d208cffffff,,,
876ad5b0effffff,,,
876ae36f4ffffff,,,
8796d02a5ffffff,,,
8796d022affffff,,,
876ac5898ffffff,,,
876ad535bffffff,,,
876ad5a93ffffff,,,
876ac50e5ffffff,,,
8796d37b6ffffff,,,
876adcce3ffffff,,,
876af396affffff,,,
876af1b08ffffff,,,
876ac0c6effffff,,,
876ac2ad0ffffff,,,
876ac4932ffffff,,,
876ad0731ffffff,,,
876ac416effffff,,,
8796d3003ffffff,,,
876ac6794ffffff,,,
876adc530ffffff,,,
876ac230cffffff,,,
876ac231dffffff,,,
876ac04aaffffff,,,
8796d2850ffffff,,,
876af1b19ffffff,,,
876ad5aa4ffffff,,,
8796d209dffffff,,,
876ac582effffff,,,
876ac6783ffffff,,,
876ad0720ffffff,,,
876ad162dffffff,,,
876af1366ffffff,,,
876ac4921ffffff,,,
876ad52f1ffffff,,,
876aeed51ffffff,,,
8796d374cffffff,,,
876ac0c5dffffff,,,
876ac0c04ffffff,,,
876ac2a66ffffff,,,
876aee59effffff,,,
876ac48c8ffffff,,,
876adeb34ffffff,,,
876ac672affffff,,,
876adccd2ffffff,,,
8796d37a5ffffff,,,
876ac50d4ffffff,,,
876ac0451ffffff,,,
876aeedaaffffff,,,
876ac22b3ffffff,,,
876ac4115ffffff,,,
876ad1d76ffffff,,,
876ae369bffffff,,,
876ad534affffff,,,
8796d2033ffffff,,,
876ad34e8ffffff,,,
876ad3425ffffff,,,
876ac5011ffffff,,,
876adadadffffff,0.6399999999999418,2026-07,valid
876ad1686ffffff,,,
8796d36e2ffffff,,,
8796d20f6ffffff,,,
8796d0294ffffff,,,
876ac0b9affffff,,,
876aee534ffffff,,,
876ac485effffff,,,
876ad065dffffff,,,
876ac66c0ffffff,,,
876adc45cffffff,,,
8796d656dffffff,0.15001601880534526,2026-07,valid
876ac40abffffff,,,
876af1b72ffffff,,,
876ad1d0cffffff,,,
876af1a45ffffff,,,
8796d28a9ffffff,,,
8796d6440ffffff,,,
876ad3b6effffff,,,
876af1292ffffff,,,
876ad1559ffffff,,,
876ac2376ffffff,,,
876ad521dffffff,,,
876ac0514ffffff,,,
876ac0b30ffffff,,,
876ac2992ffffff,,,
876ae26cbffffff,,,
876adc589ffffff,,,
876aee4caffffff,,,
876ada590ffffff,,,
8796d305cffffff,,,
876ac6656ffffff,,,
876ac498bffffff,,,
8796d6b89ffffff,,,
876ac2b29ffffff,,,
876ac4041ffffff,,,
8796d2712ffffff,,,
876ad1ca2ffffff,,,
876ad3b04ffffff,,,
876ad5966ffffff,,,
876ac56f0ffffff,,,
876af1228ffffff,,,
876ad3351ffffff,,,
876aeec13ffffff,,,
876adacd9ffffff,,,
8796d360effffff,,,
876ade99dffffff,,,
876ac0ac6ffffff,,,
876ac2928ffffff,,,
876aee460ffffff,,,
876ac478affffff,,,
876ada526ffffff,,,
876ad53b4ffffff,,,
876ad3552ffffff,,,
876af328bffffff,,,
876ac2175ffffff,,,
876af1429ffffff,,,
876ad16f0ffffff,,,
8796d26a8ffffff,,,
876ac58f1ffffff,,,
8796d2160ffffff,,,
8796d636cffffff,,,
876ad3a9affffff,,,
8796d0093ffffff,,,
876ac5686ffffff,,,
876ad1485ffffff,,,
876ad5149ffffff,,,
8796d35a4ffffff,,,
876ac6d35ffffff,,,
876ac60a4ffffff,,,
876ade933ffffff,,,
876ad0041ffffff,,,
8796d2913ffffff,,,
876ac0a5cffffff,,,
876ac4242ffffff,,,
876ac4720ffffff,,,
876ac6582ffffff,,,
876ad2381ffffff,,,
876ade180ffffff,,,
8796d6ab5ffffff,,,
876ac210bffffff,,,
8796d44a0ffffff,,,
876ade455ffffff,,,
8796d6302ffffff,,,
876ad3a30ffffff,,,
876ad2656ffffff,,,
876ae34f3ffffff,,,
876ac561cffffff,0.770368925575139,2025-06,valid
8796d30c6ffffff,,,
876ad141bffffff,,,
8796d3cedffffff,,,
876adac05ffffff,,,
876ac2b93ffffff,,,
876ac6ccbffffff,,,
876ac0d31ffffff,,,
876ade8c9ffffff,,,
876ac2854ffffff,,,
876ac46b6ffffff,,,
876adec08ffffff,,,
876ac6518ffffff,,,
876adcda6ffffff,,,
876ade116ffffff,,,
876ac20a1ffffff,,,
8796d0772ffffff,,,
876ac5d65ffffff,,,
876ac51a8ffffff,,,
876ad1b64ffffff,,,
8796d4436ffffff,,,
8796d6298ffffff,,,
876ae3489ffffff,,,
876ac55b2ffffff,,,
876ad13b1ffffff,,,
876af10eaffffff,,,
8796d3c83ffffff,,,
876ad3213ffffff,,,
8796d34d0ffffff,,,
876ac6c61ffffff,,,
876af1493ffffff,,,
876ad175affffff,,,
876ac595bffffff,,,
876ac0988ffffff,,,
876ac464cffffff,,,
8796d2d1dffffff,,,
876ac64aeffffff,,,
876ad22adffffff,,,
876ade0acffffff,,,
8796d0708ffffff,,,
8796d256affffff,,,
876af3aa8ffffff,,,
8796d6641ffffff,,,
8796d622effffff,,,
876ad395cffffff,,,
876ac610effffff,,,
876ac42acffffff,,,
876ac5548ffffff,,,
876af1080ffffff,,,
8796d3c19ffffff,,,
876ac244affffff,,,
876ad31a9ffffff,,,
876ac4d95ffffff,,,
8796d3466ffffff,,,
876adc993ffffff,,,
876ac091effffff,,,
876ac2780ffffff,,,
876ac68c1ffffff,,,
8796d3130ffffff,,,
8796d2cb3ffffff,0.004392455653875615,2026-07,valid
876ac6444ffffff,,,
876ade042ffffff,,,
876ac016bffffff,,,
8796d069effffff,,,
8796d2500ffffff,,,
876ac0d9bffffff,,,
876ac5c91ffffff,,,
876ad1a90ffffff,,,
876ad38f2ffffff,,,
876adec72ffffff,,,
876ad5754ffffff,,,
876ac54deffffff,,,
876ad12ddffffff,,,
8796d38e3ffffff,,,
876ad1011ffffff,,,
8796d159affffff,,,
876ac4d2bffffff,,,
876ac6b8dffffff,,,
876ac08b4ffffff,,,
876ac2716ffffff,,,
8796d2c49ffffff,,,
876ad3626ffffff,,,
8796d690dffffff,,,
876ac0101ffffff,,,
8796d0634ffffff,,,
8796d2496ffffff,,,
876ad1a26ffffff,,,
8796d2234ffffff,,,
8796d615affffff,,,
876ad3888ffffff,,,
876ad56eaffffff,,,
876ae334bffffff,,,
876ac5474ffffff,,,
876ad1273ffffff,,,
876ad30d5ffffff,,,
876ac4cc1ffffff,,,
8796d66abffffff,,,
876ad0ac0ffffff,,,
8796d3392ffffff,,,
876ac6b23ffffff,,,
876ac084affffff,,,
876ac4316ffffff,,,
876ac26acffffff,,,
876ac450effffff,,,
876ac24b4ffffff,,,
876ad030dffffff,,,
876ac6370ffffff,,,
8796d68a3ffffff,,,
876ade529ffffff,,,
8796d242cffffff,,,
876af16f5ffffff,,,
876ac692bffffff,,,
8796d319affffff,,,
876ac4ac9ffffff,,,
8796d60f0ffffff,,,
876ad381effffff,,,
876ad5680ffffff,,,
876ae32e1ffffff,,,
876ac540affffff,,,
876ad1209ffffff,,,
876ad306bffffff,,,
876ad0a56ffffff,,,
876adecdcffffff,,,
876ac2642ffffff,,,
876ac44a4ffffff,,,
8796d2b75ffffff,,,
876ad02a3ffffff,,,
876ac6306ffffff,,,
8796d394dffffff,,,
876adc0a2ffffff,,,
876ac002dffffff,,,
8796d0560ffffff,,,
876ae3a2affffff,,,
876ac5b53ffffff,,,
876ad1952ffffff,,,
876af168bffffff,,,
8796d6086ffffff,,,
876ad37b4ffffff,,,
876ad5616ffffff,,,
876ac53a0ffffff,,,
876ad3690ffffff,,,
876ad3001ffffff,,,
876ac2d8bffffff,,,
876ad182effffff,,,
8796d229effffff,,,
876ac0776ffffff,,,
8796d0ca9ffffff,,,
8796d2b0bffffff,,,
876ac629cffffff,,,
8796d04f6ffffff,,,
8796d2358ffffff,,,
876ad18e8ffffff,,,
876af1621ffffff,,,
8796d601cffffff,,,
8796d6715ffffff,,,
876ad374affffff,,,
876ae320dffffff,,,
876ac5336ffffff,,,
8796d2a51ffffff,,,
876ad1135ffffff,,,
876ac4380ffffff,,,
876aded96ffffff,,,
876ac2d21ffffff,,,
876ac251effffff,,,
876ac4b83ffffff,,,
876ac070cffffff,,,
876ac256effffff,,,
8796d2aa1ffffff,,,
876ade593ffffff,,,
876ac6232ffffff,,,
8796d6765ffffff,,,
876ac6995ffffff,,,
8796d048cffffff,,,
876ac4b33ffffff,,,
8796d22eeffffff,,,
876ac2cd1ffffff,,,
876ad36e0ffffff,,,
876ad10cbffffff,,,
8796d399dffffff,,,
876aded2cffffff,,,
876aded46ffffff,,,
876ac4b19ffffff,,,
876ac06a2ffffff,,,
876ad10e5ffffff,,,
876ac2504ffffff,,,
876ac4366ffffff,,,
876af3b62ffffff,,,
8796d0422ffffff,,,
8796d2284ffffff,,,
876ac5a15ffffff,,,
876ad1814ffffff,,,
876af154dffffff,,,
876ad3676ffffff,,,
876ad1898ffffff,,,
876ac5a99ffffff,,,
8796d2308ffffff,,,
876ad1061ffffff,,,
8796d3933ffffff,,,
8796d04a6ffffff,,,
876adecc2ffffff,,,
876ac2c4dffffff,,,
8796d3180ffffff,,,
876ac6911ffffff,,,
876ac249affffff,,,
876ac615effffff,,,
8796d6691ffffff,,,
876ac624cffffff,,,
8796d221affffff,,,
876ac59abffffff,,,
8796d0c59ffffff,,,
876ad17aaffffff,,,
876af14e3ffffff,,,
876ae22c1ffffff,,,
876ac2588ffffff,,,
876ad360cffffff,,,
876ac0726ffffff,,,
8796d38c9ffffff,,,
876adec58ffffff,,,
876ac0d81ffffff,,,
876ac4a45ffffff,,,
8796d3116ffffff,,,
876ac4b9dffffff,,,
876ade4a5ffffff,,,
876ac2430ffffff,,,
876ac4292ffffff,,,
8796d2963ffffff,,,
876ad0091ffffff,,,
876ac60f4ffffff,,,
876adedb0ffffff,,,
8796d21b0ffffff,,,
876ac5941ffffff,,,
876ad1740ffffff,,,
876af32dbffffff,,,
876ad35a2ffffff,,,
876ac518effffff,,,
876adcd8cffffff,,,
8796d30acffffff,,,
876ac0564ffffff,,,
876ac4228ffffff,,,
876ac608affffff,,,
876af3a24ffffff,,,
876ad3cebffffff,,,
876ad3764ffffff,,,
8796d6036ffffff,,,
876ad5b4dffffff,,,
8796d02e4ffffff,,,
876ad1902ffffff,,,
8796d2146ffffff,,,
876ac5b03ffffff,,,
8796d2372ffffff,,,
876ad16d6ffffff,,,
876af3271ffffff,,,
876ad539affffff,,,
8796d0510ffffff,,,
876ac5124ffffff,,,
876adcd22ffffff,,,
876ac0cadffffff,,,
876ac4971ffffff,,,
876ad0770ffffff,,,
8796d3042ffffff,,,
876ac62b6ffffff,,,
876ad0253ffffff,,,
8796d2b25ffffff,,,
876ac6020ffffff,,,
876ac4454ffffff,,,
876af1b58ffffff,,,
8796d0cc3ffffff,,,
876ad5ae3ffffff,,,
8796d20dcffffff,,,
876ac0790ffffff,,,
876ac586dffffff,,,
876ad166cffffff,,,
876af13a5ffffff,,,
876ad34ceffffff,,,
876adc805ffffff,,,
876ad5330ffffff,,,
876ac6a69ffffff,,,
876aeed90ffffff,,,
8796d378bffffff,,,
876ac0c43ffffff,,,
876ac2da5ffffff,,,
876ac2aa5ffffff,,,
876ad0706ffffff,,,
876ac6769ffffff,,,
876adc505ffffff,,,
876ac0490ffffff,,,
876ac4154ffffff,,,
876ad301bffffff,,,
8796d2825ffffff,,,
876af1aeeffffff,,,
876ad1db5ffffff,,,
8796d64e9ffffff,,,
876af3950ffffff,,,
8796d0210ffffff,,,
876ae36daffffff,,,
876ae3291ffffff,,,
8796d2072ffffff,,,
876ac5803ffffff,,,
876ad1602ffffff,,,
876ad3464ffffff,,,
876ad5630ffffff,,,
876ad52c6ffffff,,,
876aeed26ffffff,,,
876ac5050ffffff,,,
8796d60a0ffffff,,,
8796d3721ffffff,,,
876adcc4effffff,,,
876af16a5ffffff,,,
876ad196cffffff,,,
876aee573ffffff,,,
876ac489dffffff,,,
876ae3a44ffffff,,,
876adc49bffffff,,,
876ac0426ffffff,,,
876ac40eaffffff,,,
876ad1d4bffffff,,,
876af1a84ffffff,,,
8796d6853ffffff,,,
876ad3badffffff,,,
8796d01a6ffffff,,,
876ae3670ffffff,,,
8796d2008ffffff,,,
876ac5799ffffff,,,
876af12d1ffffff,,,
876ac6320ffffff,,,
876ad1598ffffff,,,
876ad525cffffff,,,
876aee194ffffff,,,
876adad82ffffff,,,
876ac265cffffff,,,
876aee509ffffff,,,
876ac4833ffffff,,,
876ac6695ffffff,,,
876adc431ffffff,,,
876ac6ad3ffffff,,,
876ad0a70ffffff,,,
876ac4c71ffffff,,,
876ac4080ffffff,,,
8796d2751ffffff,,,
876ad1ce1ffffff,,,
8796d45b3ffffff,,,
876af1a1affffff,,,
876ad3b43ffffff,,,
876ad152effffff,,,
876ad3390ffffff,,,
876ad3085ffffff,,,
876aeec52ffffff,,,
876adad18ffffff,,,
876ad1223ffffff,,,
8796d364dffffff,,,
876ac5424ffffff,,,
876ac0b05ffffff,,,
876ac662bffffff,,,
8796d6b5effffff,,,
876ad569affffff,,,
876ac21b4ffffff,,,
876ac4016ffffff,,,
8796d610affffff,,,
8796d63abffffff,,,
876ad3ad9ffffff,,,
8796d00d2ffffff,,,
8796d2446ffffff,,,
876ae359cffffff,,,
876ad14c4ffffff,,,
8796d3d96ffffff,,,
876ad3326ffffff,,,
876adacaeffffff,,,
876ac6d74ffffff,,,
876ac00b1ffffff,,,
876ade972ffffff,,,
876adc126ffffff,,,
876aee435ffffff,,,
876ac638affffff,,,
876ac4528ffffff,0.6370998389968112,2025-05,valid
8796d4c92ffffff,,,
8796d6af4ffffff,,,
876ac26c6ffffff,,,
876ac214affffff,,,
876ad1c0dffffff,,,
876ac0864ffffff,,,
8796d6341ffffff,,,
876ad145affffff,,,
8796d3d2cffffff,,,
876ad0adaffffff,,,
876ac4cdbffffff,,,
876ac6d0affffff,,,
876ade908ffffff,,,
876ac0a31ffffff,,,
876ac2893ffffff,,,
876ac46f5ffffff,,,
876ada491ffffff,,,
876ade155ffffff,,,
8796d6a8affffff,,,
876ac20e0ffffff,,,
8796d07b1ffffff,,,
8796d2613ffffff,,,
876ad128dffffff,,,
876ac5da4ffffff,,,
876ad1ba3ffffff,,,
876ac548effffff,,,
876ad3a05ffffff,,,
876ae3365ffffff,,,
8796d3cc2ffffff,,,
876ad3252ffffff,,,
876ad5704ffffff,,,
876ac6ca0ffffff,,,
876ade89effffff,,,
876ad38a2ffffff,,,
8796d6174ffffff,,,
876ac2829ffffff,,,
876ac468bffffff,,,
8796d2d5cffffff,,,
876ad1a40ffffff,,,
876ac64edffffff,,,
876ac5c41ffffff,,,
8796d24b0ffffff,,,
876ad22ecffffff,,,
8796d6a20ffffff,,,
8796d064effffff,,,
876ac2076ffffff,,,
8796d25a9ffffff,,,
876ac011bffffff,,,
8796d626dffffff,,,
876ad399bffffff,,,
876adc190ffffff,,,
876ad1386ffffff,,,
879689254ffffff,,,
8796d3c58ffffff,,,
876ad0391ffffff,,,
8796d2c63ffffff,,,
876ac4592ffffff,,,
876ad504affffff,,,
876ac2730ffffff,,,
8796d34a5ffffff,,,
876ac08ceffffff,,,
876ac6c36ffffff,,,
876ade834ffffff,,,
876ac095dffffff,,,
876ac4621ffffff,,,
8796d2cf2ffffff,,,
8796d3416ffffff,,,
876ac4d45ffffff,,,
8796d15b4ffffff,,,
876ac6483ffffff,,,
8796892e3ffffff,,,
876ad2282ffffff,,,
876ade081ffffff,0.029999999999912687,2026-07,valid
876ac01aaffffff,,,
876ac200cffffff,,,
8796d06ddffffff,,,
876ac5cd0ffffff,,,
8796d6203ffffff,,,
876ad3931ffffff,,,
876ad3159ffffff,,,
876ad5793ffffff,,,
876ac551dffffff,,,
876ad131cffffff,,,
876af1055ffffff,,,
876ac4d6affffff,,,
876ad0b69ffffff,,,
876ac08f3ffffff,,,
876ac2755ffffff,,,
876ad576effffff,,,
8796d2c88ffffff,,,
876ad03b6ffffff,,,
876ad390cffffff,,,
876ac6419ffffff,,,
876adc1b5ffffff,,,
876ad1aaaffffff,,,
876ad2218ffffff,,,
8796d694cffffff,,,
876ac5cabffffff,,,
8796d251affffff,,,
876ac0140ffffff,,,
8796d0673ffffff,,,
8796d24d5ffffff,,,
876ac5c66ffffff,,,
876ad1a65ffffff,,,
876af179effffff,,,
8796d6199ffffff,,,
876ac0185ffffff,,,
876ad5729ffffff,,,
876ae338affffff,,,
8796d6991ffffff,,,
876ade05cffffff,,,
876ac54b3ffffff,,,
876ad12b2ffffff,,,
876ac645effffff,,,
8796d2ccdffffff,,,
876ac4d00ffffff,,,
876ac6b62ffffff,,,
876ac279affffff,,,
876ac0889ffffff,,,
876ac26ebffffff,,,
876ac454dffffff,,,
8796d2c1effffff,,,
876ad034cffffff,,,
8796d68e2ffffff,,,
876adc9adffffff,,,
876ac00d6ffffff,,,
876ac6c11ffffff,,,
8796d3480ffffff,,,
8796d0609ffffff,,,
876ac3d9affffff,,,
876ae3ad3ffffff,,,
8796d246bffffff,,,
876af1734ffffff,,,
876ad385dffffff,,,
876ae3320ffffff,,,
876ac5449ffffff,,,
876ad1248ffffff,,,
876ad30aaffffff,,,
876ac4c96ffffff,,,
876ad0a95ffffff,,,
876adc894ffffff,,,
8796d3c33ffffff,,,
876af109affffff,,,
876ad1361ffffff,,,
876ac5562ffffff,,,
876ac2681ffffff,,,
876ac44e3ffffff,,,
8796d2bb4ffffff,,,
876ad02e2ffffff,,,
876ac6345ffffff,,,
876ac006cffffff,,,
876ac3d30ffffff,,,
876ae3a69ffffff,,,
8796d2401ffffff,,,
876ac5b92ffffff,,,
876af16caffffff,,,
876ad3976ffffff,,,
8796d6248ffffff,,,
876ad1991ffffff,,,
876ad1b14ffffff,,,
8796d60c5ffffff,,,
876ac5d15ffffff,,,
8796d2584ffffff,,,
876ad5655ffffff,,,
876ad3040ffffff,,,
8796d0722ffffff,,,
876ac2051ffffff,,,
876ac4c2cffffff,,,
876ac6a8effffff,,,
876adc82affffff,,,
876ade0c6ffffff,,,
876ac07b5ffffff,,,
8796d0ce8ffffff,,,
876ac64c8ffffff,,,
8796d2b4affffff,,,
876ac4666ffffff,,,
876ac62dbffffff,,,
8796d680effffff,,,
876ac2804ffffff,,,
876ac0002ffffff,,,
8796d0535ffffff,,,
876ac09a2ffffff,,,
876ac5b28ffffff,,,
876af1660ffffff,,,
8796d605bffffff,,,
876ad3789ffffff,,,
876ae324cffffff,,,
8796d34eaffffff,,,
876ad1174ffffff,,,
876ac2d60ffffff,,,
8796d3293ffffff,,,
876ac6a24ffffff,,,
876ac25adffffff,,,
8796d2ae0ffffff,,,
876ad322dffffff,,,
876ad020effffff,,,
876ac6271ffffff,,,
8796d3c9dffffff,,,
8796d67a4ffffff,,,
8796d04cbffffff,,,
876ae34a3ffffff,,,
8796d232dffffff,,,
876ad110affffff,,,
876ad5842ffffff,,,
876aded6bffffff,0.01596285677040922,2026-07,valid
876ac2cf6ffffff,,,
876ac4b58ffffff,,,
8796d62b2ffffff,,,
876ac2543ffffff,,,
8796d0c14ffffff,,,
876ac43a5ffffff,,,
8796d078cffffff,,,
8796d2a76ffffff,,,
8796d0461ffffff,,,
8796d22c3ffffff,,,
876ac5a54ffffff,,,
876ad1853ffffff,,,
876ad36b5ffffff,,,
876ade130ffffff,,,
876ad10a0ffffff,,,
876ac6532ffffff,,,
8796d2da1ffffff,,,
876ac46d0ffffff,,,
8796d3972ffffff,,,
876aded01ffffff,,,
876ac2c8cffffff,,,
876ac286effffff,,,
876ac4aeeffffff,,,
876ac6950ffffff,,,
876ac0a0cffffff,,,
876ade8e3ffffff,,,
876ade54effffff,,,
876ac24d9ffffff,,,
876ac6ce5ffffff,,,
8796d3554ffffff,,,
8796d2a0cffffff,,,
876ac619dffffff,,,
876af1cd5ffffff,,,
8796d66d0ffffff,,,
8796d2259ffffff,,,
876af1522ffffff,,,
876ad364bffffff,,,
876ad1036ffffff,,,
8796d3908ffffff,,,
876ad1435ffffff,,,
876ac2c22ffffff,,,
876ac4a84ffffff,,,
876ac5636ffffff,,,
8796d3155ffffff,,,
876ac68e6ffffff,,,
8796d0043ffffff,,,
876ad26e5ffffff,,,
876ade4e4ffffff,,,
876ac060dffffff,,,
876ac42d1ffffff,,,
8796d29a2ffffff,,,
876ad00d0ffffff,,,
876ad3a4affffff,,,
8796d631cffffff,,,
876ac6133ffffff,,,
8796d6666ffffff,,,
876af3acdffffff,,,
8796d2658ffffff,,,
8796d038dffffff,,,
876ac5980ffffff,,,
876ac2125ffffff,,,
8796d389effffff,,,
876adec2dffffff,,,
876ac0d56ffffff,,,
876ade19affffff,,,
876ac4a1affffff,,,
876ad239bffffff,,,
876ac659cffffff,,,
8796d30ebffffff,,,
876ac05a3ffffff,,,
876ac2405ffffff,,,
876aee410ffffff,,,
876ae2611ffffff,,,
876ac28d8ffffff,,,
876ad0066ffffff,,,
876ac60c9ffffff,,,
876ac0a76ffffff,0.03989215023010458,2025-05,valid
876ac0a76ffffff,0.2064713183243352,2026-06,valid
876ac0a76ffffff,0.1888848927143463,2026-07,valid
876af3a63ffffff,,,
876ad5b8cffffff,,,
876ade94dffffff,,,
8796d2185ffffff,,,
876ac5916ffffff,,,
876adac89ffffff,,,
876ad1715ffffff,,,
876af144effffff,,,
876ac5163ffffff,,,
8796d3834ffffff,,,
876adcd61ffffff,,,
876ac0cecffffff,,,
876ac2b4effffff,,,
876ac49b0ffffff,,,
8796d3081ffffff,,,
876ac6812ffffff,,,
876adc5aeffffff,,,
876ad3301ffffff,,,
876ade410ffffff,,,
8796d6d45ffffff,0.019999999999941794,2026-07,valid
8796d3d71ffffff,,,
876ac239bffffff,,,
876ac56a0ffffff,,,
8796d28ceffffff,,,
876ad3cc0ffffff,,,
876ad5b22ffffff,,,
8796d00adffffff,,,
8796d211bffffff,,,
876ac58acffffff,,,
876ad16abffffff,,,
876af3246ffffff,,,
876ad350dffffff,,,
876ad3ab4ffffff,,,
8796d6386ffffff,,,
876ac0c82ffffff,,,
876ac2ae4ffffff,,,
876ad1c52ffffff,,,
876ac4946ffffff,,,
876ad0745ffffff,,,
8796d26c2ffffff,,,
876ac67a8ffffff,,,
876adc544ffffff,,,
876ac2331ffffff,,,
876ac4193ffffff,,,
8796d2864ffffff,,,
8796d20b1ffffff,,,
876ac5842ffffff,,,
876ac6606ffffff,,,
876ad1641ffffff,,,
876ac47a4ffffff,,,
876ad34a3ffffff,,,
876ad5305ffffff,,,
876ac2942ffffff,,,
8796d3760ffffff,,,
876adcc8dffffff,,,
876ac0ae0ffffff,,,
876ac0c18ffffff,,,
876aee5b2ffffff,,,
876ac48dcffffff,,,
8796d3628ffffff,,,
876adacf3ffffff,,,
8796d6c71ffffff,,,
876ac0465ffffff,,,
876aeec2dffffff,,,
876ac4129ffffff,,,
876af1ac3ffffff,,,
876ad1d8affffff,,,
876ad5a4effffff,,,
876af1310ffffff,,,
876ad529bffffff,,,
876ac5025ffffff,,,
8796d36f6ffffff,,,
876adcc23ffffff,,,
876ad336bffffff,,,
876ad1509ffffff,,,
876af1242ffffff,,,
876ac0baeffffff,,,
876ac570affffff,,,
876ac2a10ffffff,,,
876ac4872ffffff,,,
876ad0671ffffff,,,
876ac66d4ffffff,,,
876adc470ffffff,,,
8796d2790ffffff,,,
876ad3b1effffff,,,
876ad1d20ffffff,,,
876af1a59ffffff,,,
876ad3b82ffffff,,,
8796d458effffff,,,
876ae3645ffffff,,,
8796d272cffffff,,,
876af12a6ffffff,,,
876ad156dffffff,,,
876ac405bffffff,,,
876ad5231ffffff,,,
876aeec91ffffff,,,
8796d368cffffff,,,
876ac0b44ffffff,,,
876ac29a6ffffff,,,
876aee4deffffff,,,
8796d6ba3ffffff,,,
876ac4808ffffff,,,
876ada5a4ffffff,,,
876adc40cffffff,,,
876ac666affffff,,,
876ac6670ffffff,,,
876ad060dffffff,,,
876ada5aaffffff,,,
876ac480effffff,,,
876adc406ffffff,,,
876aee4e4ffffff,,,
876ae26e5ffffff,,,
876ac29acffffff,,,
8796d6b9dffffff,,,
876ac0391ffffff,,,
876ac0b4affffff,0.187659869983535,2026-06,valid
876ac4055ffffff,,,
8796d2726ffffff,,,
8796d4588ffffff,,,
876ad1cb6ffffff,,,
876ad3b18ffffff,,,
8796d3692ffffff,,,
876ac5704ffffff,,,
876ad1503ffffff,,,
876ad3365ffffff,,,
8796d3622ffffff,,,
876ac6db3ffffff,,,
876ade9b1ffffff,,,
876aee474ffffff,,,
876ac479effffff,,,
876ac6600ffffff,,,
876ad1573ffffff,,,
876af12acffffff,,,
8796d6b33ffffff,,,
876ac5774ffffff,,,
876ac2189ffffff,,,
876ad1c4cffffff,,,
876ae364bffffff,,,
8796d0181ffffff,,,
8796d6380ffffff,,,
876ad3aaeffffff,,,
876ad1499ffffff,,,
8796d3d6bffffff,,,
876ad3b88ffffff,,,
8796d645affffff,0.02000000000006985,2026-07,valid
876adac83ffffff,0.06000000000003492,2026-07,valid
876ad1d26ffffff,,,
876ac6d49ffffff,,,
8796d2796ffffff,,,
876ac40c5ffffff,,,
876ac0a70ffffff,0.06010785420864866,2025-05,valid
876ac0a70ffffff,0.8236413269788853,2026-06,valid
876ac0a70ffffff,1.3536413580213236,2026-07,valid
876ac28d2ffffff,,,
876ae260bffffff,,,
876aee40affffff,,,
876ac4734ffffff,,,
876af026cffffff,,,
876ac0401ffffff,,,
876ac6596ffffff,,,
8796d6c0dffffff,0.22787185434515544,2026-07,valid
876ad2395ffffff,,,
876ade194ffffff,,,
8796d6ac9ffffff,,,
876adc476ffffff,,,
876ac66daffffff,,,
8796d2652ffffff,,,
8796d44b4ffffff,,,
8796d6316ffffff,,,
876aee54effffff,,,
876ad3a44ffffff,,,
876ac2a16ffffff,,,
876ac5630ffffff,,,
8796d3d01ffffff,,,
876ad3291ffffff,,,
876ac0bb4ffffff,,,
876adac19ffffff,,,
8796d354effffff,,,
876ade8ddffffff,,,
876adcc29ffffff,,,
876ac0a06ffffff,,,
876ac2868ffffff,,,
876ac502bffffff,,,
876ac46caffffff,,,
876aeed01ffffff,,,
8796d2d9bffffff,,,
876ac652cffffff,,,
876ade12affffff,,,
876ac20b5ffffff,,,
8796d0786ffffff,,,
876ad52a1ffffff,,,
8796d62acffffff,,,
876ae349dffffff,,,
876af1316ffffff,,,
8796d34e4ffffff,,,
8796d204dffffff,,,
876ac6c75ffffff,,,
876ade873ffffff,,,
876ac099cffffff,,,
876ac4660ffffff,,,
8796d2d31ffffff,,,
876ad5a54ffffff,,,
876ac64c2ffffff,,,
876ad22c1ffffff,,,
876ade0c0ffffff,,,
876ac204bffffff,,,
876ad1d90ffffff,,,
876af1ac9ffffff,,,
8796d071cffffff,,,
876ad1b0effffff,,,
8796d2800ffffff,,,
8796d6242ffffff,,,
876ad3970ffffff,,,
876ac22cdffffff,,,
876ac555cffffff,,,
876ad135bffffff,,,
876af1094ffffff,,,
8796d3c2dffffff,,,
876ac046bffffff,,,
876ac4da9ffffff,,,
876ac6c0bffffff,,,
876adc4e0ffffff,,,
876ac6744ffffff,,,
876ad06e1ffffff,,,
876ade809ffffff,,,
876ac48e2ffffff,,,
876ac0932ffffff,,,
876ac2794ffffff,,,
876ac2a80ffffff,,,
876ac6458ffffff,,,
876ac0c1effffff,,,
876ade056ffffff,,,
8796d698bffffff,,,
8796d06b2ffffff,,,
8796d2514ffffff,,,
876ac5ca5ffffff,,,
876ad1aa4ffffff,,,
876adcc93ffffff,,,
876ad3906ffffff,,,
876ad5768ffffff,,,
8796d3766ffffff,,,
876ac5095ffffff,,,
876ac54f2ffffff,,,
876aeed6bffffff,,,
876ad12f1ffffff,,,
876ad3153ffffff,,,
8796d3410ffffff,,,
876ac6ba1ffffff,,,
876ad530bffffff,,,
876ac08c8ffffff,,,
876ac272affffff,,,
876ad34a9ffffff,,,
876ac458cffffff,,,
8796d2c5dffffff,,,
876ad038bffffff,,,
876af1380ffffff,,,
87968924effffff,,,
876adc18affffff,,,
876ac5848ffffff,,,
8796d6921ffffff,,,
876ac0115ffffff,,,
8796d0648ffffff,,,
8796d24aaffffff,,,
8796d0255ffffff,,,
876af1773ffffff,,,
8796d616effffff,,,
876ad389cffffff,,,
876ac5488ffffff,,,
876ad30e9ffffff,,,
876ac4cd5ffffff,,,
876ad0ad4ffffff,,,
8796d33a6ffffff,,,
876af1b33ffffff,,,
876ade735ffffff,,,
876ac085effffff,,,
8796d286affffff,,,
876ac26c0ffffff,,,
876ac4199ffffff,,,
8796d0d91ffffff,,,
876ac4522ffffff,,,
876ad0321ffffff,,,
876ac6384ffffff,,,
876adc120ffffff,,,
876ac04d5ffffff,,,
876ac00abffffff,,,
8796d6ce1ffffff,,,
8796d2440ffffff,,,
876af1709ffffff,,,
876adc54affffff,,,
876ac67aeffffff,,,
8796d301dffffff,,,
876ad074bffffff,,,
8796d6104ffffff,,,
876ac494cffffff,,,
876ad3832ffffff,,,
876ad5694ffffff,,,
876ae32f5ffffff,,,
876ac2aeaffffff,,,
876ac541effffff,,,
876ad121dffffff,,,
876ac0c88ffffff,,,
876ac4c6bffffff,,,
876ad0a6affffff,,,
876ac6acdffffff,,,
876ac2656ffffff,,,
8796d2b89ffffff,,,
876ac631affffff,,,
876adc0b6ffffff,,,
8796d684dffffff,,,
876ac0041ffffff,,,
8796d0574ffffff,,,
876ad1966ffffff,,,
8796d609affffff,,,
876ad562affffff,,,
876ae328bffffff,,,
876ad5375ffffff,,,
876ac53b4ffffff,,,
876ad11b3ffffff,,,
876ad3513ffffff,,,
876af324cffffff,,,
876ad3015ffffff,,,
876ad16b1ffffff,,,
876ac4c01ffffff,,,
876ac58b2ffffff,,,
8796d2121ffffff,,,
876ac6a63ffffff,,,
876ac078affffff,,,
876ac444effffff,,,
876ad024dffffff,,,
876ad5b28ffffff,,,
876ac62b0ffffff,,,
876ad3cc6ffffff,,,
8796d050affffff,,,
8796d236cffffff,,,
876ac6065ffffff,,,
876ad0002ffffff,,,
8796d28d4ffffff,,,
876ac4203ffffff,,,
876af1635ffffff,,,
8796d6030ffffff,,,
876ad375effffff,,,
876ac23a1ffffff,,,
876ae3221ffffff,,,
876ad1149ffffff,,,
876adedaaffffff,,,
876ac2d35ffffff,,,
8796d6d4bffffff,,,
876ade416ffffff,,,
876adc5b4ffffff,,,
876ac6818ffffff,,,
876ac0720ffffff,,,
876ac49b6ffffff,,,
876ac2582ffffff,,,
8796d0c53ffffff,,,
876ac2b54ffffff,,,
8796d2ab5ffffff,,,
876ac6246ffffff,,,
876ac0cf2ffffff,,,
8796d04a0ffffff,,,
8796d2302ffffff,,,
876ac5a93ffffff,,,
876ad1892ffffff,,,
876ad36f4ffffff,,,
8796d39b1ffffff,,,
876ac5169ffffff,,,
876aded40ffffff,,,
876ac2ccbffffff,,,
876ac4b2dffffff,,,
876ade58dffffff,,,
876ac06b6ffffff,,,
876ac2518ffffff,,,
8796d2a4bffffff,,,
876af1454ffffff,,,
876ad171bffffff,,,
876af3b76ffffff,,,
876ac591cffffff,,,
8796d0436ffffff,,,
8796d218bffffff,,,
8796d2298ffffff,,,
876ac5a29ffffff,,,
876ad1828ffffff,,,
876af1561ffffff,,,
876ad368affffff,,,
876ad1075ffffff,,,
876af3a69ffffff,,,
8796d6602ffffff,,,
876adecd6ffffff,,,
876ac2c61ffffff,,,
876ac4ac3ffffff,,,
8796d3194ffffff,,,
876ad006cffffff,,,
876ac6925ffffff,,,
876ac426dffffff,,,
876ade523ffffff,,,
876ac240bffffff,,,
876ac24aeffffff,,,
876ac4310ffffff,,,
876ac05a9ffffff,,,
876ac6172ffffff,,,
876ade480ffffff,,,
8796d66a5ffffff,,,
876af3b0cffffff,,,
876ac6882ffffff,,,
8796d30f1ffffff,,,
8796d222effffff,,,
876ac4a20ffffff,,,
876af3359ffffff,,,
876ad3620ffffff,,,
876ad100bffffff,,,
8796d38ddffffff,,,
876ac0d5cffffff,,,
876adec6cffffff,,,
876ac0d95ffffff,,,
876adec33ffffff,,,
876ac4a59ffffff,,,
8796d312affffff,,,
876ac2444ffffff,,,
8796d38a4ffffff,,,
876ac42a6ffffff,,,
876ac6108ffffff,,,
876ad3d69ffffff,,,
876ac5955ffffff,,,
876ad1754ffffff,,,
876af148dffffff,,,
876ad35b6ffffff,,,
876ac51a2ffffff,,,
876ad1785ffffff,,,
8796d3873ffffff,,,
876ac5986ffffff,,,
876adcda0ffffff,,,
876adec02ffffff,,,
876ac0d2bffffff,,,
8796d0393ffffff,,,
876ac2b8dffffff,,,
8796d30c0ffffff,,,
876ac6851ffffff,,,
876ad2650ffffff,,,
8796d666cffffff,,,
8796d290dffffff,,,
876ac609effffff,,,
876ad5b61ffffff,,,
8796d215affffff,,,
876ad00d6ffffff,,,
8796d29a8ffffff,,,
876ac58ebffffff,,,
876ad16eaffffff,,,
876af1423ffffff,,,
876ac2475ffffff,,,
876ad354cffffff,,,
876ad53aeffffff,,,
876ac0613ffffff,,,
8796d3809ffffff,,,
876ade4eaffffff,,,
876adcd36ffffff,,,
876ad26ebffffff,,,
876ac68ecffffff,,,
8796d315bffffff,,,
876ac0cc1ffffff,,,
876ac4a8affffff,,,
876ac2b23ffffff,,,
876ac4985ffffff,,,
8796d3056ffffff,,,
876ac2c28ffffff,,,
876adc583ffffff,,,
876ac050effffff,,,
876ac2370ffffff,,,
8796d28a3ffffff,,,
876ac6034ffffff,,,
876adec9dffffff,,,
876af1b6cffffff,,,
8796d028effffff,,,
8796d20f0ffffff,,,
876ac5881ffffff,,,
8796d390effffff,,,
876ad1680ffffff,,,
876ad34e2ffffff,,,
876ad5344ffffff,,,
876aeeda4ffffff,,,
876ac50ceffffff,,,
876adccccffffff,,,
876ac491bffffff,,,
876adc519ffffff,,,
876ad3651ffffff,,,
876ac04a4ffffff,,,
876ac2306ffffff,,,
876ac4168ffffff,,,
876af1528ffffff,,,
876af1b02ffffff,,,
876af3964ffffff,,,
876ad5a8dffffff,,,
8796d0224ffffff,,,
876ae36eeffffff,,,
8796d2086ffffff,,,
876ad1616ffffff,,,
876ad52daffffff,,,
876ac5064ffffff,,,
8796d66d6ffffff,,,
8796d3735ffffff,,,
876af1cdbffffff,,,
876adcc62ffffff,,,
876ac61a3ffffff,,,
8796d2a12ffffff,,,
876ac4341ffffff,,,
876ac48b1ffffff,,,
876ac6713ffffff,,,
8796d6c46ffffff,0.07896334873253193,2026-07,valid
876ade554ffffff,,,
876af1a98ffffff,,,
876ad5a23ffffff,,,
876ac6956ffffff,,,
876ac4af4ffffff,,,
8796d201cffffff,,,
876ac57adffffff,,,
876ac2c92ffffff,,,
876af12e5ffffff,,,
876ad15acffffff,,,
876ad340effffff,,,
876ad5270ffffff,,,
876aeecd0ffffff,,,
876adad96ffffff,,,
8796d36cbffffff,,,
876ac0b83ffffff,,,
876aee51dffffff,,,
876ad0646ffffff,,,
876ad10a6ffffff,,,
876ac66a9ffffff,,,
876adc445ffffff,,,
876ac2232ffffff,,,
876ac4094ffffff,,,
8796d2765ffffff,,,
876ad1cf5ffffff,,,
876af1a2effffff,,,
876ad1542ffffff,,,
876ad33a4ffffff,,,
876ad5206ffffff,,,
876aeec66ffffff,,,
876af1592ffffff,,,
876ad1859ffffff,,,
8796d3661ffffff,,,
8796d22c9ffffff,,,
876ac0b19ffffff,,,
876ae26b4ffffff,,,
876aee4b3ffffff,,,
876ac402affffff,,,
8796d6740ffffff,,,
876ad1c8bffffff,,,
876ad3aedffffff,,,
876ac620dffffff,,,
8796d00e6ffffff,,,
876ac43abffffff,,,
876ae35b0ffffff,,,
8796d0c1affffff,,,
876af1211ffffff,,,
876ac2549ffffff,,,
876ad14d8ffffff,,,
8796d3daaffffff,,,
876adacc2ffffff,,,
876ac6d88ffffff,,,
876ade986ffffff,,,
876ac4b5effffff,,,
876ac2911ffffff,,,
876ae264affffff,,,
876ac4773ffffff,,,
8796d6b08ffffff,,,
876ac215effffff,,,
8796d2691ffffff,,,
8796d44f3ffffff,,,
876ad1c21ffffff,,,
876aded71ffffff,,,
8796d6355ffffff,,,
876ad3a83ffffff,,,
876ad1110ffffff,,,
876ad146effffff,,,
876ac5311ffffff,,,
8796d3d40ffffff,,,
876ad32d0ffffff,,,
8796d358dffffff,,,
876ac6d1effffff,,,
876ade91cffffff,,,
876ac4709ffffff,,,
876ada4a5ffffff,,,
876af0241ffffff,,,
876ad3725ffffff,,,
876ac656bffffff,,,
876ad18c3ffffff,,,
8796d6a9effffff,,,
876ac5ac4ffffff,,,
8796d2333ffffff,,,
876ac20f4ffffff,,,
8796d4489ffffff,,,
8796d04d1ffffff,,,
8796d62ebffffff,,,
876ad3a19ffffff,,,
8796d0012ffffff,,,
876ae34dcffffff,,,
876ad1404ffffff,,,
8796d3cd6ffffff,,,
8796d67aaffffff,,,
876ad3266ffffff,,,
876ad50c8ffffff,,,
8796d3523ffffff,,,
876adc013ffffff,,,
876ac6cb4ffffff,,,
876ad0214ffffff,,,
8796d2ae6ffffff,,,
876ac4415ffffff,,,
8796d0c84ffffff,,,
876ac25b3ffffff,,,
876ade8b2ffffff,,,
8796d2d70ffffff,,,
876ac0751ffffff,,,
876ac6501ffffff,,,
8796d6a34ffffff,,,
876ac208affffff,,,
8796d075bffffff,,,
876ac6a2affffff,,,
8796d3299ffffff,,,
876ac5d4effffff,,,
876ad1b4dffffff,,,
8796d6281ffffff,,,
876ac2d66ffffff,,,
876ae3472ffffff,,,
876ac559bffffff,,,
876ad139affffff,,,
876af10d3ffffff,,,
8796d3c6cffffff,,,
876ad505effffff,,,
876ac6c4affffff,,,
876ade848ffffff,,,
876ac0971ffffff,,,
876ac4635ffffff,,,
8796d2d06ffffff,,,
876ae3252ffffff,,,
876ad2296ffffff,,,
876ade095ffffff,0.010000000000011642,2026-07,valid
876ac2020ffffff,,,
8796d06f1ffffff,,,
8796d2553ffffff,,,
876ac5ce4ffffff,,,
876ad1ae3ffffff,,,
8796d6061ffffff,,,
876ad3945ffffff,,,
876ae3408ffffff,,,
876af1666ffffff,,,
876ad192dffffff,,,
876ac5b2effffff,,,
876ac5531ffffff,,,
8796d239dffffff,,,
876ad1330ffffff,,,
876af1069ffffff,,,
876ae3a05ffffff,,,
8796d3c02ffffff,,,
876ad3192ffffff,,,
876ac0008ffffff,,,
876ac2769ffffff,,,
8796d6814ffffff,,,
8796d2c9cffffff,,,
876ac642dffffff,,,
87968928dffffff,,,
876ade02bffffff,,,
876ac62e1ffffff,,,
8796d2b50ffffff,,,
8796d6960ffffff,,,
876ac0154ffffff,,,
8796d24e9ffffff,,,
8796d0ceeffffff,,,
876af17b2ffffff,,,
876ac261dffffff,,,
8796d61adffffff,,,
876ad38dbffffff,,,
876ad12c6ffffff,,,
876ade692ffffff,,,
876ad3128ffffff,,,
876adc830ffffff,,,
876ac4d14ffffff,,,
876ac6a94ffffff,,,
876ac4c32ffffff,,,
876ac6b76ffffff,,,
876adc912ffffff,0.002973310278029986,2025-05,valid
876adc912ffffff,0.07403020137374582,2025-09,valid
876ac089dffffff,,,
876ac4561ffffff,,,
8796d2c32ffffff,,,
876ad0360ffffff,,,
879689223ffffff,,,
8796d68f6ffffff,,,
876ac00eaffffff,,,
876ad3046ffffff,,,
8796d061dffffff,,,
876ac3daeffffff,,,
876ac5c10ffffff,,,
876af1748ffffff,,,
8796d6143ffffff,,,
876ad3871ffffff,,,
876ad56d3ffffff,,,
876ac545dffffff,,,
876ad125cffffff,,,
876ad565bffffff,,,
876ac4caaffffff,,,
8796d60cbffffff,,,
876ac6b0cffffff,,,
876adc8a8ffffff,,,
876af16d0ffffff,,,
876ac5b98ffffff,,,
876ac0833ffffff,,,
876ac2695ffffff,,,
876ac3d36ffffff,,,
8796d05a5ffffff,,,
876ad02f6ffffff,,,
876ac6359ffffff,,,
8796d688cffffff,,,
876ac0080ffffff,,,
876ac0072ffffff,,,
8796d05b3ffffff,,,
8796d2415ffffff,,,
876ac5ba6ffffff,,,
876ad19a5ffffff,,,
876af16deffffff,,,
876ac634bffffff,,,
876ad02e8ffffff,,,
8796d60d9ffffff,,,
876ac44e9ffffff,,,
876ad5669ffffff,,,
876ae32caffffff,,,
876ad3054ffffff,,,
876ac0825ffffff,,,
876ac4c40ffffff,,,
876ac6aa2ffffff,,,
876ac262bffffff,,,
876adc89affffff,,,
876ac448dffffff,,,
876ad0a9bffffff,,,
8796d2b5effffff,,,
876ad028cffffff,,,
876ac4c9cffffff,,,
8796d6822ffffff,,,
876ac0016ffffff,,,
8796d0549ffffff,,,
876ae3a13ffffff,,,
8796d23abffffff,,,
876af1674ffffff,,,
876ad379dffffff,,,
876ae3260ffffff,,,
876ad1188ffffff,,,
876ad30b0ffffff,,,
876ac2d74ffffff,,,
876ad124effffff,,,
8796d0c92ffffff,,,
876ac4423ffffff,,,
8796d2af4ffffff,,,
876ad0222ffffff,,,
876ac6285ffffff,,,
876ad56c5ffffff,,,
8796d2341ffffff,,,
876ac5ad2ffffff,,,
876ad18d1ffffff,,,
876af160affffff,,,
876ad3863ffffff,,,
8796d6135ffffff,,,
8796d6005ffffff,,,
876ad1a01ffffff,,,
876ad3733ffffff,,,
876ac5c02ffffff,,,
8796d2471ffffff,,,
876ae3ad9ffffff,,,
876ac3da0ffffff,,,
876ad111effffff,,,
876ac2d0affffff,,,
876ac4b6cffffff,,,
876ac00dcffffff,,,
8796d68e8ffffff,,,
876ac06f5ffffff,,,
8796d0c28ffffff,,,
879689215ffffff,,,
876ac63b5ffffff,,,
876ad0352ffffff,,,
8796d2c24ffffff,,,
8796d2a8affffff,,,
876ac4553ffffff,,,
876ac621bffffff,,,
8796d674effffff,,,
876ac26f1ffffff,,,
8796d0475ffffff,,,
876ad36c9ffffff,,,
876ac6b68ffffff,,,
876ad10b4ffffff,,,
876ac4d06ffffff,,,
8796d3986ffffff,,,
876aded15ffffff,,,
876ac2ca0ffffff,,,
876ac4b02ffffff,,,
876ac6964ffffff,,,
876ad2763ffffff,,,
876ade562ffffff,,,
876ac068bffffff,,,
876ac24edffffff,,,
8796d2a20ffffff,,,
876ad311affffff,,,
876ad014effffff,,,
876ac61b1ffffff,,,
8796d66e4ffffff,,,
876af3b4bffffff,,,
8796d040bffffff,,,
8796d226dffffff,,,
876af1536ffffff,,,
876ad104affffff,,,
8796d391cffffff,,,
876adecabffffff,,,
876ac2c36ffffff,,,
876ac4a98ffffff,,,
876ad38cdffffff,,,
876af17a4ffffff,,,
876ad1a6bffffff,,,
876ac0621ffffff,,,
876ac5c6cffffff,,,
8796d24dbffffff,,,
876ac2483ffffff,,,
876ac42e5ffffff,,,
8796d29b6ffffff,,,
876ad00e4ffffff,,,
876af3ae1ffffff,,,
8796d03a1ffffff,,,
876ac0146ffffff,,,
8796d2203ffffff,,,
876ac5994ffffff,,,
8796d6952ffffff,,,
876ad1793ffffff,,,
876ade01dffffff,,,
876af14ccffffff,,,
876ad221effffff,,,
8796d2c8effffff,,,
8796d38b2ffffff,,,
876adec41ffffff,,,
876ac0d6affffff,,,
876ac275bffffff,,,
876ac4a2effffff,,,
876ac6890ffffff,,,
876ade48effffff,,,
876ac2419ffffff,,,
8796d294cffffff,,,
876ac60ddffffff,,,
8796d3441ffffff,,,
876ac4d70ffffff,,,
8796d6610ffffff,,,
876ad5ba0ffffff,,,
8796d2199ffffff,,,
876ac592affffff,,,
876ad1729ffffff,,,
876af1462ffffff,,,
876af32c4ffffff,,,
876ad358bffffff,,,
876adcd75ffffff,,,
876ad3184ffffff,,,
876ac0d00ffffff,,,
876ac2b62ffffff,,,
876af105bffffff,,,
876ad1322ffffff,,,
876ac5523ffffff,,,
8796d3095ffffff,,,
876ac6826ffffff,,,
876ade424ffffff,,,
8796d6d59ffffff,,,
876ac054dffffff,,,
876ac4211ffffff,,,
8796d28e2ffffff,,,
876ad5799ffffff,,,
876ad0010ffffff,,,
876ac6073ffffff,,,
8796d6209ffffff,,,
876af1babffffff,,,
876ad1ad5ffffff,,,
876af3a0dffffff,,,
876ad3cd4ffffff,,,
876ac5cd6ffffff,,,
8796d2545ffffff,,,
876ad5b36ffffff,,,
8796d02cdffffff,,,
876ac58c0ffffff,,,
8796d06e3ffffff,,,
876af325affffff,,,
876ad3521ffffff,,,
876ad5383ffffff,,,
876ac2012ffffff,,,
876ac510dffffff,,,
876adcd0bffffff,,,
876ac01b0ffffff,,,
876ac0c96ffffff,,,
876ac495affffff,,,
876ad2288ffffff,,,
876ad0759ffffff,,,
8796892e9ffffff,,,
876ac6489ffffff,,,
8796d302bffffff,,,
876adc558ffffff,,,
876ac04e3ffffff,,,
876ac6009ffffff,,,
876af1b41ffffff,,,
876ac0963ffffff,,,
876ad5accffffff,,,
8796d20c5ffffff,,,
876ac5856ffffff,,,
876ad1655ffffff,,,
876af138effffff,,,
876ad5319ffffff,,,
876ac50a3ffffff,,,
8796d34abffffff,,,
8796d3774ffffff,,,
876adcca1ffffff,,,
876ac0c2cffffff,,,
876ac2a8effffff,,,
876ac48f0ffffff,,,
876ac6752ffffff,,,
876adc4eeffffff,,,
876ac22dbffffff,,,
8796d280effffff,,,
876ad1d9effffff,,,
8796d3c5effffff,,,
876af10c5ffffff,,,
876ad138cffffff,,,
876ac558dffffff,,,
876ad5a62ffffff,,,
876ae36c3ffffff,,,
8796d205bffffff,,,
876af1324ffffff,,,
876ad344dffffff,,,
8796d370affffff,,,
876ac2a24ffffff,,,
876ad39a1ffffff,,,
8796d6273ffffff,,,
876aee55cffffff,,,
876ac4886ffffff,,,
876ac66e8ffffff,,,
876ac5d40ffffff,,,
876adc484ffffff,,,
8796d074dffffff,,,
876ac40d3ffffff,,,
8796d27a4ffffff,,,
876ad1d34ffffff,,,
876af1a6dffffff,,,
8796d6468ffffff,,,
876ad3b96ffffff,,,
8796d6a26ffffff,,,
876ade0f1ffffff,,,
876ae3659ffffff,,,
876ad22f2ffffff,,,
876ac5782ffffff,,,
876ac64f3ffffff,,,
8796d2d62ffffff,,,
876ad1581ffffff,,,
876ac4691ffffff,,,
876ad5245ffffff,,,
876aeeca5ffffff,,,
8796d36a0ffffff,,,
876ac0b58ffffff,0.17015960002836142,2026-06,valid
876ae26f3ffffff,,,
876aee4f2ffffff,,,
876ac481cffffff,,,
876ade8a4ffffff,,,
876adc41affffff,,,
876ac6ca6ffffff,,,
8796d3515ffffff,,,
8796d6bb1ffffff,,,
876ac03a5ffffff,,,
876ac4069ffffff,,,
876ad1ccaffffff,,,
8796d459cffffff,,,
876af1a03ffffff,,,
876ad3b2cffffff,,,
876af3865ffffff,,,
876ac5718ffffff,,,
876af1250ffffff,,,
876ad3258ffffff,,,
8796d3636ffffff,,,
8796d3cc8ffffff,,,
876ac0aeeffffff,,,
876ac2950ffffff,,,
876ae2689ffffff,,,
876aee488ffffff,,,
876ac47b2ffffff,,,
876ae34ceffffff,,,
876ac6614ffffff,,,
876ad586dffffff,,,
876ac219dffffff,,,
876ad3a0bffffff,,,
8796d62ddffffff,,,
876ad1ba9ffffff,,,
8796d26d0ffffff,,,
876ac5daaffffff,,,
8796d2619ffffff,,,
876ad1c60ffffff,,,
8796d4532ffffff,,,
8796d6394ffffff,,,
876ad3ac2ffffff,,,
876ad5924ffffff,,,
876ac20e6ffffff,,,
876ac56aeffffff,,,
876ad14adffffff,,,
8796d6a90ffffff,,,
876ac6d5dffffff,,,
876ade15bffffff,,,
876ade95bffffff,,,
876ac0a84ffffff,,,
876ac28e6ffffff,,,
876ac655dffffff,,,
876aee41effffff,,,
876ac4748ffffff,,,
876ac65aaffffff,,,
876ac2899ffffff,,,
876ade1a8ffffff,,,
8796d6addffffff,,,
876ac2133ffffff,,,
8796d2666ffffff,,,
876ade90effffff,,,
8796d632affffff,,,
876ad3a58ffffff,,,
8796d0051ffffff,,,
876ac6d10ffffff,,,
876ad1443ffffff,,,
8796d3d15ffffff,,,
876ad32a5ffffff,,,
8796d3562ffffff,,,
876ac6cf3ffffff,,,
876ade8f1ffffff,,,
876ac0a1affffff,,,
876ac46deffffff,,,
876ac6540ffffff,,,
876ad32c2ffffff,,,
8796d6a73ffffff,,,
876ac20c9ffffff,,,
8796d3d32ffffff,,,
876ad1460ffffff,,,
8796d079affffff,,,
876ac5d8dffffff,,,
876ad1b8cffffff,,,
8796d62c0ffffff,,,
876ae34b1ffffff,,,
8796d3cabffffff,,,
876ac6c89ffffff,,,
876ad3a75ffffff,,,
876ad1c13ffffff,,,
876ac09b0ffffff,,,
8796d2683ffffff,,,
876ac2812ffffff,,,
876ac4674ffffff,,,
8796d2d45ffffff,,,
876ada410ffffff,0.1199999999998021,2026-07,valid
876ac2150ffffff,,,
876ac64d6ffffff,,,
876ad22d5ffffff,,,
876ade0d4ffffff,,,
8796d6a09ffffff,,,
8796d0730ffffff,,,
8796d2592ffffff,,,
876ac5d23ffffff,,,
876ad1b22ffffff,,,
876ada501ffffff,,,
876ac4765ffffff,,,
8796d6256ffffff,,,
876ad3984ffffff,,,
876ac5570ffffff,,,
876ac2903ffffff,,,
876af10a8ffffff,,,
8796d3c41ffffff,,,
876ac0aa1ffffff,,,
8796d348effffff,,,
876ade81dffffff,,,
876ac0946ffffff,,,
876ac27a8ffffff,,,
876ac460affffff,,,
8796d2cdbffffff,,,
876adacb4ffffff,,,
876ac646cffffff,,,
8796892ccffffff,,,
876ac0193ffffff,,,
8796d06c6ffffff,,,
8796d2528ffffff,,,
876ad391affffff,,,
876ad332cffffff,,,
876ac5506ffffff,,,
876ad1305ffffff,,,
8796d3d9cffffff,,,
876ad14caffffff,,,
876af1203ffffff,,,
876ac4d53ffffff,,,
8796d3424ffffff,,,
8796d00d8ffffff,,,
876ac6bb5ffffff,,,
876adc951ffffff,,,
876ade7b3ffffff,0.6806317742980036,2026-07,valid
876ac08dcffffff,,,
876ad5941ffffff,,,
876ac45a0ffffff,,,
8796d2c71ffffff,,,
876ac6402ffffff,,,
8796d63b1ffffff,,,
879689262ffffff,,,
876adc19effffff,,,
876ade000ffffff,,,
8796d6935ffffff,,,
8796d26edffffff,,,
876ac0129ffffff,,,
876ac401cffffff,,,
8796d065cffffff,,,
876ad1a4effffff,,,
8796d6182ffffff,,,
876ad38b0ffffff,,,
876ad5712ffffff,,,
876ae3373ffffff,,,
876ac549cffffff,,,
876ad129bffffff,,,
876ac4ce9ffffff,,,
876ad0ae8ffffff,,,
876ac6631ffffff,,,
876ac6b4bffffff,,,
876aee4a5ffffff,,,
876ac0872ffffff,,,
876ac26d4ffffff,,,
876ac296dffffff,,,
876ac4536ffffff,,,
876ac0b0bffffff,,,
876ad0335ffffff,,,
876ac6398ffffff,,,
876adc134ffffff,,,
8796d68cbffffff,,,
876ac3d83ffffff,,,
8796d3653ffffff,,,
876adad1effffff,,,
8796d2454ffffff,,,
876aeec58ffffff,,,
876af171dffffff,,,
8796d6118ffffff,,,
876ad3846ffffff,,,
876ad56a8ffffff,,,
876ae3309ffffff,,,
876ac5432ffffff,,,
876ad1231ffffff,,,
876ad3093ffffff,,,
876ac6ae1ffffff,,,
876ad3396ffffff,,,
876ad1534ffffff,,,
876af126dffffff,,,
876ac5735ffffff,,,
876ac0808ffffff,,,
876aee1a2ffffff,,,
876ae360cffffff,,,
876ac44ccffffff,,,
8796d2b9dffffff,,,
876ad02cbffffff,,,
876ac632effffff,,,
8796d6861ffffff,,,
876ac0055ffffff,,,
876ad3b49ffffff,,,
8796d0588ffffff,,,
876ae3a52ffffff,,,
876af1a20ffffff,,,
876af16b3ffffff,,,
8796d60aeffffff,,,
876ac4086ffffff,,,
876ad3029ffffff,,,
876ac2db3ffffff,,,
876ac4c15ffffff,,,
876adc813ffffff,,,
876ac079effffff,,,
876ac2600ffffff,,,
8796d0cd1ffffff,,,
876ac4462ffffff,,,
8796d2b33ffffff,,,
876ac669bffffff,,,
876ad0261ffffff,,,
876ac62c4ffffff,,,
8796d051effffff,,,
8796d2380ffffff,,,
876ac5b11ffffff,,,
876af1649ffffff,,,
876ac0b75ffffff,0.004133617886545502,2026-06,valid
876ad1910ffffff,,,
8796d6044ffffff,,,
876ad3772ffffff,,,
876ae3235ffffff,,,
876ad115dffffff,,,
876ac2d49ffffff,,,
876adad88ffffff,,,
876ac4babffffff,,,
876aeecc2ffffff,,,
876ac6a0dffffff,,,
876ac0734ffffff,,,
876ac2596ffffff,,,
8796d2ac9ffffff,,,
876ac625affffff,,,
876ad5262ffffff,,,
8796d678dffffff,,,
876ad3400ffffff,,,
8796d04b4ffffff,,,
8796d2316ffffff,,,
876ad159effffff,,,
876ad18a6ffffff,,,
876ad3708ffffff,,,
8796d200effffff,,,
876ae3676ffffff,,,
8796d01acffffff,,,
876ad10f3ffffff,,,
876aded54ffffff,,,
876ac4b41ffffff,,,
876ad5a15ffffff,,,
876ac69a3ffffff,,,
876ad3bb3ffffff,,,
876ade5a1ffffff,,,
876af1a8affffff,,,
876ad1d51ffffff,,,
876ac252cffffff,,,
876ac438effffff,,,
876ac40f0ffffff,,,
8796d6723ffffff,,,
8796d044affffff,,,
876ac042cffffff,,,
8796d22acffffff,,,
876af1575ffffff,,,
876ad369effffff,,,
876adc4a1ffffff,,,
876ac6705ffffff,,,
876ad1089ffffff,,,
876ac48a3ffffff,,,
8796d395bffffff,,,
876adeceaffffff,,,
876ac2c75ffffff,,,
876ac2a41ffffff,,,
8796d31a8ffffff,,,
876ac24c2ffffff,,,
876ac4324ffffff,,,
876adcc54ffffff,,,
876ac6186ffffff,,,
876ac5056ffffff,,,
876aeed2cffffff,,,
876af3b20ffffff,,,
8796d2242ffffff,,,
876af150bffffff,,,
876af336dffffff,,,
876ad3634ffffff,,,
876ad52ccffffff,,,
8796d38f1ffffff,,,
876ad346affffff,,,
876adec80ffffff,,,
876ac0da9ffffff,,,
876ac2c0bffffff,,,
876af1341ffffff,,,
876ad1608ffffff,,,
876ac4a6dffffff,,,
876ac5809ffffff,,,
876ad26ceffffff,,,
876ae36e0ffffff,,,
8796d0216ffffff,,,
876ade4cdffffff,,,
876ac2458ffffff,,,
8796d298bffffff,,,
876ac611cffffff,,,
876ac5969ffffff,,,
876ad1768ffffff,,,
876af1af4ffffff,,,
8796d282bffffff,,,
876ac415affffff,,,
876ac51b6ffffff,,,
876adcdb4ffffff,,,
876adec16ffffff,,,
876ac2ba1ffffff,,,
876ac4a03ffffff,,,
876ac0496ffffff,,,
8796d30d4ffffff,,,
876ac6865ffffff,,,
876ad2664ffffff,,,
876ade463ffffff,,,
876adc50bffffff,,,
876ac058cffffff,,,
876ad070cffffff,,,
876ac4250ffffff,,,
8796d2921ffffff,,,
876ac490dffffff,,,
876ac60b2ffffff,,,
876af3a4cffffff,,,
876ac2aabffffff,,,
876ad5b75ffffff,,,
8796d216effffff,,,
876ac0c49ffffff,,,
876af3299ffffff,,,
876ad3560ffffff,,,
876adeb20ffffff,,,
876ac514cffffff,,,
8796d381dffffff,,,
876adcd4affffff,,,
8796d3791ffffff,,,
876ac0cd5ffffff,,,
876ac50c0ffffff,,,
876aeed96ffffff,,,
876ac4999ffffff,,,
876ac0522ffffff,,,
876ac2384ffffff,,,
876ac6048ffffff,,,
876ad5336ffffff,,,
876ad5b0bffffff,,,
8796d02a2ffffff,,,
876ad34d4ffffff,,,
876af320dffffff,,,
8796d2104ffffff,,,
876af13abffffff,,,
876ad1672ffffff,,,
876ac5895ffffff,,,
876ac5873ffffff,,,
8796d20e2ffffff,,,
876ad1694ffffff,,,
8796d0280ffffff,,,
876ad34f6ffffff,,,
876ad5358ffffff,,,
876ac50e2ffffff,,,
8796d37b3ffffff,,,
876ad5ae9ffffff,,,
876adcce0ffffff,,,
876ac0c6bffffff,,,
876ac2acdffffff,,,
876af1b5effffff,,,
876ad072effffff,,,
876ac6026ffffff,,,
8796d3000ffffff,,,
8796d2895ffffff,,,
876ac6791ffffff,,,
876adc52dffffff,,,
8796d6cc4ffffff,0.009789218588538732,2026-07,valid
876ac231affffff,,,
876ac2362ffffff,,,
8796d284dffffff,,,
876ac0500ffffff,,,
876ad5aa1ffffff,,,
8796d209affffff,,,
876ac582bffffff,,,
876ad162affffff,,,
876af1363ffffff,,,
876adc575ffffff,,,
876ad348cffffff,,,
876ad52eeffffff,,,
876ad0776ffffff,,,
876aeed4effffff,,,
8796d3749ffffff,,,
876adcc76ffffff,,,
876ac2b15ffffff,,,
876ac0c01ffffff,,,
876ac2a63ffffff,,,
876ac0cb3ffffff,,,
876ae279cffffff,,,
876aee59bffffff,,,
876ac48c5ffffff,,,
876adcd28ffffff,,,
876ac044effffff,,,
876ac22b0ffffff,,,
876ac4112ffffff,,,
876ad1d73ffffff,,,
876ac512affffff,,,
876af1aacffffff,,,
876ae3698ffffff,,,
8796d2030ffffff,,,
876ad3422ffffff,,,
876ad5284ffffff,,,
876ad53a0ffffff,,,
876aeece4ffffff,,,
876ac500effffff,,,
876adadaaffffff,,,
876adcc0cffffff,,,
876af1415ffffff,,,
876ad16dcffffff,,,
876ac58ddffffff,,,
8796d214cffffff,,,
876aee531ffffff,,,
876ac485bffffff,,,
8796d02eaffffff,,,
876ad065affffff,,,
876ad5b53ffffff,,,
876ac40a8ffffff,,,
876ad1d09ffffff,,,
876ad3cf1ffffff,,,
876af3a2affffff,,,
876af1a42ffffff,,,
876ad3b6bffffff,,,
876ac6090ffffff,,,
876ad002dffffff,,,
876ad1556ffffff,,,
876ac422effffff,,,
876ad521affffff,,,
8796d3675ffffff,,,
876ac056affffff,,,
876ac0b2dffffff,,,
876ae26c8ffffff,,,
876ade441ffffff,0.06999999999999418,2026-07,valid
876ada58dffffff,,,
876ad2642ffffff,,,
876ac6653ffffff,,,
876ac6843ffffff,,,
8796d30b2ffffff,,,
8796d6b86ffffff,,,
876ad3b01ffffff,,,
876ad5963ffffff,,,
876ac0d1dffffff,,,
876ad14ecffffff,,,
876af1225ffffff,,,
876ad334effffff,,,
876aeec10ffffff,,,
876adacd6ffffff,,,
8796d360bffffff,,,
876adcd92ffffff,,,
876ac6d9cffffff,,,
876ade99affffff,,,
876ac5194ffffff,,,
876ac0ac3ffffff,,,
876ac2925ffffff,,,
876ae265effffff,,,
876ada523ffffff,,,
8796d6b1cffffff,,,
876ac2172ffffff,,,
8796d26a5ffffff,,,
876ad1c35ffffff,,,
876ad35a8ffffff,,,
8796d6369ffffff,,,
876ad1746ffffff,,,
8796d0090ffffff,,,
876ac5683ffffff,,,
8796d21b6ffffff,,,
876ad1482ffffff,,,
8796d3d54ffffff,,,
876ad32e4ffffff,,,
8796d35a1ffffff,,,
876ac6d32ffffff,,,
8796d662dffffff,,,
876ade930ffffff,,,
876ac471dffffff,,,
8796d2969ffffff,,,
876ac4298ffffff,,,
8796d6ab2ffffff,,,
876ac2108ffffff,,,
8796d449dffffff,,,
876ac2436ffffff,,,
876ad3a2dffffff,,,
876ae34f0ffffff,,,
876ac5619ffffff,0.11078307353400733,2025-06,valid
876ad1418ffffff,,,
8796d3ceaffffff,,,
876ad50dcffffff,,,
876ade4abffffff,,,
876adac02ffffff,0.10490972559007089,2026-07,valid
876ac68adffffff,,,
8796d311cffffff,,,
876ac6cc8ffffff,,,
876ac4a4bffffff,,,
876ade8c6ffffff,,,
876ac2851ffffff,,,
876ac46b3ffffff,,,
8796d2d84ffffff,0.040000000000064026,2026-07,valid
876ac6515ffffff,,,
876ade113ffffff,,,
876adec5effffff,,,
876ac209effffff,,,
876ac5d62ffffff,,,
876ad1b61ffffff,,,
8796d6295ffffff,,,
876ae3486ffffff,,,
876ad13aeffffff,,,
8796d3c80ffffff,,,
876ad3210ffffff,,,
8796d34cdffffff,,,
876ac6c5effffff,,,
876ade85cffffff,,,
876ac0985ffffff,,,
876ad3612ffffff,,,
876af334bffffff,,,
876ac4649ffffff,,,
8796d2d1affffff,,,
876af14e9ffffff,,,
876ad17b0ffffff,,,
876ac59b1ffffff,,,
8796d2220ffffff,,,
876ac64abffffff,,,
876ad22aaffffff,,,
876ade0a9ffffff,,,
876ac2034ffffff,,,
8796d0705ffffff,,,
8796d622bffffff,,,
876ad3959ffffff,,,
876ae341cffffff,,,
876ac5545ffffff,,,
876ad1344ffffff,,,
876af1c9cffffff,,,
8796d3c16ffffff,,,
876ac6164ffffff,,,
876ac4302ffffff,,,
876ac4d92ffffff,,,
876ac24a0ffffff,,,
8796d3463ffffff,,,
876adc990ffffff,,,
876ac091bffffff,,,
8796d2cb0ffffff,,,
876ade515ffffff,,,
876ac6441ffffff,,,
8796892a1ffffff,,,
8796d6974ffffff,,,
876ac0168ffffff,,,
8796d069bffffff,,,
8796d3186ffffff,,,
876ac5c8effffff,,,
876ac4ab5ffffff,,,
876ad1a8dffffff,,,
876ad5751ffffff,,,
876ac2c53ffffff,,,
876ac54dbffffff,,,
876ad12daffffff,,,
876ac4d28ffffff,,,
876adecc8ffffff,,,
876ac6b8affffff,,,
876ac08b1ffffff,,,
876ac2713ffffff,,,
876ac4575ffffff,,,
8796d2c46ffffff,,,
876ad0374ffffff,,,
8796d690affffff,,,
8796d0631ffffff,,,
8796d2493ffffff,,,
876ac5c24ffffff,,,
876ad1a23ffffff,,,
876af175cffffff,,,
876ad3885ffffff,,,
876ae3348ffffff,,,
876ac5471ffffff,,,
876af1553ffffff,,,
876ad181affffff,,,
876ad1270ffffff,,,
876ac5a1bffffff,,,
876ad30d2ffffff,,,
8796d228affffff,,,
8796d0428ffffff,,,
876ac6b20ffffff,,,
876ac26a9ffffff,,,
876ac450bffffff,,,
876ad030affffff,,,
876ac636dffffff,,,
876af3b68ffffff,,,
8796d6701ffffff,,,
8796d68a0ffffff,,,
876ac0094ffffff,,,
8796d2429ffffff,,,
876ac436cffffff,,,
876af16f2ffffff,,,
8796d60edffffff,,,
876ad381bffffff,,,
876ac250affffff,,,
876ae32deffffff,,,
876ac06a8ffffff,,,
876ad1206ffffff,,,
876ad3068ffffff,,,
876ac4c54ffffff,,,
876ad0a53ffffff,,,
876ac6981ffffff,,,
876ac6ab6ffffff,,,
876ade6b4ffffff,,,
876ac44a1ffffff,,,
8796d2b72ffffff,,,
876ad02a0ffffff,,,
876ac6303ffffff,,,
8796d6836ffffff,,,
876ac002affffff,,,
8796d055dffffff,,,
876ac5b50ffffff,,,
876af1688ffffff,,,
876aded32ffffff,,,
8796d6083ffffff,,,
876ad37b1ffffff,,,
876ad5613ffffff,,,
876ae3274ffffff,,,
8796d39a3ffffff,,,
876ad10d1ffffff,,,
876ad119cffffff,,,
876ac2d88ffffff,,,
876ac6a4cffffff,,,
876ac0773ffffff,,,
876ad36e6ffffff,,,
8796d0ca6ffffff,,,
8796d2b08ffffff,,,
876ad0236ffffff,,,
876ac6299ffffff,,,
876ad1884ffffff,,,
876ac5a85ffffff,,,
8796d22f4ffffff,,,
8796d0492ffffff,,,
8796d04f3ffffff,,,
8796d2355ffffff,,,
876ac5ae6ffffff,,,
876ad18e5ffffff,,,
876af161effffff,,,
8796d6019ffffff,,,
8796d676bffffff,,,
876ae320affffff,,,
876ac5333ffffff,,,
876ad1132ffffff,,,
876aded93ffffff,,,
876ac2d1effffff,,,
876ac4b80ffffff,,,
876ac0709ffffff,,,
876ac256bffffff,,,
876ac2574ffffff,,,
8796d2a9effffff,,,
876ac0712ffffff,,,
8796d6762ffffff,,,
8796d0489ffffff,,,
8796d22ebffffff,,,
876ad36ddffffff,,,
876ac4b89ffffff,,,
876ad10c8ffffff,,,
8796d399affffff,,,
876aded29ffffff,,,
876ac2cb4ffffff,,,
876ac4b16ffffff,,,
876ade576ffffff,,,
876ac2501ffffff,,,
876aded9cffffff,,,
876ac4363ffffff,,,
8796d2a34ffffff,,,
8796d2281ffffff,,,
876ac5a12ffffff,,,
876ad1811ffffff,,,
876ae3213ffffff,,,
876af154affffff,,,
876ad3673ffffff,,,
876ad105effffff,,,
8796d3930ffffff,,,
876ad3750ffffff,,,
8796d6022ffffff,,,
876ac2c4affffff,,,
876ad18eeffffff,,,
876ac4aacffffff,,,
876ac690effffff,,,
8796d235effffff,,,
876ade50cffffff,,,
876ac0635ffffff,,,
876ac615bffffff,,,
876af1c93ffffff,,,
8796d668effffff,,,
876af3af5ffffff,,,
8796d03b5ffffff,,,
876ac59a8ffffff,,,
876af14e0ffffff,,,
876ad3609ffffff,,,
876ac62a2ffffff,,,
8796d2b11ffffff,,,
876ac4440ffffff,,,
8796d38c6ffffff,,,
876adec55ffffff,,,
876ac4a42ffffff,,,
8796d3113ffffff,,,
876ac68a4ffffff,,,
876ade4a2ffffff,,,
876ac242dffffff,,,
8796d2960ffffff,,,
876ad008effffff,,,
876ac60f1ffffff,,,
876ac6a55ffffff,,,
8796d6624ffffff,,,
8796d21adffffff,,,
876ac2d91ffffff,,,
876af1476ffffff,,,
876af32d8ffffff,,,
876ac518bffffff,,,
8796d385cffffff,,,
876adcd89ffffff,,,
876ac0d14ffffff,,,
876ac2b76ffffff,,,
8796d30a9ffffff,,,
8796d6d6dffffff,,,
876ac0561ffffff,,,
876ac4225ffffff,,,
876ad11a5ffffff,,,
8796d28f6ffffff,,,
876ac53a6ffffff,,,
876ad0024ffffff,,,
876af3a21ffffff,,,
876ad3ce8ffffff,,,
876ad5b4affffff,,,
8796d02e1ffffff,,,
8796d2143ffffff,,,
876ac58d4ffffff,,,
876ad561cffffff,,,
876ad16d3ffffff,,,
876af140cffffff,,,
8796d608cffffff,,,
876af326effffff,,,
876af1691ffffff,,,
876ad1958ffffff,,,
876ac5121ffffff,,,
876ac0caaffffff,,,
876ac2b0cffffff,,,
8796d0566ffffff,,,
876ac496effffff,,,
876ad076dffffff,,,
876adc56cffffff,,,
876ac0033ffffff,,,
8796d288cffffff,,,
876ac601dffffff,,,
876af1b55ffffff,,,
876adc0a8ffffff,,,
876ad5ae0ffffff,,,
876ac630cffffff,,,
876ad02a9ffffff,,,
876ac44aaffffff,,,
8796d20d9ffffff,,,
876ac586affffff,,,
876ad1669ffffff,,,
876af13a2ffffff,,,
876ad34cbffffff,,,
876ad532dffffff,,,
876aeed8dffffff,,,
8796d3788ffffff,,,
876adccb5ffffff,,,
876ac0c40ffffff,,,
876ac2aa2ffffff,,,
876ac4904ffffff,,,
876ad0a5cffffff,,,
876ad0703ffffff,,,
876ac6766ffffff,,,
876ac4c5dffffff,,,
876adc502ffffff,,,
876ac048dffffff,,,
876ac4151ffffff,,,
8796d2822ffffff,,,
876af1aebffffff,,,
876ad1db2ffffff,,,
876af394dffffff,,,
876ad5a76ffffff,,,
8796d020dffffff,,,
876ad3071ffffff,,,
876ac5800ffffff,,,
876ad3461ffffff,,,
876ad52c3ffffff,,,
876ac5410ffffff,,,
876aeed23ffffff,,,
876ac504dffffff,,,
8796d371effffff,,,
876adcc4bffffff,,,
876aee570ffffff,,,
876ac489affffff,,,
876ad5686ffffff,,,
876adc498ffffff,,,
876ac0423ffffff,,,
876ad3824ffffff,,,
8796d60f6ffffff,,,
876ad1d48ffffff,,,
8796d2432ffffff,,,
876af1a81ffffff,,,
876ad3baaffffff,,,
876ad5a0cffffff,,,
8796d01a3ffffff,,,
876ae366dffffff,,,
8796d2005ffffff,,,
876ac5796ffffff,,,
876af12ceffffff,,,
876ad1595ffffff,,,
876ac009dffffff,,,
876ad5259ffffff,,,
8796d68a9ffffff,,,
8796d36b4ffffff,,,
876adc112ffffff,,,
876ac6376ffffff,,,
876ac0b6cffffff,,,
876ad0313ffffff,,,
876ac4514ffffff,,,
876aee506ffffff,,,
8796d0d83ffffff,,,
876ac4830ffffff,,,
876ac26b2ffffff,,,
876ac6692ffffff,,,
876adc42effffff,,,
876ac0850ffffff,,,
8796d274effffff,,,
876ad1cdeffffff,,,
8796d45b0ffffff,,,
876ad3b40ffffff,,,
876ac6b29ffffff,,,
8796d3398ffffff,,,
876ad0ac6ffffff,,,
876ac572cffffff,,,
876af1264ffffff,,,
876ad152bffffff,,,
876ad338dffffff,,,
876adad15ffffff,,,
8796d364affffff,,,
876ac0b02ffffff,,,
876ac2964ffffff,,,
876ae269dffffff,,,
876ad30dbffffff,,,
876aee49cffffff,,,
876ac6628ffffff,,,
876ac21b1ffffff,,,
876ac4013ffffff,,,
876ae3351ffffff,,,
8796d26e4ffffff,,,
876ad1c74ffffff,,,
8796d63a8ffffff,,,
876ad56f0ffffff,,,
876ad3ad6ffffff,,,
876ae3599ffffff,,,
876ad388effffff,,,
8796d6160ffffff,,,
876ad14c1ffffff,,,
876af1765ffffff,,,
876ad1a2cffffff,,,
8796d3d93ffffff,,,
876ad3323ffffff,,,
876ac5c2dffffff,,,
8796d249cffffff,,,
876adacabffffff,,,
876ac6d71ffffff,,,
876ac0a98ffffff,,,
876aee432ffffff,,,
876ac475cffffff,,,
8796d6913ffffff,,,
8796d6af1ffffff,,,
879689240ffffff,,,
876ad1c0affffff,,,
876ad3a6cffffff,,,
876ac271cffffff,,,
8796d3d29ffffff,,,
8796d3576ffffff,,,
876ade791ffffff,0.05391243455944541,2026-07,valid
876ade905ffffff,,,
876ac0a2effffff,0.3036919404699616,2026-06,valid
876ac2890ffffff,,,
876ac6b93ffffff,,,
876ac46f2ffffff,,,
8796d3402ffffff,,,
876ac4d31ffffff,,,
876ada48effffff,,,
8796d15a0ffffff,,,
876ac6554ffffff,,,
876ade152ffffff,,,
876ac20ddffffff,,,
8796d07aeffffff,,,
8796d2610ffffff,,,
876ac5da1ffffff,,,
876ad1ba0ffffff,,,
876ad3145ffffff,,,
8796d62d4ffffff,,,
876ad3a02ffffff,,,
876ad5864ffffff,,,
876ad12e3ffffff,,,
876ae34c5ffffff,,,
876ac54e4ffffff,,,
8796d350cffffff,,,
876ac6c9dffffff,,,
876ad575affffff,,,
876ade89bffffff,,,
876ac2826ffffff,,,
876ac4688ffffff,,,
876ada424ffffff,,,
8796d2d59ffffff,,,
876ac64eaffffff,,,
876ad1a96ffffff,,,
876ad22e9ffffff,,,
876ade0e8ffffff,,,
8796d6a1dffffff,,,
8796d2506ffffff,,,
876ac2073ffffff,,,
8796d0744ffffff,,,
8796d06a4ffffff,,,
8796d25a6ffffff,,,
876ad1b36ffffff,,,
8796d626affffff,,,
876ad3998ffffff,,,
876ac0171ffffff,,,
876ac5584ffffff,,,
876ad1383ffffff,,,
8796d3c55ffffff,,,
876ad2249ffffff,,,
8796892aaffffff,,,
876ac644affffff,,,
8796d34a2ffffff,,,
876ac6c33ffffff,,,
876ac2786ffffff,,,
876ade831ffffff,,,
876ac095affffff,,,
876ac0924ffffff,,,
876ac461effffff,,,
876ac6480ffffff,,,
8796892e0ffffff,,,
876adc999ffffff,,,
876ac2009ffffff,,,
8796d06daffffff,,,
8796d346cffffff,,,
876ac5ccdffffff,,,
876ac4d9bffffff,,,
876ad1accffffff,,,
8796d6200ffffff,,,
876ad392effffff,,,
876ad5790ffffff,,,
876ac551affffff,,,
876ad1319ffffff,,,
876af1052ffffff,,,
876adc965ffffff,,,
876ac08f0ffffff,,,
876ac2752ffffff,,,
876af1086ffffff,,,
876ad134dffffff,,,
876ae248bffffff,,,
876ac554effffff,,,
876ac45b4ffffff,,,
8796d2c85ffffff,,,
876ad03b3ffffff,,,
876ac6416ffffff,,,
879689276ffffff,,,
876adc1b2ffffff,,,
876ade014ffffff,,,
8796d6949ffffff,,,
8796d0670ffffff,,,
8796d24d2ffffff,,,
876ad3962ffffff,,,
8796d6234ffffff,,,
876ac5c63ffffff,,,
876ad1a62ffffff,,,
876ad1b00ffffff,,,
876af179bffffff,,,
876ac5d01ffffff,,,
8796d2570ffffff,,,
876ad38c4ffffff,,,
876ac54b0ffffff,,,
8796d070effffff,,,
876ad3111ffffff,,,
876ac0886ffffff,,,
876ac26e8ffffff,,,
876ac454affffff,,,
876ade0b2ffffff,,,
8796d2c1bffffff,,,
876ad22b3ffffff,,,
876ad0349ffffff,,,
876ac64b4ffffff,,,
8796d2d23ffffff,,,
876ac4652ffffff,,,
876ac63acffffff,,,
87968920cffffff,,,
876ac00d3ffffff,,,
8796d0606ffffff,,,
876ae3ad0ffffff,,,
876ac098effffff,,,
8796d2468ffffff,,,
876ade865ffffff,,,
876af1731ffffff,,,
8796d612cffffff,,,
876ad385affffff,,,
8796d34d6ffffff,,,
876ae331dffffff,,,
876ac5446ffffff,,,
876ad1245ffffff,,,
876ac4c93ffffff,,,
876ad0a92ffffff,,,
876ac6af5ffffff,,,
876adc891ffffff,,,
876ac081cffffff,,,
876aee1b6ffffff,,,
876ac44e0ffffff,,,
8796d2bb1ffffff,,,
876ac6342ffffff,,,
876ad3219ffffff,,,
8796d3c89ffffff,,,
876af10f0ffffff,,,
8796d6875ffffff,,,
876ac0069ffffff,,,
8796d059cffffff,,,
876ae3a66ffffff,,,
876ad198effffff,,,
8796d60c2ffffff,,,
876ad5652ffffff,,,
876ae32b3ffffff,,,
876ac4c29ffffff,,,
8796d629effffff,,,
876ac6a8bffffff,,,
876ad1b6affffff,,,
876ac5d6bffffff,,,
876ac07b2ffffff,,,
876ac2614ffffff,,,
8796d0ce5ffffff,,,
876ac4476ffffff,,,
876ad0275ffffff,,,
876ac62d8ffffff,,,
8796d680bffffff,,,
8796d0532ffffff,,,
8796d2394ffffff,,,
8796d6a51ffffff,,,
876ac5b25ffffff,,,
876ade11cffffff,,,
876ad1924ffffff,,,
876af165dffffff,,,
8796d6058ffffff,,,
876ad3786ffffff,,,
876ac651effffff,,,
8796d2d8dffffff,,,
876ae3249ffffff,,,
876ad1171ffffff,,,
876ac2d5dffffff,,,
876ac285affffff,,,
876aee895ffffff,,,
8796d3290ffffff,,,
876ac6a21ffffff,,,
876ac0748ffffff,,,
876ac25aaffffff,,,
876ac440cffffff,,,
876ac6cd1ffffff,,,
8796d3540ffffff,,,
876adac0bffffff,,,
8796d2addffffff,,,
876ad020bffffff,,,
876ac626effffff,,,
8796d67a1ffffff,,,
8796d04c8ffffff,,,
8796d232affffff,,,
876ad371cffffff,,,
876ad3283ffffff,,,
8796d3cf3ffffff,,,
876ad1421ffffff,,,
876aded68ffffff,,,
876ac5622ffffff,,,
876ac2cf3ffffff,,,
876ac4b55ffffff,,,
876ade5b5ffffff,,,
876ac2540ffffff,,,
8796d0c11ffffff,,,
876ac43a2ffffff,,,
8796d2a73ffffff,,,
876ad3a36ffffff,,,
8796d6308ffffff,,,
876ac6204ffffff,,,
8796d44a6ffffff,,,
8796d045effffff,,,
8796d22c0ffffff,,,
876ad1850ffffff,,,
8796d2644ffffff,,,
876ad36b2ffffff,,,
876ad109dffffff,,,
876ac2111ffffff,,,
876ac2c89ffffff,,,
876ac4aebffffff,,,
876ac694dffffff,,,
876ade186ffffff,,,
876ad274cffffff,,,
876ade54bffffff,,,
876ac0674ffffff,,,
876ac6588ffffff,,,
876ac24d6ffffff,,,
876ac4726ffffff,,,
8796d2a09ffffff,,,
876ac619affffff,,,
876ac28c4ffffff,,,
876af1cd2ffffff,,,
8796d66cdffffff,,,
876af3b34ffffff,,,
876ac0a62ffffff,0.40787270102904644,2026-07,valid
8796d2256ffffff,,,
876ad3648ffffff,,,
876ad1033ffffff,,,
8796d35aaffffff,,,
8796d3905ffffff,,,
876adec94ffffff,,,
876ac4a81ffffff,,,
8796d3152ffffff,,,
876ac68e3ffffff,,,
876ade4e1ffffff,,,
876ac060affffff,,,
876ac246cffffff,,,
876ac42ceffffff,,,
876ad00cdffffff,,,
876ad32edffffff,,,
876ac6130ffffff,,,
8796d3d5dffffff,,,
876ad148bffffff,,,
8796d6663ffffff,,,
8796d038affffff,,,
8796d0099ffffff,,,
876af14b5ffffff,,,
8796d389bffffff,,,
876adec2affffff,,,
876ac0d53ffffff,,,
876ac2bb5ffffff,,,
876ad3aa0ffffff,,,
8796d6372ffffff,,,
8796d30e8ffffff,,,
8796d4510ffffff,,,
876ac05a0ffffff,,,
876ac2402ffffff,,,
8796d26aeffffff,,,
876ac4264ffffff,,,
8796d2935ffffff,,,
876ad0063ffffff,,,
876ac60c6ffffff,,,
876af3a60ffffff,,,
876ad5b89ffffff,,,
8796d2182ffffff,,,
876ac5913ffffff,,,
8796d6b25ffffff,,,
876ad1712ffffff,,,
876af144bffffff,,,
876ad3574ffffff,,,
876ac5160ffffff,,,
876ada52cffffff,,,
8796d3831ffffff,,,
876ac4790ffffff,,,
876adcd5effffff,,,
876aee466ffffff,,,
876ac292effffff,,,
876ac0ce9ffffff,,,
876ac2b4bffffff,,,
876ac49adffffff,,,
876adc5abffffff,,,
876ade40dffffff,,,
876ade9a3ffffff,,,
876ac0536ffffff,,,
876ac2398ffffff,,,
876ac6da5ffffff,,,
8796d3614ffffff,,,
8796d28cbffffff,,,
876ac605cffffff,,,
876aeec19ffffff,,,
8796d02b6ffffff,,,
8796d2118ffffff,,,
876ac58a9ffffff,,,
876ad16a8ffffff,,,
876af3243ffffff,,,
876ad350affffff,,,
876ad536cffffff,,,
876ac50f6ffffff,,,
876adccf4ffffff,,,
876ac2ae1ffffff,,,
876ad14f5ffffff,,,
876af122effffff,,,
876ac4943ffffff,,,
876ac56f6ffffff,,,
876ad0742ffffff,,,
8796d3014ffffff,,,
876ac67a5ffffff,,,
876adc541ffffff,,,
876ac04ccffffff,,,
876ac232effffff,,,
876ac4190ffffff,,,
876ad596cffffff,,,
8796d2861ffffff,,,
876ad3b0affffff,,,
876af1b2affffff,,,
876ad1ca8ffffff,,,
876ad5ab5ffffff,,,
8796d2718ffffff,,,
8796d20aeffffff,,,
876ad34a0ffffff,,,
876ad5302ffffff,,,
876aeed62ffffff,,,
876ac508cffffff,,,
8796d375dffffff,,,
876adcc8affffff,,,
876ac0c15ffffff,,,
876ac48d9ffffff,,,
876ac665cffffff,,,
876ac0462ffffff,,,
876ada596ffffff,,,
876aee4d0ffffff,,,
876ac4126ffffff,,,
876ae26d1ffffff,,,
876ac2998ffffff,,,
876af1ac0ffffff,,,
876ad5a4bffffff,,,
876ac0b36ffffff,,,
8796d2044ffffff,,,
876af130dffffff,,,
876ad3436ffffff,,,
876ad5298ffffff,,,
876ac5022ffffff,,,
8796d36f3ffffff,,,
876aeec83ffffff,,,
876adcc20ffffff,,,
876ac0babffffff,,,
876ac2a0dffffff,,,
876aee545ffffff,,,
876ad5223ffffff,,,
876ad066effffff,,,
876ac66d1ffffff,,,
876adc46dffffff,,,
876af1298ffffff,,,
8796d278dffffff,,,
876ac5760ffffff,,,
876ad1d1dffffff,,,
876af1a56ffffff,,,
8796d6451ffffff,0.048190277123701324,2026-07,valid
876ae3642ffffff,,,
876af12a3ffffff,,,
876ad156affffff,,,
876ad522effffff,,,
876aeec8effffff,,,
8796d3689ffffff,,,
876ad3b74ffffff,,,
8796d6446ffffff,,,
876ac0b41ffffff,,,
876ac29a3ffffff,,,
876af1a4bffffff,,,
876ad1d12ffffff,,,
876ae26dcffffff,,,
876aee4dbffffff,,,
876ac4805ffffff,,,
876ada5a1ffffff,,,
8796d2782ffffff,,,
876ad0604ffffff,,,
876adc403ffffff,,,
876ac40b1ffffff,,,
8796d6b9affffff,,,
876ac4052ffffff,,,
8796d2723ffffff,,,
8796d4585ffffff,,,
876ad1cb3ffffff,,,
876ad3b15ffffff,,,
876ac5701ffffff,,,
876ad1500ffffff,,,
876ad3362ffffff,,,
876adc462ffffff,,,
876ac66c6ffffff,,,
876ad0663ffffff,,,
876ac4864ffffff,,,
876aeec24ffffff,,,
876adaceaffffff,,,
876ac2a02ffffff,,,
876ac6db0ffffff,,,
876ac0ba0ffffff,,,
876ade9aeffffff,,,
876aee471ffffff,,,
876ac479bffffff,,,
876adcc15ffffff,,,
8796d36e8ffffff,,,
876adadb3ffffff,,,
8796d6b30ffffff,,,
876aeecedffffff,,,
876ac2186ffffff,,,
876ad1c49ffffff,,,
876ad3aabffffff,,,
8796d00a4ffffff,,,
876ad528dffffff,,,
876ad1496ffffff,,,
8796d3d68ffffff,,,
876ad342bffffff,,,
876adac80ffffff,0.053539594101738086,2026-07,valid
8796d35b5ffffff,,,
876af1302ffffff,,,
876ac6d46ffffff,,,
876ade944ffffff,,,
876ac4731ffffff,,,
876af0269ffffff,,,
876ad5a40ffffff,,,
876ac6593ffffff,,,
876ad2392ffffff,,,
876ade191ffffff,,,
8796d6ac6ffffff,,,
876ac211cffffff,,,
8796d44b1ffffff,,,
8796d6313ffffff,,,
876ad3a41ffffff,,,
876ad142cffffff,,,
876ac411bffffff,,,
876ad328effffff,,,
876adac16ffffff,,,
8796d354bffffff,,,
876ac6cdcffffff,,,
876ade8daffffff,,,
876ac0a03ffffff,,,
876ac2865ffffff,,,
876ac6730ffffff,,,
876ad06cdffffff,,,
8796d2d98ffffff,,,
876ac48ceffffff,,,
876ac6529ffffff,,,
876aee5a4ffffff,,,
879689389ffffff,,,
876ac2a6cffffff,,,
8796d6a5cffffff,,,
876ac20b2ffffff,,,
876ac0c0affffff,,,
8796d0783ffffff,,,
876ac5d76ffffff,,,
876ad1b75ffffff,,,
8796d62a9ffffff,,,
8796d3752ffffff,,,
876ae349affffff,,,
876ac5081ffffff,,,
8796d3c94ffffff,,,
876ad3224ffffff,,,
8796d34e1ffffff,,,
876ac6c72ffffff,,,
876ade870ffffff,,,
876ac0999ffffff,,,
876ac465dffffff,,,
8796d2d2effffff,,,
876ad3495ffffff,,,
876ac2048ffffff,,,
876af136cffffff,,,
876ad1633ffffff,,,
8796d0719ffffff,,,
876ac5834ffffff,,,
8796d20a3ffffff,,,
876ac5d0cffffff,,,
876ad1b0bffffff,,,
876ad396dffffff,,,
876ac5559ffffff,,,
876ad5aaaffffff,,,
876ad1358ffffff,,,
876af1091ffffff,,,
8796d3c2affffff,,,
876ac4da6ffffff,,,
876ac6c08ffffff,,,
8796d2856ffffff,,,
876ade806ffffff,,,
876ac2791ffffff,,,
876ac4185ffffff,,,
8796d2cc4ffffff,,,
876ac6455ffffff,,,
876ac2323ffffff,,,
876ade053ffffff,,,
876ac04c1ffffff,,,
8796d6988ffffff,,,
8796d2511ffffff,,,
876ac5ca2ffffff,,,
876ad1aa1ffffff,,,
876adc536ffffff,,,
876ac679affffff,,,
876ad3903ffffff,,,
8796d3009ffffff,,,
876ad5765ffffff,,,
876ad12eeffffff,,,
876ad3150ffffff,,,
876ac2ad6ffffff,,,
8796d340dffffff,,,
876ac0c74ffffff,,,
876ac6b9effffff,,,
876ade79cffffff,,,
876ac08c5ffffff,,,
876ac4589ffffff,,,
876adcce9ffffff,,,
8796d2c5affffff,,,
876ad0388ffffff,,,
87968924bffffff,,,
876ac50ebffffff,,,
8796d691effffff,,,
876ac0112ffffff,,,
8796d0645ffffff,,,
876af1770ffffff,,,
8796d616bffffff,,,
876ad3899ffffff,,,
876ad5361ffffff,,,
876ae335cffffff,,,
876ac5485ffffff,,,
876ad1284ffffff,,,
876ad30e6ffffff,,,
876ad169dffffff,,,
876ac4cd2ffffff,,,
876ad0ad1ffffff,,,
876ac589effffff,,,
8796d210dffffff,,,
8796d33a3ffffff,,,
876ac6b34ffffff,,,
8796d02abffffff,,,
876adc8d0ffffff,,,
876ade732ffffff,0.06000000000011642,2026-07,valid
876ac085bffffff,,,
8796d0d8effffff,,,
876ad5b14ffffff,,,
876ad031effffff,,,
876ac6381ffffff,,,
876adc11dffffff,,,
8796d68b4ffffff,,,
876ac00a8ffffff,,,
876af1b89ffffff,,,
876ac6051ffffff,,,
8796d28c0ffffff,,,
876af1706ffffff,,,
8796d6101ffffff,,,
876ad5691ffffff,,,
876ae32f2ffffff,,,
876ac541bffffff,,,
876ac238dffffff,,,
876ad121affffff,,,
876ac4c68ffffff,,,
876ac052bffffff,,,
876ac6acaffffff,,,
876ade402ffffff,,,
876adc5a0ffffff,,,
876ac2653ffffff,,,
876ac6804ffffff,,,
8796d3073ffffff,,,
876ac49a2ffffff,0.35965931137555274,2026-02,valid
876ac44b5ffffff,,,
8796d2b86ffffff,,,
876ad02b4ffffff,,,
876ac2b40ffffff,,,
876adc0b3ffffff,,,
8796d684affffff,,,
8796d0571ffffff,,,
876ac0cdeffffff,,,
876ac5b64ffffff,,,
876ad1963ffffff,,,
876af169cffffff,,,
876adebb5ffffff,,,
876ae3288ffffff,,,
876adcd53ffffff,,,
876ac53b1ffffff,,,
876ad11b0ffffff,,,
8796d3826ffffff,,,
876ad3012ffffff,,,
876ac2d9cffffff,,,
876ac5155ffffff,,,
876ac6a60ffffff,,,
876ac444bffffff,,,
8796d2b1cffffff,,,
876ad024affffff,,,
876ac62adffffff,,,
876ad3569ffffff,,,
876af1440ffffff,,,
8796d2369ffffff,,,
876ac5908ffffff,,,
876af1632ffffff,,,
8796d602dffffff,,,
876ad375bffffff,,,
8796d0315ffffff,,,
876ae321effffff,,,
876ad1146ffffff,,,
876ac2d32ffffff,,,
876ac4b94ffffff,,,
876af3a55ffffff,,,
876ac071dffffff,,,
8796d0c50ffffff,,,
8796d2ab2ffffff,,,
876ac6243ffffff,,,
876ad0058ffffff,,,
8796d292affffff,,,
876ac4259ffffff,,,
8796d6776ffffff,,,
8796d049dffffff,,,
876ac5a90ffffff,,,
876ac0595ffffff,,,
876ade46cffffff,,,
876ad36f1ffffff,,,
876ad266dffffff,,,
876ac686effffff,,,
8796d30ddffffff,,,
876ac4a0cffffff,,,
876ad10dcffffff,,,
8796d39aeffffff,,,
876ac2baaffffff,,,
876ac2cc8ffffff,,,
876ac4b2affffff,,,
876ac0d48ffffff,,,
876ac698cffffff,,,
876ade58affffff,,,
876ac06b3ffffff,,,
876ac2515ffffff,,,
8796d2a48ffffff,,,
8796d3890ffffff,,,
8796d670cffffff,,,
876af3b73ffffff,,,
8796d0433ffffff,,,
8796d2295ffffff,,,
876ac5a26ffffff,,,
876ad1825ffffff,,,
876af155effffff,,,
876ad1072ffffff,,,
8796d3944ffffff,,,
876adecd3ffffff,,,
876ac2c5effffff,,,
876af14aaffffff,,,
876ad1771ffffff,,,
876ac5972ffffff,,,
876aee796ffffff,,,
876ac4ac0ffffff,,,
8796d3191ffffff,,,
876ac6922ffffff,,,
876ade520ffffff,,,
876ac24abffffff,,,
876ac430dffffff,,,
8796d66a2ffffff,,,
876af3b09ffffff,,,
8796d6658ffffff,,,
8796d222bffffff,,,
876af14f4ffffff,,,
876ad361dffffff,,,
876ac6125ffffff,,,
876ad00c2ffffff,,,
8796d2994ffffff,,,
876ac42c3ffffff,,,
876ad1008ffffff,,,
8796d38daffffff,,,
876ac2461ffffff,,,
876adec69ffffff,,,
876ac0d92ffffff,,,
876ac4a56ffffff,,,
876ade4d6ffffff,,,
876ade4b6ffffff,,,
876ac2441ffffff,,,
876ac42a3ffffff,,,
876ac68d8ffffff,,,
8796d2974ffffff,,,
876ac4a76ffffff,,,
876ac6105ffffff,,,
876ac2c14ffffff,,,
876ac5952ffffff,,,
876ad1751ffffff,,,
876af148affffff,,,
876ac0db2ffffff,,,
876af32ecffffff,,,
876ad35b3ffffff,,,
876adec89ffffff,,,
8796d3870ffffff,,,
876adcd9dffffff,,,
876ad1028ffffff,,,
876ac0d28ffffff,,,
876ac2b8affffff,,,
876ac684effffff,,,
876ad264dffffff,,,
876ade44cffffff,0.009999999999982538,2026-07,valid
876ac0575ffffff,,,
8796d290affffff,,,
876ac609bffffff,,,
876af3a35ffffff,,,
876ad5b5effffff,,,
8796d02f5ffffff,,,
876af1514ffffff,,,
876ac58e8ffffff,,,
876af1420ffffff,,,
8796d224bffffff,,,
876af3282ffffff,,,
876ad3549ffffff,,,
876ad53abffffff,,,
876ac5135ffffff,,,
8796d3806ffffff,,,
876adcd33ffffff,,,
876ac2b20ffffff,,,
876ac4982ffffff,,,
876af3b29ffffff,,,
8796d66c2ffffff,,,
8796d3053ffffff,,,
876adc580ffffff,,,
876ac050bffffff,,,
876ac236dffffff,,,
876ac432dffffff,,,
8796d28a0ffffff,,,
876ac6031ffffff,,,
876af1b69ffffff,,,
876ac24cbffffff,,,
876ad5af4ffffff,,,
8796d028bffffff,,,
8796d20edffffff,,,
876ade540ffffff,,,
876af13b6ffffff,,,
876ad2741ffffff,,,
876ac6942ffffff,,,
8796d31b1ffffff,,,
876ad5341ffffff,,,
876ac4ae0ffffff,,,
876aeeda1ffffff,,,
876aee7b6ffffff,,,
876ac50cbffffff,,,
8796d379cffffff,,,
876adccc9ffffff,,,
876ac0c54ffffff,,,
876ac2ab6ffffff,,,
876ac4918ffffff,,,
876adc516ffffff,,,
876adecf3ffffff,,,
876ac04a1ffffff,,,
876ac2303ffffff,,,
876ac4165ffffff,,,
8796d2836ffffff,,,
8796d3964ffffff,,,
876ad1092ffffff,,,
876af3961ffffff,,,
876ad5a8affffff,,,
8796d0221ffffff,,,
876ae36ebffffff,,,
8796d2083ffffff,,,
876ac5814ffffff,,,
876ad1613ffffff,,,
876af134cffffff,,,
876ad3475ffffff,,,
876ac5061ffffff,,,
8796d3732ffffff,,,
876ad1845ffffff,,,
876ac2a4cffffff,,,
876aee584ffffff,,,
876ac48aeffffff,,,
8796d22b5ffffff,,,
876ac6710ffffff,,,
8796d0453ffffff,,,
876adc4acffffff,,,
876ad1d5cffffff,,,
876af1a95ffffff,,,
8796d672cffffff,,,
876ad5a20ffffff,,,
8796d2019ffffff,,,
876ac57aaffffff,,,
8796d2a68ffffff,,,
876af12e2ffffff,,,
8796d0c06ffffff,,,
876ad15a9ffffff,,,
876ad340bffffff,,,
876ac2535ffffff,,,
876ad526dffffff,,,
876aeeccdffffff,,,
876ade5aaffffff,,,
876adad93ffffff,,,
8796d36c8ffffff,,,
876ac69acffffff,,,
876ac0b80ffffff,,,
876ac4b4affffff,,,
876aee51affffff,,,
876ac4844ffffff,,,
876ad0643ffffff,,,
876ac2ce8ffffff,,,
876ac66a6ffffff,,,
876adc442ffffff,,,
876ac4091ffffff,,,
8796d2762ffffff,,,
876ad1cf2ffffff,,,
876af1a2bffffff,,,
876aded5dffffff,,,
876ad3b54ffffff,,,
876ad33a1ffffff,,,
876ad5203ffffff,,,
876aeec63ffffff,,,
8796d365effffff,,,
876ac0b16ffffff,,,
876ae26b1ffffff,,,
876aee4b0ffffff,,,
876ada576ffffff,,,
876ad3711ffffff,,,
876ac5ab0ffffff,,,
876ad1c88ffffff,,,
876ad3aeaffffff,,,
876ad594cffffff,,,
8796d00e3ffffff,,,
876af120effffff,,,
876ad14d5ffffff,,,
8796d6796ffffff,,,
876ac6d85ffffff,,,
876ade983ffffff,,,
876ac6263ffffff,,,
876ad0200ffffff,,,
8796d2ad2ffffff,,,
876ac0aacffffff,,,
876ac4401ffffff,,,
876ac290effffff,,,
8796d0c70ffffff,,,
876aee446ffffff,,,
876ac4770ffffff,,,
876ae22d8ffffff,,,
876ada50cffffff,,,
8796d6b05ffffff,,,
876ac215bffffff,,,
8796d268effffff,,,
8796d44f0ffffff,,,
876ad1c1effffff,,,
8796d6352ffffff,,,
876ad3a80ffffff,,,
876ac6a16ffffff,,,
876ac4bb4ffffff,,,
876ac2d52ffffff,,,
876ad146bffffff,,,
876ad32cdffffff,,,
8796d358affffff,,,
876ac6d1bffffff,,,
876ade919ffffff,,,
876ac0a42ffffff,,,
876ac28a4ffffff,,,
876ad1166ffffff,,,
876ac4706ffffff,,,
876ada4a2ffffff,,,
876ac6568ffffff,,,
876ade166ffffff,,,
8796d6a9bffffff,,,
876ac20f1ffffff,,,
8796d2624ffffff,,,
876ac5db5ffffff,,,
876ad1bb4ffffff,,,
8796d4486ffffff,,,
8796d62e8ffffff,,,
876ad3a16ffffff,,,
8796d604dffffff,,,
876ad1401ffffff,,,
8796d3cd3ffffff,,,
876af1652ffffff,,,
876ad1919ffffff,,,
876ac5b1affffff,,,
876ad3263ffffff,,,
8796d2389ffffff,,,
8796d3520ffffff,,,
876ac6cb1ffffff,,,
876ac469cffffff,,,
8796d2d6dffffff,,,
8796d6800ffffff,,,
8796d6a31ffffff,,,
8796d0758ffffff,,,
876ac62cdffffff,,,
876ad026affffff,,,
876ac5d4bffffff,,,
876ac446bffffff,,,
8796d0cdaffffff,,,
876ad1b4affffff,,,
876ac2609ffffff,,,
876ad39acffffff,,,
876ac5598ffffff,,,
876af10d0ffffff,,,
8796d3c69ffffff,,,
876ad505bffffff,,,
8796d34b6ffffff,,,
876adc81cffffff,,,
876ac6a80ffffff,,,
876ac4c1effffff,,,
876ade845ffffff,,,
876ac096effffff,,,
876ac4632ffffff,,,
8796d2d03ffffff,,,
876ac6494ffffff,,,
8796892f4ffffff,,,
876ad2293ffffff,,,
876ade092ffffff,,,
876ad3032ffffff,,,
876ac201dffffff,,,
8796d06eeffffff,,,
8796d2550ffffff,,,
876ac5ce1ffffff,,,
876ad1ae0ffffff,,,
8796d6214ffffff,,,
876ad3942ffffff,,,
876ae32a8ffffff,,,
876ac552effffff,,,
876ad132dffffff,,,
8796d344cffffff,,,
876ac0904ffffff,,,
876ac2766ffffff,,,
876ad1983ffffff,,,
8796d2c99ffffff,,,
876ac5b84ffffff,,,
876ac642affffff,,,
87968928affffff,,,
876ae3a5bffffff,,,
876ac3d22ffffff,,,
8796d0591ffffff,,,
876ade028ffffff,,,
8796d695dffffff,,,
876ac0151ffffff,,,
8796d0684ffffff,,,
8796d24e6ffffff,,,
876ad1a76ffffff,,,
8796d61aaffffff,,,
876ad38d8ffffff,,,
876ac005effffff,,,
8796d686affffff,,,
876ac54c4ffffff,,,
876ad12c3ffffff,,,
876ad3125ffffff,,,
876ad02d4ffffff,,,
8796d2ba6ffffff,,,
876ac44d5ffffff,,,
8796d1580ffffff,,,
876ac4d11ffffff,,,
876ac2673ffffff,,,
876ac6b73ffffff,,,
876ac0811ffffff,,,
876ac089affffff,,,
876ac455effffff,,,
876ad035dffffff,,,
879689220ffffff,,,
876adc886ffffff,,,
876ac6aeaffffff,,,
8796d68f3ffffff,,,
876ac4c88ffffff,,,
8796d061affffff,,,
876ae3ae4ffffff,,,
876ac5c0dffffff,,,
876ad1a0cffffff,,,
876af1745ffffff,,,
8796d6140ffffff,,,
876ad386effffff,,,
876ad56d0ffffff,,,
876ac545affffff,,,
876ad1259ffffff,,,
876ad309cffffff,,,
876ac6b09ffffff,,,
876adc8a5ffffff,,,
876ac0830ffffff,,,
876ac2692ffffff,,,
876ac44f4ffffff,,,
876ad02f3ffffff,,,
876ac6356ffffff,,,
876ad56b1ffffff,,,
8796d6889ffffff,,,
8796d05b0ffffff,,,
8796d6121ffffff,,,
8796d2412ffffff,,,
876ac5ba3ffffff,,,
876ad19a2ffffff,,,
876af1726ffffff,,,
876af16dbffffff,,,
8796d245dffffff,,,
8796d60d6ffffff,,,
876ad3804ffffff,,,
876ad5666ffffff,,,
876ae3ac5ffffff,,,
876ac3d8cffffff,,,
876ad3051ffffff,,,
876ac00c8ffffff,,,
876ade69dffffff,,,
876ac2628ffffff,,,
8796d68d4ffffff,,,
876ac448affffff,,,
8796d2b5bffffff,,,
876ad0289ffffff,,,
876ac62ecffffff,,,
879689201ffffff,,,
876ac63a1ffffff,,,
8796d2c10ffffff,,,
876adc088ffffff,,,
8796d0daeffffff,,,
876ac0013ffffff,,,
8796d0546ffffff,,,
876ac26ddffffff,,,
876ae3a10ffffff,,,
8796d23a8ffffff,,,
876af1671ffffff,,,
8796d606cffffff,,,
876ad379affffff,,,
876ae325dffffff,,,
876ac5386ffffff,,,
876adc8f0ffffff,,,
876ad1185ffffff,,,
876ac6b54ffffff,,,
876ad0af1ffffff,,,
876ac4cf2ffffff,,,
876ac2d71ffffff,,,
8796d32a4ffffff,,,
876ac6a35ffffff,,,
876ac075cffffff,,,
876ac4420ffffff,,,
8796d2af1ffffff,,,
876ac6282ffffff,,,
8796d67b5ffffff,0.019999999999976717,2026-07,valid
876ad3106ffffff,,,
8796d04dcffffff,,,
876ad18ceffffff,,,
876ad12a4ffffff,,,
8796d6002ffffff,,,
876ac54a5ffffff,,,
876ad3730ffffff,,,
876ad111bffffff,,,
876ac4b69ffffff,,,
876ad571bffffff,,,
8796d618bffffff,,,
876ac06f2ffffff,,,
876ac2554ffffff,,,
876af1790ffffff,,,
876ac5c58ffffff,,,
876ac43b6ffffff,,,
876ac6218ffffff,,,
8796d674bffffff,,,
8796d0665ffffff,,,
8796d0472ffffff,,,
8796d22d4ffffff,,,
876ad1864ffffff,,,
876ac0132ffffff,,,
876ad36c6ffffff,,,
876ade009ffffff,,,
87968926bffffff,,,
876ac640bffffff,,,
876ad03a8ffffff,,,
876ac45a9ffffff,,,
876ad10b1ffffff,,,
8796d3983ffffff,,,
876aded12ffffff,,,
876ac2c9dffffff,,,
876ac6961ffffff,,,
876ac08e5ffffff,,,
876ac0688ffffff,,,
876ac24eaffffff,,,
876ac434cffffff,,,
8796d2a1dffffff,,,
876ad014bffffff,,,
8796d342dffffff,,,
876ad0b5bffffff,,,
876ac61aeffffff,,,
876ac4d5cffffff,,,
8796d66e1ffffff,,,
876af3b48ffffff,,,
8796d0408ffffff,,,
8796d226affffff,,,
876af1533ffffff,,,
876ad365cffffff,,,
8796d3919ffffff,,,
876ad3170ffffff,,,
876adeca8ffffff,,,
876ac2c33ffffff,,,
876ac4a95ffffff,,,
876ad130effffff,,,
8796d3166ffffff,,,
876ade4f5ffffff,,,
876ac061effffff,,,
876ac2480ffffff,,,
876ac42e2ffffff,,,
8796d29b3ffffff,,,
876ad00e1ffffff,,,
876ac6144ffffff,,,
876ad5785ffffff,,,
8796d039effffff,,,
8796d2200ffffff,,,
876ac5991ffffff,,,
876ad1790ffffff,,,
876ad3923ffffff,,,
876af14c9ffffff,,,
876ad1ac1ffffff,,,
876ac5cc2ffffff,,,
8796d2531ffffff,,,
876ac4a2bffffff,,,
876ac688dffffff,,,
876ade48bffffff,,,
876ac05b4ffffff,,,
876ac2416ffffff,,,
876ac019cffffff,,,
8796d2949ffffff,,,
8796d69a8ffffff,,,
876ade073ffffff,,,
876ac60daffffff,,,
8796892d5ffffff,,,
876ac6475ffffff,,,
8796d2ce4ffffff,,,
876ac4613ffffff,,,
8796d660dffffff,,,
876af3a74ffffff,,,
876ad5b9dffffff,,,
876ac27b1ffffff,,,
8796d2196ffffff,,,
876ad1726ffffff,,,
876af32c1ffffff,,,
876ad3588ffffff,,,
876ade826ffffff,,,
876ac5174ffffff,,,
876adcd72ffffff,,,
876ac6c28ffffff,,,
8796d3092ffffff,,,
876ac6823ffffff,,,
876ade421ffffff,,,
876ac054affffff,,,
876ac23acffffff,,,
876ac420effffff,,,
876ad000dffffff,,,
876ac6070ffffff,,,
876af1ba8ffffff,,,
876af3a0affffff,,,
876ad3cd1ffffff,,,
876ad5b33ffffff,,,
8796d02caffffff,,,
8796d212cffffff,,,
8796d3c4affffff,,,
876af10b1ffffff,,,
876ad351effffff,,,
876ad5380ffffff,,,
876ac510affffff,,,
876adcd08ffffff,,,
876ae3450ffffff,,,
876ac0c93ffffff,,,
876ac2af5ffffff,,,
876ad0756ffffff,,,
8796d3028ffffff,,,
876adc555ffffff,,,
8796d6cecffffff,,,
876ac04e0ffffff,,,
876ad398dffffff,,,
876ad1b2bffffff,,,
876ac41a4ffffff,,,
8796d2875ffffff,,,
876ac5d2cffffff,,,
8796d259bffffff,,,
876ac6006ffffff,,,
876ad5ac9ffffff,,,
876ac2068ffffff,,,
8796d20c2ffffff,,,
876ac5853ffffff,,,
876ad1652ffffff,,,
876af138bffffff,,,
8796d6a12ffffff,,,
876ad34b4ffffff,,,
876ad22deffffff,,,
876ad5316ffffff,,,
876aeed76ffffff,,,
876ac50a0ffffff,,,
8796d3771ffffff,,,
8796d2d4effffff,,,
876adcc9effffff,,,
876ac0c29ffffff,,,
876ac2a8bffffff,,,
876ac48edffffff,,,
876ac281bffffff,,,
876ad06ecffffff,,,
876ac0476ffffff,,,
876ade890ffffff,,,
8796d280bffffff,,,
876ac6c92ffffff,,,
8796d3501ffffff,,,
876af1ad4ffffff,,,
876ad1d9bffffff,,,
876ae36c0ffffff,,,
8796d2058ffffff,,,
876af1321ffffff,,,
876ad344affffff,,,
876ad52acffffff,,,
876aeed0cffffff,,,
876ac5036ffffff,,,
876adcc34ffffff,,,
876ad3244ffffff,,,
876ac2a21ffffff,,,
876aee559ffffff,,,
876ac4883ffffff,,,
8796d3cb4ffffff,,,
876ac66e5ffffff,,,
876adc481ffffff,,,
876ac040cffffff,,,
876ac40d0ffffff,,,
8796d27a1ffffff,,,
876ad5859ffffff,,,
876ad1d31ffffff,,,
876af1a6affffff,,,
8796d6465ffffff,,,
876ad3b93ffffff,,,
8796d62c9ffffff,,,
876ad1b95ffffff,,,
8796d018cffffff,,,
876ae3656ffffff,,,
876ac5d96ffffff,,,
8796d2605ffffff,,,
876ad5242ffffff,,,
8796d07a3ffffff,,,
876aeeca2ffffff,,,
876ac20d2ffffff,,,
8796d369dffffff,,,
876ac0b55ffffff,,,
876ae26f0ffffff,,,
876ac4819ffffff,,,
876ada5b5ffffff,,,
8796893a9ffffff,,,
876ac6549ffffff,,,
8796d6baeffffff,,,
876ada483ffffff,,,
876ac03a2ffffff,,,
876ac4066ffffff,,,
876ac2885ffffff,,,
8796d4599ffffff,,,
876af1a00ffffff,,,
876ad3b29ffffff,,,
876af3862ffffff,,,
876ac0a23ffffff,0.12243563502896551,2026-06,valid
876ac5715ffffff,,,
876af124dffffff,,,
876ad1514ffffff,,,
876ad3376ffffff,,,
8796d3633ffffff,,,
8796d356bffffff,,,
876adac36ffffff,,,
876ac294dffffff,,,
876ae2686ffffff,,,
876aee485ffffff,,,
876ac6611ffffff,,,
876ad32aeffffff,,,
876ac219affffff,,,
8796d26cdffffff,,,
8796d3d1effffff,,,
876ad144cffffff,,,
876ad1c5dffffff,,,
8796d6391ffffff,,,
876ad5921ffffff,,,
876ae3582ffffff,,,
8796d005affffff,,,
876ac56abffffff,,,
876ad14aaffffff,,,
876ad330cffffff,,,
876adac94ffffff,,,
876ac6d5affffff,,,
876ad3a61ffffff,,,
8796d6333ffffff,,,
876ade958ffffff,,,
876ac0a81ffffff,,,
876ac28e3ffffff,,,
876ae261cffffff,,,
876aee41bffffff,,,
876ac4745ffffff,,,
876ade1a5ffffff,,,
8796d6adaffffff,,,
876ac2130ffffff,,,
8796d2663ffffff,,,
8796d6ae6ffffff,,,
876ade1b1ffffff,,,
876ad3a55ffffff,,,
8796d004effffff,,,
876ac65b3ffffff,,,
876ac4751ffffff,,,
876ad1440ffffff,,,
8796d3d12ffffff,,,
876ad32a2ffffff,,,
876ac6cf0ffffff,,,
876ac0a8dffffff,,,
876ade8eeffffff,,,
876ade964ffffff,,,
876ac46dbffffff,,,
8796d2dacffffff,,,
876ac6d66ffffff,,,
876adaca0ffffff,,,
8796d6a70ffffff,,,
876ac20c6ffffff,,,
876ac5d8affffff,,,
876ad1b89ffffff,,,
876ad584dffffff,,,
876ae34aeffffff,,,
8796d3ca8ffffff,,,
876ad3318ffffff,,,
8796d34f5ffffff,,,
8796d3d88ffffff,,,
876ad14b6ffffff,,,
876ac6c86ffffff,,,
876ade884ffffff,,,
876ae358effffff,,,
8796d00c4ffffff,,,
876ac09adffffff,,,
876ac4671ffffff,,,
8796d2d42ffffff,,,
876ad592dffffff,,,
876ac64d3ffffff,,,
876ad3acbffffff,,,
8796d639dffffff,,,
876ad22d2ffffff,,,
876ade0d1ffffff,,,
876ad1c69ffffff,,,
8796d6a06ffffff,,,
876ac205cffffff,,,
8796d072dffffff,,,
8796d26d9ffffff,,,
876ac4008ffffff,,,
876ac5d20ffffff,,,
876ac21a6ffffff,,,
8796d6253ffffff,,,
876ad3981ffffff,,,
876ac556dffffff,,,
876ad136cffffff,,,
8796d6b50ffffff,,,
8796d348bffffff,,,
876ac661dffffff,,,
876ac6c1cffffff,,,
876ade81affffff,,,
876ac0943ffffff,,,
876aee491ffffff,,,
876ac27a5ffffff,,,
876ae2692ffffff,,,
876ac2959ffffff,,,
8796d2cd8ffffff,,,
876ac6469ffffff,,,
8796892c9ffffff,,,
8796d699cffffff,,,
876ac0190ffffff,,,
8796d06c3ffffff,,,
8796d2525ffffff,,,
876ac5cb6ffffff,,,
876aeec44ffffff,,,
876ad1ab5ffffff,,,
876ac5503ffffff,,,
876ad1302ffffff,,,
876ad3164ffffff,,,
876ac4d50ffffff,,,
8796d3421ffffff,,,
876ac6bb2ffffff,,,
876ad3382ffffff,,,
876ade7b0ffffff,0.2182482944027439,2026-07,valid
876ad1520ffffff,,,
876af1259ffffff,,,
876ac08d9ffffff,,,
876ac5721ffffff,,,
876ac459dffffff,,,
8796d2c6effffff,,,
876ad039cffffff,,,
876adc19bffffff,,,
8796d6932ffffff,,,
876ac0126ffffff,,,
8796d0659ffffff,,,
876ac5c4cffffff,,,
876ad1a4bffffff,,,
876af1784ffffff,,,
876ad38adffffff,,,
876af386effffff,,,
876ad3b35ffffff,,,
876ae3370ffffff,,,
876ac5499ffffff,,,
876af1a0cffffff,,,
8796d45a5ffffff,,,
876ad1cd3ffffff,,,
876ad1298ffffff,,,
8796d2743ffffff,,,
876ac4ce6ffffff,,,
876ac4072ffffff,,,
876ad0ae5ffffff,,,
876ac6b48ffffff,,,
876adc8e4ffffff,,,
876ac26d1ffffff,,,
8796d0da2ffffff,,,
876ac4533ffffff,,,
8796d2c04ffffff,,,
876adc423ffffff,,,
876ad0332ffffff,,,
876ac6395ffffff,,,
876ad0624ffffff,,,
876adc131ffffff,,,
876ac4825ffffff,,,
8796d68c8ffffff,,,
876ac3d80ffffff,,,
8796d2451ffffff,,,
876af171affffff,,,
8796d6115ffffff,,,
876ad3843ffffff,,,
876ad56a5ffffff,,,
876ac0b61ffffff,,,
876ad122effffff,,,
876ad3090ffffff,,,
876ac6adeffffff,,,
876ac0805ffffff,,,
8796d36a9ffffff,,,
876ac44c9ffffff,,,
876aeecaeffffff,,,
8796d2b9affffff,,,
876ad02c8ffffff,,,
876ac632bffffff,,,
8796d685effffff,,,
876ac0052ffffff,,,
8796d0585ffffff,,,
876ac3d16ffffff,,,
876ad524effffff,,,
876af16b0ffffff,,,
8796d60abffffff,,,
876ae329cffffff,,,
876ad158affffff,,,
876af12c3ffffff,,,
876ad3026ffffff,,,
876ac2db0ffffff,,,
876ac578bffffff,,,
876ac4c12ffffff,,,
876ae3662ffffff,,,
8796d0198ffffff,,,
876ac6a74ffffff,,,
876adc810ffffff,,,
876ad5a01ffffff,,,
876ac079bffffff,,,
8796d6471ffffff,,,
8796d0cceffffff,,,
8796d2b30ffffff,,,
876ad025effffff,,,
876af1a76ffffff,,,
876ac62c1ffffff,,,
8796d27adffffff,,,
876ac40dcffffff,,,
8796d051bffffff,,,
876ac5b0effffff,,,
876ad190dffffff,,,
876af1646ffffff,,,
8796d6041ffffff,,,
876ac0418ffffff,,,
876ae3232ffffff,,,
876ad115affffff,,,
876ac2d46ffffff,,,
876adc48dffffff,,,
876ac4ba8ffffff,,,
876ac66f1ffffff,,,
876ac6a0affffff,,,
876aee565ffffff,,,
876ac2a2dffffff,,,
876ac0731ffffff,,,
876ac2593ffffff,,,
876ae22ccffffff,,,
8796d2ac6ffffff,,,
8796d678affffff,,,
876adcc40ffffff,,,
8796d04b1ffffff,,,
8796d3713ffffff,,,
8796d2313ffffff,,,
876ac5042ffffff,,,
876ac5aa4ffffff,,,
876aeed18ffffff,,,
876ad18a3ffffff,,,
876ad3705ffffff,,,
876ad10f0ffffff,,,
876aded51ffffff,,,
876ac2cdcffffff,,,
876ac69a0ffffff,,,
876ad3456ffffff,,,
876ade59effffff,,,
876af132dffffff,,,
876ac2529ffffff,,,
8796d2064ffffff,,,
876ac438bffffff,,,
8796d2a5cffffff,,,
876ae36ccffffff,,,
8796d0202ffffff,,,
8796d6720ffffff,,,
876ad5a6bffffff,,,
8796d22a9ffffff,,,
876af1572ffffff,,,
876af3942ffffff,,,
876ad369bffffff,,,
876af1ae0ffffff,,,
876ad1086ffffff,,,
8796d3958ffffff,,,
876ac2c72ffffff,,,
876ac4146ffffff,,,
876ac4ad4ffffff,,,
8796d31a5ffffff,,,
876ac6936ffffff,,,
876ac0482ffffff,,,
876ade534ffffff,,,
876ac4321ffffff,,,
876ac675bffffff,,,
876ac6183ffffff,,,
8796d66b6ffffff,0.45914479697932514,2026-07,valid
876af3b1dffffff,,,
876af1508ffffff,,,
876af336affffff,,,
876ad3631ffffff,,,
876ac0c35ffffff,,,
876ad101cffffff,,,
8796d38eeffffff,,,
876ac0da6ffffff,,,
876ac2c08ffffff,,,
876ac4a6affffff,,,
876adccaaffffff,,,
876ac68ccffffff,,,
876ac50acffffff,,,
876ad26cbffffff,,,
876aeed82ffffff,,,
876ade4caffffff,,,
876ac2455ffffff,,,
8796d2988ffffff,,,
876ac6119ffffff,,,
8796d664cffffff,,,
876ad5322ffffff,,,
876ad34c0ffffff,,,
876ac5966ffffff,,,
876ad1765ffffff,,,
876ad165effffff,,,
876af149effffff,,,
8796d20ceffffff,,,
876ac51b3ffffff,,,
8796d3884ffffff,,,
876adcdb1ffffff,,,
876adec13ffffff,,,
876ac2b9effffff,,,
876ac4a00ffffff,,,
876ad5ad5ffffff,,,
8796d30d1ffffff,,,
876ac6862ffffff,,,
876ad2661ffffff,,,
876ade460ffffff,,,
876af1b4affffff,,,
876ac6012ffffff,,,
876ac0589ffffff,,,
8796d2881ffffff,,,
876ac424dffffff,,,
8796d291effffff,,,
876ac41b0ffffff,,,
876ad004cffffff,,,
876af3a49ffffff,,,
876ad5b72ffffff,,,
8796d216bffffff,,,
876ac04ecffffff,,,
876af1434ffffff,,,
876ad355dffffff,,,
876ac5149ffffff,,,
8796d381affffff,,,
876adc561ffffff,,,
8796d3034ffffff,,,
876ad0762ffffff,,,
876ac0cd2ffffff,,,
876ac2b34ffffff,,,
876ac4963ffffff,,,
876ac4996ffffff,,,
876ac2b01ffffff,,,
876adc594ffffff,,,
876ac2381ffffff,,,
8796d28b4ffffff,,,
876ac6045ffffff,,,
876ad5b08ffffff,,,
8796d2101ffffff,,,
876ac5892ffffff,,,
876adcd14ffffff,,,
876ad1691ffffff,,,
876ad34f3ffffff,,,
876ad5355ffffff,,,
876ac5116ffffff,,,
876aeedb5ffffff,,,
8796d37b0ffffff,,,
876adccddffffff,,,
876ac0c68ffffff,,,
876ac2acaffffff,,,
876ad538cffffff,,,
876ac492cffffff,,,
876ad072bffffff,,,
876ac678effffff,,,
876ad352affffff,,,
876af3263ffffff,,,
876adc52affffff,,,
8796d6cc1ffffff,,,
876af1401ffffff,,,
876ad16c8ffffff,,,
876ac04b5ffffff,,,
876ac58c9ffffff,,,
8796d284affffff,,,
8796d02d6ffffff,,,
876af1b13ffffff,,,
876af3975ffffff,,,
876ad5a9effffff,,,
8796d0235ffffff,,,
876ac5828ffffff,,,
876af1360ffffff,,,
876ad3489ffffff,,,
876ad52ebffffff,,,
876ad3cddffffff,,,
876af3a16ffffff,,,
876aeed4bffffff,,,
876ac5075ffffff,,,
8796d3746ffffff,,,
876adcc73ffffff,,,
876ad0019ffffff,,,
8796d28ebffffff,,,
876ac421affffff,,,
876ac2a60ffffff,,,
876aee598ffffff,,,
876ac48c2ffffff,,,
876ac6724ffffff,,,
876ac0556ffffff,,,
876ade42dffffff,,,
876ac044bffffff,,,
876ad1d70ffffff,,,
876af1aa9ffffff,,,
8796d309effffff,,,
876ad5a34ffffff,,,
876ae3695ffffff,,,
8796d202dffffff,,,
876ac2b6bffffff,,,
876af12f6ffffff,,,
876ad5281ffffff,,,
876ac0d09ffffff,,,
876aeece1ffffff,,,
876ac500bffffff,,,
8796d36dcffffff,,,
876adcc09ffffff,,,
876ac0b94ffffff,,,
876aee52effffff,,,
8796d3851ffffff,,,
876ac4858ffffff,,,
876ac5180ffffff,,,
876adc456ffffff,,,
876ac40a5ffffff,,,
8796d2776ffffff,,,
876ad1d06ffffff,,,
876ad3b68ffffff,,,
876ac5754ffffff,,,
876af128cffffff,,,
876ad1553ffffff,,,
876ad3594ffffff,,,
876af32cdffffff,,,
876ad33b5ffffff,,,
876af146bffffff,,,
876ad1732ffffff,,,
8796d3672ffffff,,,
876ac5933ffffff,,,
8796d21a2ffffff,,,
876ac0b2affffff,,,
876ac298cffffff,,,
876ae26c5ffffff,,,
876aee4c4ffffff,,,
876ad5ba9ffffff,,,
876ada58affffff,,,
876ac6650ffffff,,,
8796d6619ffffff,,,
8796d6b83ffffff,,,
8796d270cffffff,,,
876ac60e6ffffff,,,
876ad0083ffffff,,,
8796d2955ffffff,,,
876ac4284ffffff,,,
876ad1c9cffffff,,,
876ad5960ffffff,,,
876ac2422ffffff,,,
876af1222ffffff,,,
876ad14e9ffffff,,,
876ad334bffffff,,,
876aeec0dffffff,,,
876adacd3ffffff,,,
8796d3608ffffff,,,
876ac6d99ffffff,,,
876ac6899ffffff,,,
8796d3108ffffff,,,
876ac0ac0ffffff,0.01000000000000582,2026-05,valid
876ac0ac0ffffff,0.08000000000007566,2026-07,valid
876ac2922ffffff,,,
876ae265bffffff,,,
876aee45affffff,,,
876ac4784ffffff,,,
876ada520ffffff,,,
8796d6b19ffffff,,,
876ac0d73ffffff,,,
8796d26a2ffffff,,,
876ad1c32ffffff,,,
876adec4affffff,,,
8796d6366ffffff,,,
876ad3a94ffffff,,,
8796d008dffffff,,,
876ac5680ffffff,,,
8796d3d51ffffff,,,
876ad32e1ffffff,,,
8796d359effffff,,,
876ade92dffffff,,,
876ac0a56ffffff,0.4700000000001397,2026-05,valid
876ac0a56ffffff,0.10999999999999419,2026-06,valid
876ac0a56ffffff,0.08000000000008149,2026-07,valid
876ac471affffff,,,
876ada4b6ffffff,0.6933075914169502,2026-07,valid
876af14d5ffffff,,,
876ad179cffffff,,,
876ac599dffffff,,,
876ac2105ffffff,,,
8796d220cffffff,,,
8796d449affffff,,,
876ad3a2affffff,,,
8796d03aaffffff,,,
876ac5616ffffff,,,
876ad1415ffffff,,,
876ad50d9ffffff,,,
876af3aeaffffff,,,
8796d6683ffffff,,,
8796d3534ffffff,,,
876ac6cc5ffffff,,,
876ac6150ffffff,,,
876ad00edffffff,,,
876ac42eeffffff,,,
876ade8c3ffffff,,,
876ac284effffff,,,
876ac46b0ffffff,,,
876ac248cffffff,,,
8796d2d81ffffff,,,
876ac6512ffffff,,,
876ac062affffff,,,
876ade110ffffff,,,
876ac209bffffff,,,
876ade501ffffff,,,
8796d076cffffff,,,
876ad1b5effffff,,,
8796d6292ffffff,,,
876ac6903ffffff,,,
8796d3172ffffff,,,
876ae3483ffffff,,,
876ac4aa1ffffff,,,
876ac55acffffff,,,
876ad13abffffff,,,
876ad320dffffff,,,
8796d34caffffff,,,
876ac6c5bffffff,,,
876ade859ffffff,,,
876adecb4ffffff,,,
876ac0982ffffff,,,
876ac4646ffffff,,,
876ac64a8ffffff,,,
8796d3925ffffff,,,
876ad1053ffffff,,,
876ade0a6ffffff,0.1288803454682555,2026-07,valid
876ac2031ffffff,,,
8796d0702ffffff,,,
8796d2564ffffff,,,
876ac5cf5ffffff,,,
876ad1af4ffffff,,,
8796d6228ffffff,,,
876ad3956ffffff,,,
876ae3419ffffff,,,
876ad3668ffffff,,,
876ac5542ffffff,,,
876ad1341ffffff,,,
8796d3c13ffffff,,,
876ad1806ffffff,,,
876ad31a3ffffff,,,
8796d2276ffffff,,,
8796d0414ffffff,,,
8796d3460ffffff,,,
876adc98dffffff,,,
876ac0918ffffff,,,
8796d2cadffffff,,,
876af3b54ffffff,,,
8796d66edffffff,,,
8796d6971ffffff,,,
876ac0165ffffff,,,
8796d0698ffffff,,,
876ac5c8bffffff,,,
876ad1a8affffff,,,
8796d2a29ffffff,,,
876ac4358ffffff,,,
876ad38ecffffff,,,
876ad574effffff,,,
876ac24f6ffffff,,,
876ac54d8ffffff,,,
876ac0694ffffff,,,
8796d1594ffffff,,,
876ac4d25ffffff,,,
876ade56bffffff,0.7161303406542565,2026-07,valid
876ad276cffffff,,,
876ac696dffffff,,,
876ac08aeffffff,,,
876ac2710ffffff,,,
876ac4b0bffffff,,,
876ac4572ffffff,,,
8796d2c43ffffff,,,
876ac2ca9ffffff,,,
876ad0371ffffff,,,
879689234ffffff,,,
8796d062effffff,,,
8796d2490ffffff,,,
876ac5c21ffffff,,,
876aded1effffff,,,
876ad1a20ffffff,,,
876af1759ffffff,,,
8796d6154ffffff,,,
876ad3882ffffff,,,
876ad56e4ffffff,,,
876ae3345ffffff,,,
876ac546effffff,,,
876ad126dffffff,,,
876ac6b1dffffff,,,
876ac0844ffffff,,,
876ac26a6ffffff,,,
876ac4508ffffff,,,
876ac636affffff,,,
876ad36d2ffffff,,,
876adc106ffffff,,,
8796d689dffffff,,,
876af15a9ffffff,,,
876ad1870ffffff,,,
8796d22e0ffffff,,,
876ac0091ffffff,,,
8796d2426ffffff,,,
876ad19b6ffffff,,,
8796d60eaffffff,,,
876ad3818ffffff,,,
876ae32dbffffff,,,
876ac5404ffffff,,,
876ad1203ffffff,,,
876ad3065ffffff,,,
876ac4c51ffffff,,,
876ad0a50ffffff,,,
876ac6224ffffff,,,
8796d2a93ffffff,,,
876ac6ab3ffffff,,,
876ae2299ffffff,,,
876ac2560ffffff,,,
876ac449effffff,,,
876ad029dffffff,,,
876ac6300ffffff,,,
876adc09cffffff,,,
8796d6833ffffff,,,
8796d055affffff,,,
876ad194cffffff,,,
876af1685ffffff,,,
8796d6080ffffff,,,
876ac4b75ffffff,,,
876ad37aeffffff,,,
876ad5610ffffff,,,
876ae3271ffffff,,,
876ac2d13ffffff,,,
876ad1199ffffff,,,
876ac2d85ffffff,,,
876ac6a49ffffff,,,
876aded88ffffff,,,
876ac0770ffffff,,,
8796d0ca3ffffff,,,
876ac4434ffffff,,,
876ac5328ffffff,,,
8796d2b05ffffff,,,
876ad0233ffffff,,,
876ac6296ffffff,,,
876adc032ffffff,,,
8796d04f0ffffff,,,
8796d2352ffffff,,,
876ac5ae3ffffff,,,
876ad18e2ffffff,,,
876af161bffffff,,,
8796d6016ffffff,,,
876ad3744ffffff,,,
8796d600effffff,,,
876ac5330ffffff,,,
876af1613ffffff,,,
876ad18daffffff,,,
876aded90ffffff,,,
8796d234affffff,,,
876ac2d1bffffff,,,
8796d04e8ffffff,,,
876ac0706ffffff,,,
876ac2568ffffff,,,
8796d2a9bffffff,,,
876ac622cffffff,,,
8796d0486ffffff,,,
8796d22e8ffffff,,,
876ad36daffffff,,,
876ac628effffff,,,
876ad022bffffff,,,
876ac442cffffff,,,
8796d0c9bffffff,,,
876ad10c5ffffff,,,
876aded26ffffff,,,
876ac2cb1ffffff,,,
876ac0768ffffff,,,
876ac4b13ffffff,,,
876ac6975ffffff,,,
876ade573ffffff,,,
876ac069cffffff,,,
876ac6a41ffffff,,,
8796d32b0ffffff,,,
876ac4360ffffff,,,
8796d2a31ffffff,,,
876aee8b5ffffff,,,
8796d66f5ffffff,,,
876af3b5cffffff,,,
8796d041cffffff,,,
876ad180effffff,,,
876ad3670ffffff,,,
876ad105bffffff,,,
8796d392dffffff,,,
876ac4aa9ffffff,,,
876ad1191ffffff,,,
876ac690bffffff,,,
876ade509ffffff,,,
876ac0632ffffff,,,
876ac2494ffffff,,,
876ae3269ffffff,,,
876ac42f6ffffff,,,
876ad00f5ffffff,,,
876ac6158ffffff,,,
876ad5608ffffff,,,
8796d668bffffff,,,
876ad37a6ffffff,,,
8796d03b2ffffff,,,
876ad1944ffffff,,,
8796d2214ffffff,,,
876ac5b45ffffff,,,
876ac59a5ffffff,,,
8796d23b4ffffff,,,
876ad17a4ffffff,,,
876af14ddffffff,,,
876ae3a1cffffff,,,
8796d0552ffffff,,,
876ad3606ffffff,,,
8796d38c3ffffff,,,
8796d682bffffff,,,
876adec52ffffff,,,
8796d3110ffffff,,,
876ac68a1ffffff,,,
876adc094ffffff,,,
876ac242affffff,,,
876ad0295ffffff,,,
876ac428cffffff,,,
8796d295dffffff,,,
876ac4496ffffff,,,
876ad008bffffff,,,
876ac60eeffffff,,,
876ac2634ffffff,,,
8796d6621ffffff,,,
8796d21aaffffff,,,
876af1473ffffff,,,
876af32d5ffffff,,,
876ad359cffffff,,,
876ac6aabffffff,,,
876ad0a48ffffff,,,
876ac5188ffffff,,,
876ac4c49ffffff,,,
876adcd86ffffff,,,
876ac0d11ffffff,,,
876ac2b73ffffff,,,
8796d30a6ffffff,,,
876ade435ffffff,,,
8796d6d6affffff,,,
876ac055effffff,,,
876ac4222ffffff,,,
8796d28f3ffffff,,,
876ad0021ffffff,,,
876ac6084ffffff,,,
876ad305dffffff,,,
876af3a1effffff,,,
8796d02deffffff,,,
8796d2140ffffff,,,
876ac58d1ffffff,,,
876ad16d0ffffff,,,
876af1409ffffff,,,
876af326bffffff,,,
876ad3532ffffff,,,
876ad5394ffffff,,,
876ae32d3ffffff,,,
876ac511effffff,,,
876adcd1cffffff,,,
876ac2b09ffffff,,,
876ad5672ffffff,,,
876ac496bffffff,,,
876ad076affffff,,,
876adc569ffffff,,,
876ad3810ffffff,,,
8796d60e2ffffff,,,
876ad19aeffffff,,,
876ac04f4ffffff,,,
8796d2889ffffff,,,
8796d241effffff,,,
876ac601affffff,,,
876af1b52ffffff,,,
8796d654dffffff,,,
876ad5addffffff,,,
8796d0274ffffff,,,
8796d20d6ffffff,,,
876ad1666ffffff,,,
876ac0089ffffff,,,
8796d6895ffffff,,,
876ad34c8ffffff,,,
876ad532affffff,,,
876aeed8affffff,,,
876ac50b4ffffff,,,
876ac6362ffffff,,,
8796d3785ffffff,,,
876adccb2ffffff,,,
876ac4500ffffff,,,
876adeb14ffffff,,,
876ac4901ffffff,,,
876ad0700ffffff,,,
876ac6763ffffff,,,
876ac269effffff,,,
876ac048affffff,,,
876ac414effffff,,,
876af1ae8ffffff,,,
876af394affffff,,,
876adc8b1ffffff,,,
876ad5a73ffffff,,,
876ac6b15ffffff,,,
8796d3384ffffff,,,
876ad0ab2ffffff,,,
8796d020affffff,,,
876ac4cb3ffffff,,,
876ae36d4ffffff,,,
8796d206cffffff,,,
876af1335ffffff,,,
876ad345effffff,,,
876ad52c0ffffff,,,
876aeed20ffffff,,,
876ac504affffff,,,
8796d371bffffff,,,
876adcc48ffffff,,,
876ac2a35ffffff,,,
876ad1265ffffff,,,
876adc495ffffff,,,
876ac5466ffffff,,,
876ac0420ffffff,,,
876ac40e4ffffff,,,
8796d27b5ffffff,,,
876ad1d45ffffff,,,
876ad56dcffffff,,,
876ad5a09ffffff,,,
8796d01a0ffffff,,,
876ae366affffff,,,
8796d614cffffff,,,
8796d2002ffffff,,,
876ac5793ffffff,,,
876af12cbffffff,,,
876af1751ffffff,,,
876ad1a18ffffff,,,
876ac5c19ffffff,,,
876ad1592ffffff,,,
8796d2488ffffff,,,
876ad5256ffffff,,,
876ae3af0ffffff,,,
876aeecb6ffffff,,,
8796d0626ffffff,,,
8796d36b1ffffff,,,
876ac0b69ffffff,,,
876ac00f3ffffff,,,
876aee503ffffff,,,
876ac482dffffff,,,
876ad062cffffff,,,
876adc42bffffff,,,
87968922cffffff,,,
876ad0369ffffff,,,
876ac03b6ffffff,,,
876ac456affffff,,,
8796d274bffffff,,,
876ac2708ffffff,,,
876ad1cdbffffff,,,
8796d45adffffff,,,
876af1a14ffffff,,,
876ac08a6ffffff,,,
876ac5729ffffff,,,
876af1261ffffff,,,
876ad1528ffffff,,,
876ad338affffff,,,
876adc91bffffff,,,
876aeec4cffffff,,,
876adad12ffffff,,,
876ac4d1dffffff,,,
876ac2961ffffff,,,
876ae269affffff,,,
876aee499ffffff,,,
876ac6625ffffff,,,
876ac21aeffffff,,,
876ac4010ffffff,,,
876ad3131ffffff,,,
8796d26e1ffffff,,,
876ad1c71ffffff,,,
8796d63a5ffffff,,,
876ac54d0ffffff,,,
876ad3ad3ffffff,,,
8796d00ccffffff,,,
876ae3596ffffff,,,
8796d3d90ffffff,,,
876ad3320ffffff,,,
876ad5746ffffff,,,
876adaca8ffffff,,,
876ac6d6effffff,,,
876ad38e4ffffff,,,
876ad1a82ffffff,,,
876ade96cffffff,,,
876ac0a95ffffff,,,
876ac5c83ffffff,,,
8796d24f2ffffff,,,
876ac4759ffffff,,,
8796d0690ffffff,,,
8796d6aeeffffff,,,
876ac2144ffffff,,,
876ac015dffffff,,,
8796d6969ffffff,,,
876ad3a69ffffff,,,
876ade034ffffff,,,
876ac6436ffffff,,,
8796d2ca5ffffff,,,
876ad1454ffffff,,,
8796d3d26ffffff,,,
876ad32b6ffffff,,,
876ac2772ffffff,,,
8796d3573ffffff,,,
876ac0910ffffff,,,
876ac6d04ffffff,,,
876ade902ffffff,,,
876ac0a2bffffff,,,
876adc985ffffff,,,
876ac288dffffff,,,
8796d3458ffffff,,,
876ac6551ffffff,,,
8796d6a84ffffff,,,
876ac20daffffff,,,
8796d07abffffff,,,
8796d260dffffff,,,
876ac5d9effffff,,,
876ad1b9dffffff,,,
8796d62d1ffffff,,,
876ad5861ffffff,,,
876ad319bffffff,,,
876ae34c2ffffff,,,
876ad324cffffff,,,
8796d3c0bffffff,,,
8796d3509ffffff,,,
876ae3411ffffff,,,
876ac6c9affffff,,,
876ade898ffffff,,,
876ac2823ffffff,,,
876ac4685ffffff,,,
876ada421ffffff,,,
8796d2d56ffffff,,,
876ad394effffff,,,
8796d6220ffffff,,,
876ad22e6ffffff,,,
876ade0e5ffffff,,,
8796d6a1affffff,,,
876ad1aecffffff,,,
876ac5cedffffff,,,
8796d255cffffff,,,
876ac2070ffffff,,,
8796d0741ffffff,,,
8796d25a3ffffff,,,
876ac5d34ffffff,,,
876ac2029ffffff,,,
876ad1b33ffffff,,,
876ad3995ffffff,,,
876ac5581ffffff,,,
876ad1380ffffff,,,
876ade09effffff,0.008287968801815674,2026-07,valid
8796d3c52ffffff,,,
876ad5044ffffff,,,
876ac64a0ffffff,,,
876ac6c30ffffff,,,
876ade82effffff,,,
876ac461bffffff,,,
8796d2cecffffff,,,
8796892ddffffff,,,
876ac01a4ffffff,,,
876ac2006ffffff,,,
876ade851ffffff,,,
876ac5ccaffffff,,,
876ad1ac9ffffff,,,
876ac6c53ffffff,,,
8796d34c2ffffff,,,
876ad392bffffff,,,
876ad578dffffff,,,
876ad1316ffffff,,,
876ac4d64ffffff,,,
876ad0b63ffffff,,,
8796d3435ffffff,,,
876adc962ffffff,,,
876ac08edffffff,,,
876ae2488ffffff,,,
876ad3205ffffff,,,
876ac45b1ffffff,,,
8796d2c82ffffff,,,
8796d3c75ffffff,,,
876af10dcffffff,,,
876ad13a3ffffff,,,
876ad03b0ffffff,,,
876ac55a4ffffff,,,
876ac6413ffffff,,,
879689273ffffff,,,
876ad2212ffffff,,,
876ade011ffffff,,,
8796d6946ffffff,,,
8796d066dffffff,,,
876ac5c60ffffff,,,
876af1798ffffff,,,
876ad38c1ffffff,,,
8796d628affffff,,,
876ad5723ffffff,,,
876ad1b56ffffff,,,
876ac54adffffff,,,
876ad12acffffff,,,
876ad310effffff,,,
8796d0764ffffff,,,
876ac6b5cffffff,,,
876ac2093ffffff,,,
876ac0883ffffff,,,
876ac26e5ffffff,,,
8796d0db6ffffff,,,
8796d2c18ffffff,,,
876ade108ffffff,,,
876ad0346ffffff,,,
876ac63a9ffffff,,,
879689209ffffff,,,
876ac650affffff,,,
8796d68dcffffff,,,
876ac46a8ffffff,,,
876ac00d0ffffff,,,
8796d0603ffffff,,,
876ac3d94ffffff,,,
876ae3acdffffff,,,
8796d2465ffffff,,,
876ac2846ffffff,,,
876af172effffff,,,
8796d6129ffffff,,,
876ae331affffff,,,
876ac5443ffffff,,,
876ad1242ffffff,,,
876ad30a4ffffff,,,
876ac4c90ffffff,,,
876ac6af2ffffff,,,
8796d352cffffff,,,
876adc88effffff,,,
876ac0819ffffff,,,
876aee1b3ffffff,,,
876ac44ddffffff,,,
8796d2baeffffff,,,
876ad02dcffffff,,,
8796d6872ffffff,,,
876ac0066ffffff,,,
8796d0599ffffff,,,
876ae3a63ffffff,,,
876ac5b8cffffff,,,
876ad198bffffff,,,
876af16c4ffffff,,,
876ad140dffffff,,,
876ac560effffff,0.24172006540025942,2025-06,valid
876ae32b0ffffff,,,
876ae34e5ffffff,,,
8796d001bffffff,,,
876ac4c26ffffff,,,
876ac6a88ffffff,,,
876adc824ffffff,,,
876ad3a22ffffff,,,
8796d62f4ffffff,,,
876ac2611ffffff,,,
8796d4492ffffff,,,
8796d0ce2ffffff,,,
876ac4473ffffff,,,
8796d2b44ffffff,,,
876ad0272ffffff,,,
876ac62d5ffffff,,,
8796d2630ffffff,,,
8796d6808ffffff,,,
8796d2391ffffff,,,
876ac5b22ffffff,,,
876ad1921ffffff,,,
876af165affffff,,,
8796d6055ffffff,,,
876ad3783ffffff,,,
876ae3246ffffff,,,
876ade172ffffff,,,
876ad116effffff,,,
876ac6574ffffff,,,
876ac2d5affffff,,,
876af024affffff,,,
876ada4aeffffff,,,
876ac4712ffffff,,,
876aee892ffffff,,,
876ac28b0ffffff,,,
876ac6a1effffff,,,
876ac0745ffffff,,,
876ac4409ffffff,,,
876ade925ffffff,,,
8796d2adaffffff,,,
876ad0208ffffff,,,
876ac626bffffff,,,
8796d679effffff,,,
8796d3596ffffff,,,
8796d04c5ffffff,,,
876ad3719ffffff,,,
876ac5305ffffff,,,
876ad1104ffffff,,,
876aded65ffffff,,,
876ac2cf0ffffff,,,
876ac4b52ffffff,,,
876ad32d9ffffff,,,
8796d3d49ffffff,,,
876ac69b4ffffff,,,
876ade5b2ffffff,,,
8796d0085ffffff,,,
8796d0c0effffff,,,
8796d2a70ffffff,,,
876ac6201ffffff,,,
876ad3a8cffffff,,,
8796d635effffff,,,
8796d6734ffffff,,,
876ad1c2affffff,,,
8796d045bffffff,,,
8796d269affffff,,,
876ad184dffffff,,,
876ad109affffff,,,
8796d396cffffff,,,
876ac2c86ffffff,,,
876ac4ae8ffffff,,,
876ac694affffff,,,
8796d6b11ffffff,,,
876ad2749ffffff,,,
876ade548ffffff,,,
876ac24d3ffffff,,,
876ac4335ffffff,,,
876ada518ffffff,0.020000000000005822,2026-07,valid
8796d2a06ffffff,,,
876aee452ffffff,,,
876ae2653ffffff,,,
876ac291affffff,,,
8796d66caffffff,,,
876af3b31ffffff,,,
8796d2253ffffff,,,
876af151cffffff,,,
876ad3645ffffff,,,
876ac6d91ffffff,,,
8796d3600ffffff,,,
876ad1030ffffff,,,
8796d3902ffffff,,,
876aeec05ffffff,,,
876adec91ffffff,,,
876ac2c1cffffff,,,
876ac68e0ffffff,,,
876ade4deffffff,,,
876ac2469ffffff,,,
876ac42cbffffff,,,
8796d299cffffff,,,
876ad00caffffff,,,
876ac612dffffff,,,
876ad3343ffffff,,,
8796d6660ffffff,,,
8796d3db3ffffff,,,
876ad14e1ffffff,,,
876af121affffff,,,
876ac56e2ffffff,,,
876af14b2ffffff,,,
8796d3898ffffff,,,
876ac0d50ffffff,,,
876ac2bb2ffffff,,,
876ac4a14ffffff,,,
8796d30e5ffffff,,,
876ad3af6ffffff,,,
876ac6876ffffff,,,
876ad2675ffffff,,,
876ade474ffffff,,,
876ad1c94ffffff,,,
876ac059dffffff,,,
8796d2704ffffff,,,
876ac4261ffffff,,,
8796d2932ffffff,,,
876ac4033ffffff,,,
876ad0060ffffff,,,
876ac60c3ffffff,,,
876af3a5dffffff,,,
876ac5910ffffff,,,
876af1448ffffff,,,
876ad3571ffffff,,,
876ac6648ffffff,,,
876ada582ffffff,0.01000000000000582,2026-07,valid
876ac515dffffff,,,
8796d382effffff,,,
876adcd5bffffff,,,
876ac0ce6ffffff,,,
876ac2984ffffff,,,
876ac2b48ffffff,,,
876ac49aaffffff,,,
876ac0b22ffffff,,,
876ac680cffffff,,,
876adc5a8ffffff,,,
876ad260bffffff,,,
876ade40affffff,,,
876ac0533ffffff,,,
876ac2395ffffff,,,
8796d28c8ffffff,,,
8796d366affffff,,,
876adad35ffffff,,,
876ac6059ffffff,,,
876ad5b1cffffff,,,
8796d02b3ffffff,,,
8796d2115ffffff,,,
876ac58a6ffffff,,,
876ad16a5ffffff,,,
876af3240ffffff,,,
876ad5369ffffff,,,
876ac50f3ffffff,,,
876adccf1ffffff,,,
876ad33adffffff,,,
876ac2adeffffff,,,
876ac4940ffffff,,,
8796d3011ffffff,,,
876ad154bffffff,,,
876af1284ffffff,,,
876ac67a2ffffff,,,
876ac04c9ffffff,,,
876ac232bffffff,,,
876ac418dffffff,,,
8796d285effffff,,,
876ad5ab2ffffff,,,
876ad3b60ffffff,,,
8796d20abffffff,,,
876af1374ffffff,,,
876ad349dffffff,,,
876ac5089ffffff,,,
8796d375affffff,,,
8796d276effffff,,,
876ac409dffffff,,,
876ac0c12ffffff,,,
876ac2a74ffffff,,,
876aee5acffffff,,,
876ac48d6ffffff,,,
876adc4d4ffffff,,,
8796d6c6bffffff,,,
876ac4123ffffff,,,
876adc44effffff,,,
876ac66b2ffffff,,,
876ad1d84ffffff,,,
876ad5a48ffffff,,,
876ac4850ffffff,,,
876aee526ffffff,,,
876ae36a9ffffff,,,
8796d2041ffffff,,,
876af130affffff,,,
876ad3433ffffff,,,
876ac0b8cffffff,,,
876ad5295ffffff,,,
876aeecf5ffffff,,,
8796d36f0ffffff,,,
876adcc1dffffff,,,
876adcc01ffffff,,,
8796d36d4ffffff,,,
876ac0ba8ffffff,,,
876ac2a0affffff,,,
876ac5003ffffff,,,
876aeecd9ffffff,,,
876aee542ffffff,,,
876ac486cffffff,,,
876ad066bffffff,,,
876ac66ceffffff,,,
876adc46affffff,,,
8796d278affffff,,,
876ad1d1affffff,,,
876af1a53ffffff,,,
8796d644effffff,,,
876ad15b5ffffff,,,
876af12eeffffff,,,
876ac57b6ffffff,,,
8796d2025ffffff,,,
876af12a0ffffff,,,
876ae368dffffff,,,
876ad522bffffff,,,
876aeec8bffffff,,,
8796d3686ffffff,,,
876ad5a2cffffff,,,
876ac29a0ffffff,,,
876ae26d9ffffff,,,
876aee4d8ffffff,,,
876ac4802ffffff,,,
876af1aa1ffffff,,,
876ad1d68ffffff,,,
876ada59effffff,,,
876ad0601ffffff,,,
876ac6664ffffff,,,
876adc400ffffff,,,
8796d2720ffffff,,,
8796d4582ffffff,,,
876ad1cb0ffffff,,,
876ac0443ffffff,,,
876ad3b12ffffff,,,
876ad5974ffffff,,,
876af1236ffffff,,,
876ac671cffffff,,,
876aeec21ffffff,,,
8796d361cffffff,,,
876ac6dadffffff,,,
876aee590ffffff,,,
876ade9abffffff,0.02999999999999418,2026-07,valid
876ae2791ffffff,,,
876ac2a58ffffff,,,
876ac0ad4ffffff,,,
876ac2936ffffff,,,
876ac4798ffffff,,,
876ada534ffffff,,,
8796d6b2dffffff,,,
876adcc6bffffff,,,
876ac2183ffffff,,,
8796d26b6ffffff,,,
876ac506dffffff,,,
876ad1c46ffffff,,,
876aeed43ffffff,,,
876ad3aa8ffffff,,,
8796d00a1ffffff,,,
876ac5694ffffff,0.33486126472992683,2026-06,valid
876ad1493ffffff,,,
8796d3d65ffffff,,,
876ad32f5ffffff,,,
876ad52e3ffffff,,,
8796d35b2ffffff,,,
876ad3481ffffff,,,
876ac6d43ffffff,,,
876af1358ffffff,,,
876ac5820ffffff,,,
876ade941ffffff,,,
876ac28ccffffff,,,
876aee404ffffff,,,
8796d022dffffff,,,
876ac472effffff,,,
876ac6590ffffff,,,
876ad5a96ffffff,,,
876ade18effffff,,,
8796d6ac3ffffff,,,
876ac2119ffffff,,,
876af396dffffff,,,
8796d264cffffff,,,
8796d44aeffffff,,,
876af1b0bffffff,,,
8796d6310ffffff,,,
8796d2842ffffff,,,
876ad1429ffffff,,,
876ac4171ffffff,,,
876ad328bffffff,,,
876adac13ffffff,,,
8796d3548ffffff,,,
876ac04adffffff,,,
876ac6cd9ffffff,,,
876ac0a00ffffff,,,
876adc522ffffff,,,
876ac2862ffffff,,,
876ac6786ffffff,,,
876ad0723ffffff,,,
876ac46c4ffffff,,,
876ac4924ffffff,,,
8796d2d95ffffff,0.019307830812835148,2026-07,valid
876ac6526ffffff,,,
876ac2ac2ffffff,,,
876ade124ffffff,,,
8796d6a59ffffff,,,
876ac0c60ffffff,,,
8796d0780ffffff,,,
876ac5d73ffffff,,,
876ad1b72ffffff,,,
8796d62a6ffffff,,,
876adccd5ffffff,,,
8796d37a8ffffff,,,
8796d3c91ffffff,,,
876ad3221ffffff,,,
876aeedadffffff,,,
8796d34deffffff,,,
876ade86dffffff,,,
876ac0996ffffff,,,
876ad534dffffff,,,
876ac465affffff,,,
8796d2d2bffffff,,,
876ad34ebffffff,,,
876ad1689ffffff,,,
876ac2045ffffff,,,
8796d0716ffffff,,,
876ac588affffff,,,
876ac5d09ffffff,,,
876ad1b08ffffff,,,
876ad396affffff,,,
876ac5556ffffff,,,
876ad5b00ffffff,,,
876ad1355ffffff,,,
876af108effffff,,,
876ac4da3ffffff,,,
8796d3474ffffff,,,
876af1b75ffffff,,,
876ac6c05ffffff,,,
876adc9a1ffffff,,,
8796d28acffffff,,,
876ade803ffffff,,,
876ac092cffffff,,,
876ac278effffff,,,
8796d2cc1ffffff,,,
876ac6452ffffff,,,
876ade050ffffff,,,
8796d6985ffffff,,,
8796d06acffffff,,,
8796d250effffff,,,
876ad1a9effffff,,,
876adc58cffffff,,,
876ad3900ffffff,,,
876ad5762ffffff,,,
876ac498effffff,,,
876ac54ecffffff,,,
876ad12ebffffff,,,
876ac2b2cffffff,,,
876ad314dffffff,,,
876ac0ccaffffff,,,
8796d340affffff,,,
876ac6b9bffffff,,,
876adeba1ffffff,,,
876ac08c2ffffff,,,
876ac2724ffffff,,,
876ac4586ffffff,,,
8796d3812ffffff,,,
876ad0385ffffff,,,
879689248ffffff,,,
876ac5141ffffff,,,
876adc184ffffff,,,
8796d691bffffff,,,
8796d0642ffffff,,,
8796d24a4ffffff,0.009999999999976717,2026-07,valid
876ac5c35ffffff,,,
876ad1a34ffffff,,,
876af176dffffff,,,
8796d6168ffffff,,,
876ae3359ffffff,,,
876ad3555ffffff,,,
876af328effffff,,,
876ac5482ffffff,,,
876af142cffffff,,,
876ad16f3ffffff,,,
876ad1281ffffff,,,
876ac58f4ffffff,,,
8796d2163ffffff,,,
876ad30e3ffffff,,,
876ad0aceffffff,,,
8796d33a0ffffff,,,
876ac6b31ffffff,,,
876ad5b6affffff,,,
876ac0858ffffff,,,
876af3a41ffffff,,,
8796d0d8bffffff,,,
876ac451cffffff,,,
876ad031bffffff,,,
876adc11affffff,,,
8796d68b1ffffff,,,
876ac00a5ffffff,,,
876ad0044ffffff,,,
8796d2916ffffff,,,
876ac4245ffffff,,,
876af1703ffffff,,,
876ad382cffffff,,,
876ad568effffff,,,
876ac5418ffffff,,,
876ac0581ffffff,,,
876ac4c65ffffff,,,
876ade458ffffff,,,
876ad0a64ffffff,,,
876ad2659ffffff,,,
876ac685affffff,,,
8796d30c9ffffff,,,
876ac2650ffffff,,,
876ac44b2ffffff,,,
876ac2b96ffffff,,,
8796d2b83ffffff,,,
876ad02b1ffffff,,,
876ac6314ffffff,,,
876ac0d34ffffff,,,
876adc0b0ffffff,,,
8796d056effffff,,,
876ac5b61ffffff,,,
876ad1960ffffff,,,
876adec0bffffff,,,
876af1699ffffff,,,
8796d6094ffffff,,,
876ad5624ffffff,,,
876adcda9ffffff,,,
876ae3285ffffff,,,
876ac53aeffffff,,,
876ac51abffffff,,,
876ad11adffffff,,,
876ac2d99ffffff,,,
876ac6a5dffffff,,,
876ac0784ffffff,,,
876ac4448ffffff,,,
8796d2b19ffffff,,,
876ac62aaffffff,,,
8796d0504ffffff,,,
876af1496ffffff,,,
876ad175dffffff,,,
8796d2366ffffff,,,
876ac595effffff,,,
876ad18f6ffffff,,,
8796d602affffff,,,
876ad3758ffffff,,,
876ae321bffffff,,,
876ad1143ffffff,,,
876adeda4ffffff,,,
876ac4b91ffffff,,,
876af3aabffffff,,,
8796d6644ffffff,,,
876ac071affffff,,,
876ac6111ffffff,,,
8796d2980ffffff,,,
876ac6240ffffff,,,
8796d6773ffffff,,,
876ac244dffffff,,,
8796d049affffff,,,
876ac5a8dffffff,,,
876ad188cffffff,,,
876ad36eeffffff,,,
876ade4c2ffffff,,,
876ad10d9ffffff,,,
876ac68c4ffffff,,,
8796d3133ffffff,,,
8796d39abffffff,,,
876ac4a62ffffff,,,
876ac2cc5ffffff,,,
876ac2c00ffffff,,,
876ac6989ffffff,,,
876ac0d9effffff,,,
876ac06b0ffffff,,,
876ac2512ffffff,,,
876adec75ffffff,,,
876ac4374ffffff,,,
8796d2a45ffffff,,,
8796d6709ffffff,,,
876af3b70ffffff,,,
8796d38e6ffffff,,,
876ad1014ffffff,,,
8796d0430ffffff,,,
8796d2292ffffff,,,
876ac5a23ffffff,,,
876ad1822ffffff,,,
876af155bffffff,,,
876ad3684ffffff,,,
8796d3941ffffff,,,
876ad3629ffffff,,,
876adecd0ffffff,,,
876ac2c5bffffff,,,
8796d318effffff,,,
876af1500ffffff,,,
876ade51dffffff,,,
876ac24a8ffffff,,,
876ac430affffff,,,
876ac616cffffff,,,
876af3b06ffffff,,,
8796d2228ffffff,,,
876af14f1ffffff,,,
876ad361affffff,,,
876af3b15ffffff,,,
8796d66aeffffff,,,
876ad1005ffffff,,,
876ac4319ffffff,,,
876adec66ffffff,,,
876ac4a53ffffff,,,
8796d3124ffffff,,,
876ac68b5ffffff,,,
876ade4b3ffffff,,,
876ac42a0ffffff,,,
8796d2971ffffff,,,
876ade52cffffff,,,
876ac6102ffffff,,,
8796d6635ffffff,,,
876ac692effffff,,,
8796d319dffffff,,,
876ac4accffffff,,,
876ad174effffff,,,
876ac2c6affffff,,,
876af32e9ffffff,,,
876ad35b0ffffff,,,
876ac519cffffff,,,
876adcd9affffff,,,
876ac0d25ffffff,,,
876ac684bffffff,,,
876ad264affffff,,,
8796d3950ffffff,,,
876ac0572ffffff,,,
876ac4236ffffff,,,
876ad0035ffffff,,,
876ac6098ffffff,,,
876af3a32ffffff,,,
876ad5b5bffffff,,,
8796d02f2ffffff,,,
8796d2154ffffff,,,
876ac58e5ffffff,,,
876ad3693ffffff,,,
876ad16e4ffffff,,,
876af141dffffff,,,
876ad3546ffffff,,,
876af156affffff,,,
876ad1831ffffff,,,
876ad53a8ffffff,,,
876ac5a32ffffff,,,
8796d22a1ffffff,,,
876ac5132ffffff,,,
8796d3803ffffff,,,
876adcd30ffffff,,,
876adeb92ffffff,,,
876ac2b1dffffff,,,
8796d3050ffffff,,,
876ac0508ffffff,,,
8796d6718ffffff,,,
8796d289dffffff,,,
876ac602effffff,,,
876af1b66ffffff,,,
8796d2a54ffffff,,,
876ad5af1ffffff,,,
876ac4383ffffff,,,
8796d0288ffffff,,,
8796d20eaffffff,,,
876ac2521ffffff,,,
876af13b3ffffff,,,
876ad34dcffffff,,,
876aeed9effffff,,,
876ac50c8ffffff,,,
8796d3799ffffff,,,
876ade596ffffff,,,
876adccc6ffffff,,,
876adc734ffffff,,,
876ac0c51ffffff,,,
876ac6998ffffff,,,
876ac2ab3ffffff,,,
876ac4915ffffff,,,
876ac4b36ffffff,,,
876adc513ffffff,,,
876ac2cd4ffffff,,,
876ac049effffff,,,
876ac2300ffffff,,,
876ac4162ffffff,,,
8796d2833ffffff,,,
876af395effffff,,,
876aded49ffffff,,,
8796d021effffff,,,
876ae36e8ffffff,,,
8796d2080ffffff,,,
876ac5811ffffff,,,
876ad1610ffffff,,,
876ad10e8ffffff,,,
876af1349ffffff,,,
876ad3472ffffff,,,
876ad52d4ffffff,,,
876aeed34ffffff,,,
876ac505effffff,,,
876adcc5cffffff,,,
876ac2a49ffffff,,,
876ae2782ffffff,,,
876aee581ffffff,,,
876ac48abffffff,,,
876ac670dffffff,,,
876adc4a9ffffff,,,
876ad189bffffff,,,
876ac5a9cffffff,,,
876ac0434ffffff,,,
8796d230bffffff,,,
876ac2296ffffff,,,
876ad1d59ffffff,,,
8796d04a9ffffff,,,
876af1a92ffffff,,,
876ad5a1dffffff,,,
8796d01b4ffffff,,,
8796d2016ffffff,,,
876ad15a6ffffff,,,
8796d6782ffffff,,,
876ad3408ffffff,,,
876ad526affffff,,,
876aeeccaffffff,,,
876adad90ffffff,,,
8796d36c5ffffff,,,
876ac4841ffffff,,,
8796d0c5cffffff,,,
876ad0640ffffff,,,
876ac66a3ffffff,,,
876ac258bffffff,,,
876ac0729ffffff,,,
876ac408effffff,,,
876af1a28ffffff,,,
876ad3b51ffffff,,,
876ac6a02ffffff,,,
876ac4ba0ffffff,,,
876af1275ffffff,,,
876ad339effffff,,,
876ad5200ffffff,,,
876aeec60ffffff,,,
876adad26ffffff,,,
8796d365bffffff,,,
876adedb3ffffff,,,
876ac0b13ffffff,,,
876ac2975ffffff,,,
876aee4adffffff,,,
876ada573ffffff,,,
876ad1152ffffff,,,
876ac4024ffffff,,,
876ae322affffff,,,
8796d26f5ffffff,,,
876ad1c85ffffff,,,
876ad5949ffffff,,,
8796d00e0ffffff,,,
876af120bffffff,,,
876ad14d2ffffff,,,
8796d3da4ffffff,,,
876ad3334ffffff,,,
876ad1905ffffff,,,
876ac5b06ffffff,,,
8796d2375ffffff,,,
876ac6d82ffffff,,,
8796d0513ffffff,,,
876ade980ffffff,,,
876ac0aa9ffffff,,,
876ac290bffffff,,,
876ac476dffffff,,,
876ada509ffffff,,,
8796d6b02ffffff,,,
876ac2158ffffff,,,
876ad0256ffffff,,,
8796d2b28ffffff,,,
8796d268bffffff,,,
876ad1c1bffffff,,,
8796d0cc6ffffff,,,
876ac0793ffffff,,,
876ad1468ffffff,,,
876ad32caffffff,,,
876adc808ffffff,,,
876ac6a6cffffff,,,
876ad0a09ffffff,,,
876ac4c0affffff,,,
876adac52ffffff,,,
876ac6d18ffffff,,,
876ac2da8ffffff,,,
876ade916ffffff,,,
876ac28a1ffffff,,,
876ac4703ffffff,,,
876ac6565ffffff,,,
876ade163ffffff,,,
8796d6a98ffffff,,,
876ac20eeffffff,,,
8796d2621ffffff,,,
876ad301effffff,,,
876ac5db2ffffff,,,
876ad1bb1ffffff,,,
8796d4483ffffff,,,
8796d62e5ffffff,,,
876ad3a13ffffff,,,
876ae3294ffffff,,,
8796d000cffffff,,,
876ae34d6ffffff,,,
8796d3cd0ffffff,,,
876ad3260ffffff,,,
876ad5633ffffff,,,
8796d351dffffff,,,
8796d60a3ffffff,,,
876ac6caeffffff,,,
876af16a8ffffff,,,
876ac5b70ffffff,,,
876ade8acffffff,,,
876ac4699ffffff,,,
876ada435ffffff,,,
8796d2d6affffff,,,
87968935bffffff,,,
8796d6a2effffff,,,
876ac2084ffffff,,,
8796d0755ffffff,,,
876ac5d48ffffff,,,
876ac004affffff,,,
8796d6856ffffff,,,
876ad39a9ffffff,,,
876ac5595ffffff,,,
876ad1394ffffff,,,
876af10cdffffff,,,
876ac6323ffffff,,,
876ad02c0ffffff,,,
8796d2b92ffffff,,,
8796d3c66ffffff,,,
876ac44c1ffffff,,,
876ad5058ffffff,,,
8796d34b3ffffff,,,
876ac6c44ffffff,,,
876ade842ffffff,,,
876ac096bffffff,,,
8796d2d00ffffff,,,
876ac6491ffffff,,,
8796892f1ffffff,,,
876ac6ad6ffffff,,,
876ad0a73ffffff,,,
876ac4c74ffffff,,,
876ad2290ffffff,,,
876ac201affffff,,,
8796d06ebffffff,,,
8796d254dffffff,,,
876ac5cdeffffff,,,
876ad1addffffff,,,
8796d6211ffffff,,,
876ad57a1ffffff,,,
876ae3402ffffff,,,
876ac552bffffff,,,
876ad3088ffffff,,,
876ad132affffff,,,
876af1063ffffff,,,
876ad1226ffffff,,,
876ad318cffffff,,,
8796d3449ffffff,,,
876adc976ffffff,,,
876ac0901ffffff,,,
876ac2763ffffff,,,
8796d2c96ffffff,,,
876ade025ffffff,,,
8796d695affffff,,,
876ac014effffff,,,
876ad569dffffff,,,
8796d0681ffffff,,,
8796d24e3ffffff,,,
876ac5c74ffffff,,,
8796d610dffffff,,,
876ad1a73ffffff,,,
876af17acffffff,,,
876ad38d5ffffff,,,
876af1712ffffff,,,
8796d2449ffffff,,,
876ac54c1ffffff,,,
876ad12c0ffffff,,,
876ad3122ffffff,,,
876ac4d0effffff,,,
876ac6b70ffffff,,,
876ac00b4ffffff,,,
8796d68c0ffffff,,,
876ac455bffffff,,,
8796d2c2cffffff,,,
876ad035affffff,,,
87968921dffffff,,,
876ac638dffffff,,,
876ad032affffff,,,
8796d68f0ffffff,,,
876ac452bffffff,,,
876ac00e4ffffff,,,
8796d0d9affffff,,,
876ae3ae1ffffff,,,
876ac26c9ffffff,,,
876ac5c0affffff,,,
876ad1a09ffffff,,,
876af1742ffffff,,,
876ad386bffffff,,,
876ad56cdffffff,,,
876ae332effffff,,,
876ad1256ffffff,,,
876ac6b40ffffff,,,
876ad0addffffff,,,
876ac4cdeffffff,,,
876ac4ca4ffffff,,,
876ac6b06ffffff,,,
876adc8a2ffffff,,,
876ac082dffffff,,,
876ac44f1ffffff,,,
876ad02f0ffffff,,,
876ac6353ffffff,,,
876ad30f2ffffff,,,
8796d6886ffffff,,,
8796d05adffffff,,,
876ac5ba0ffffff,,,
876ad1290ffffff,,,
876af16d8ffffff,,,
876ac5491ffffff,,,
8796d60d3ffffff,,,
876ad3801ffffff,,,
876ad5663ffffff,,,
876ae3368ffffff,,,
876ae32c4ffffff,,,
876ad304effffff,,,
876ac6a9cffffff,,,
876ad38a5ffffff,,,
876ade69affffff,,,
876ac2625ffffff,,,
8796d0cf6ffffff,,,
876ad1a43ffffff,,,
8796d2b58ffffff,,,
876ac5c44ffffff,,,
8796d24b3ffffff,,,
876ad0286ffffff,,,
876ac62e9ffffff,,,
876adc085ffffff,,,
8796d0651ffffff,,,
8796d681cffffff,,,
876ac0010ffffff,,,
8796d0543ffffff,,,
876ae3a0dffffff,,,
876ac011effffff,,,
8796d23a5ffffff,,,
876ac5b36ffffff,,,
8796d692affffff,,,
876af166effffff,,,
876ad1935ffffff,,,
876adc193ffffff,,,
8796d6069ffffff,,,
876ad0394ffffff,,,
8796d2c66ffffff,,,
876ac4595ffffff,,,
876ae325affffff,,,
876ad1182ffffff,,,
876ac2733ffffff,,,
876ac2d6effffff,,,
876aee8a6ffffff,,,
876ac08d1ffffff,,,
876ac6a32ffffff,,,
876adc946ffffff,,,
876ac6baaffffff,,,
8796d3419ffffff,,,
876ac0759ffffff,,,
876ac4d48ffffff,,,
8796d0c8cffffff,,,
876ac441dffffff,,,
8796d2aeeffffff,,,
876ad021cffffff,,,
8796d67b2ffffff,0.020009427801128257,2026-07,valid
8796d04d9ffffff,,,
876ad18cbffffff,,,
876af1604ffffff,,,
876ad372dffffff,,,
876ad315cffffff,,,
876ad1118ffffff,,,
876ac2d04ffffff,,,
876ac4b66ffffff,,,
876ac2551ffffff,,,
876ad5771ffffff,,,
876ac43b3ffffff,,,
8796d2a84ffffff,,,
876ac6215ffffff,,,
8796d6748ffffff,,,
876ad1aadffffff,,,
876ac5caeffffff,,,
8796d251dffffff,,,
8796d22d1ffffff,,,
876ad1861ffffff,,,
876af159affffff,,,
876ad36c3ffffff,,,
876ad10aeffffff,,,
8796d3980ffffff,,,
876ac0188ffffff,,,
876ac2c9affffff,,,
8796d6994ffffff,0.030000000000046566,2026-07,valid
876ac695effffff,,,
876ad275dffffff,,,
876ade55cffffff,,,
8796892c1ffffff,,,
876ac6461ffffff,,,
8796d2cd0ffffff,,,
876ac0685ffffff,,,
876ac4349ffffff,,,
8796d2a1affffff,,,
876ad0148ffffff,,,
876ae24d6ffffff,,,
876ac279dffffff,,,
876ac61abffffff,,,
8796d66deffffff,,,
876af3b45ffffff,,,
876ade812ffffff,,,
8796d0405ffffff,,,
876adc9b0ffffff,,,
876ac6c14ffffff,,,
8796d3483ffffff,,,
876ac4db2ffffff,,,
876af1530ffffff,,,
876ad3659ffffff,,,
876ad1044ffffff,,,
8796d3916ffffff,,,
876adeca5ffffff,,,
876ac2c30ffffff,,,
876ac4a92ffffff,,,
8796d3163ffffff,,,
876ac68f4ffffff,,,
876ade4f2ffffff,,,
876ac061bffffff,,,
8796d3c36ffffff,,,
876af109dffffff,,,
876ad1364ffffff,,,
876ac5565ffffff,,,
8796d29b0ffffff,,,
876ad00deffffff,,,
876ac6141ffffff,,,
8796d6674ffffff,,,
8796d039bffffff,,,
876ac598effffff,,,
876ad178dffffff,,,
876af14c6ffffff,,,
8796d624bffffff,,,
8796d38acffffff,,,
876ac5d18ffffff,,,
876ac0d64ffffff,,,
876ac4a28ffffff,,,
876ac688affffff,,,
8796d0725ffffff,,,
876ade488ffffff,,,
876ac2054ffffff,,,
876ac05b1ffffff,,,
876ac2413ffffff,,,
876ac4275ffffff,,,
8796d2946ffffff,,,
876ad0074ffffff,,,
8796d660affffff,,,
876af3a71ffffff,,,
876ad22caffffff,,,
876ad5b9affffff,,,
876ac64cbffffff,,,
876ada405ffffff,,,
876ac4669ffffff,0.07097443752084821,2026-02,valid
8796d2193ffffff,,,
876ac5924ffffff,,,
876ad1723ffffff,,,
876af145cffffff,,,
876ad3585ffffff,,,
876ac09a5ffffff,,,
876ac5171ffffff,,,
8796d3842ffffff,,,
876ac2b5cffffff,,,
876ac6820ffffff,,,
876ade41effffff,,,
8796d34edffffff,,,
876ac23a9ffffff,,,
876ac420bffffff,,,
8796d28dcffffff,,,
876ad000affffff,,,
876ac606dffffff,,,
876ad3cceffffff,,,
876ad5b30ffffff,,,
8796d2129ffffff,,,
876af3254ffffff,,,
876ad351bffffff,,,
876ad3230ffffff,,,
8796d3ca0ffffff,,,
876adcd05ffffff,,,
876ac0c90ffffff,,,
876ac2af2ffffff,,,
876ac4954ffffff,,,
876ad0753ffffff,,,
8796d3025ffffff,,,
876ae34a6ffffff,,,
876ac67b6ffffff,,,
876adc552ffffff,,,
876ac04ddffffff,,,
876ad5845ffffff,,,
876ac41a1ffffff,,,
8796d2872ffffff,,,
8796d62b5ffffff,,,
876ac6003ffffff,,,
876ad1b81ffffff,,,
876ac5d82ffffff,,,
876ad5ac6ffffff,,,
8796d025dffffff,,,
876ac5850ffffff,,,
876af1388ffffff,,,
876ad34b1ffffff,,,
876ad5313ffffff,,,
876aeed73ffffff,,,
876ac509dffffff,,,
8796d376effffff,,,
876adcc9bffffff,,,
876ac0c26ffffff,,,
876ac2a88ffffff,,,
876ade133ffffff,,,
876ac48eaffffff,,,
876ad06e9ffffff,,,
876ac674cffffff,,,
876ac6535ffffff,,,
8796d2da4ffffff,,,
876ac46d3ffffff,,,
876ac2871ffffff,,,
876ac0473ffffff,,,
8796d2808ffffff,,,
876af1ad1ffffff,,,
876ade8e6ffffff,,,
876ad1d98ffffff,,,
8796d64ccffffff,,,
876ad5a5cffffff,,,
876ac6ce8ffffff,,,
876adac22ffffff,,,
8796d2055ffffff,,,
876af131effffff,,,
876ad52a9ffffff,,,
876aeed09ffffff,,,
876ac5033ffffff,,,
8796d3704ffffff,,,
876adcc31ffffff,,,
876ac2a1effffff,,,
876aee556ffffff,,,
876ac4880ffffff,,,
876ad329affffff,,,
876ac66e2ffffff,,,
8796d3d0affffff,,,
876ac0409ffffff,,,
876ac40cdffffff,,,
8796d279effffff,,,
876ad1d2effffff,,,
8796d0046ffffff,,,
8796d6462ffffff,,,
876ad3b90ffffff,,,
8796d0189ffffff,,,
876ae3653ffffff,,,
876af12b4ffffff,,,
8796d369affffff,,,
876ad3a4dffffff,,,
876ac0b52ffffff,,,
876ac29b4ffffff,,,
876ae26edffffff,,,
876aee4ecffffff,,,
8796d265bffffff,,,
876ac4816ffffff,,,
876ada5b2ffffff,,,
876adc414ffffff,,,
876ac2128ffffff,,,
8796d6babffffff,,,
876ac4063ffffff,,,
8796d2734ffffff,,,
8796d6ad2ffffff,,,
876ade19dffffff,,,
876ad239effffff,,,
876ad1cc4ffffff,,,
8796d4596ffffff,,,
876ad3b26ffffff,,,
876ac5712ffffff,,,
876aee413ffffff,,,
876af124affffff,,,
876ad1511ffffff,,,
876ad3373ffffff,,,
876ac28dbffffff,,,
876aeec35ffffff,,,
8796d3630ffffff,,,
876ade950ffffff,,,
876ac294affffff,,,
876ae2683ffffff,,,
876ac6d52ffffff,,,
876adac8cffffff,,,
876aee482ffffff,,,
876ac47acffffff,,,
876ac660effffff,,,
8796d26caffffff,,,
876ad1c5affffff,,,
8796d638effffff,,,
876ad3304ffffff,,,
8796d00b5ffffff,,,
876ac56a8ffffff,,,
8796d3d74ffffff,,,
876ad14a2ffffff,,,
876ac56a3ffffff,,,
876ad3309ffffff,,,
876ad516bffffff,,,
876adac91ffffff,,,
8796d00b0ffffff,,,
876ade955ffffff,,,
876ac28e0ffffff,,,
876ae2619ffffff,,,
876aee418ffffff,,,
876ac4742ffffff,,,
8796d6389ffffff,,,
876ac65a4ffffff,,,
876ad1c55ffffff,,,
876ade1a2ffffff,,,
8796d26c5ffffff,,,
876ac212dffffff,,,
8796d2660ffffff,,,
876ac2192ffffff,,,
8796d6324ffffff,,,
876ad3a52ffffff,,,
8796d004bffffff,,,
8796d355cffffff,,,
876ac6cedffffff,,,
876ac6609ffffff,,,
876ade8ebffffff,,,
876ac0a14ffffff,,,
876ac2876ffffff,,,
876ac46d8ffffff,,,
876ac2945ffffff,,,
8796d2da9ffffff,,,
876ac0ae3ffffff,,,
876ac20c3ffffff,,,
8796d0794ffffff,,,
876ad1b86ffffff,,,
8796d362bffffff,,,
876adacf6ffffff,0.12999999999999418,2026-07,valid
876ad584affffff,,,
876aeec30ffffff,,,
876ae34abffffff,,,
8796d3ca5ffffff,,,
876ad3235ffffff,,,
8796d34f2ffffff,,,
876ac6c83ffffff,,,
876ade881ffffff,,,
876ac09aaffffff,,,
876ac280cffffff,,,
876ad336effffff,,,
876ac466effffff,,,
876ad150cffffff,,,
876af1245ffffff,,,
876ad046dffffff,,,
876ac570dffffff,,,
876ac64d0ffffff,,,
876ade0ceffffff,,,
8796d6a03ffffff,,,
876ac2059ffffff,,,
8796d072affffff,,,
8796d258cffffff,0.029999999999976715,2026-07,valid
876ac5d1dffffff,,,
876ad1b1cffffff,,,
8796d6250ffffff,,,
876ad3b21ffffff,,,
876ac556affffff,,,
8796d4591ffffff,,,
876ad1369ffffff,,,
876af10a2ffffff,,,
876ac405effffff,,,
8796d3488ffffff,,,
876ac6c19ffffff,,,
876adc9b5ffffff,,,
876ac0940ffffff,,,
876ac27a2ffffff,,,
876ae24dbffffff,,,
876ac039affffff,,,
876ac4604ffffff,,,
8796d2cd5ffffff,,,
8796d6ba6ffffff,,,
876ac6466ffffff,,,
8796892c6ffffff,,,
876ac6673ffffff,,,
876ada5adffffff,,,
876ac4811ffffff,,,
876ade064ffffff,,,
8796d6999ffffff,,,
876ac018dffffff,,,
876ae26e8ffffff,,,
8796d06c0ffffff,,,
8796d2522ffffff,,,
876ac5cb3ffffff,,,
876ac0b4dffffff,0.04175486980290244,2026-06,valid
876ad1ab2ffffff,,,
876ad3914ffffff,,,
876ad5776ffffff,,,
876ac5500ffffff,,,
876ad3161ffffff,,,
8796d3695ffffff,,,
876ac4d4dffffff,,,
876ad0b4cffffff,,,
8796d341effffff,,,
876aeec9affffff,,,
876ac08d6ffffff,,,
876ac459affffff,,,
8796d2c6bffffff,,,
876ad0399ffffff,,,
87968925cffffff,,,
876adc198ffffff,,,
876ac0123ffffff,,,
8796d0656ffffff,,,
876ac5c49ffffff,,,
876ad1576ffffff,,,
876ad1a48ffffff,,,
876af1781ffffff,,,
876ad38aaffffff,,,
876ad570cffffff,,,
876ae336dffffff,,,
876ae364effffff,,,
8796d0184ffffff,,,
876ac5496ffffff,,,
876ad1295ffffff,,,
876ac4ce3ffffff,,,
876ad0ae2ffffff,,,
8796d33b4ffffff,,,
876ac6b45ffffff,,,
876ad3b8bffffff,,,
8796d645dffffff,,,
876af1a62ffffff,,,
876ad1d29ffffff,,,
876ac086cffffff,,,
876ac26ceffffff,,,
8796d2799ffffff,,,
876ac4530ffffff,,,
876ac40c8ffffff,,,
8796d2c01ffffff,,,
876ac6392ffffff,,,
876adc12effffff,,,
8796d68c5ffffff,,,
876ac0404ffffff,,,
8796d244effffff,,,
8796d6112ffffff,,,
876ad3840ffffff,,,
876ad56a2ffffff,,,
876ae3303ffffff,,,
876ac542cffffff,,,
876ac66ddffffff,,,
876ad122bffffff,,,
876ad308dffffff,,,
876ac6adbffffff,,,
876aee551ffffff,,,
876ac2a19ffffff,,,
876ac0802ffffff,,,
876ac2664ffffff,,,
876ac44c6ffffff,,,
876ad02c5ffffff,,,
876ac6328ffffff,,,
876adcc2cffffff,,,
8796d685bffffff,,,
8796d0582ffffff,,,
876ae3a4cffffff,,,
876ac502effffff,,,
876ac5b75ffffff,,,
876aeed04ffffff,,,
876ad1974ffffff,,,
876af16adffffff,,,
8796d60a8ffffff,,,
876ae3299ffffff,,,
876ad3023ffffff,,,
876ad52a4ffffff,,,
876ac2dadffffff,,,
876ad3442ffffff,,,
876ac6a71ffffff,,,
876af1319ffffff,,,
8796d2050ffffff,,,
876ac0798ffffff,,,
8796d0ccbffffff,,,
876ac445cffffff,,,
8796d2b2dffffff,,,
876ad025bffffff,,,
8796d0518ffffff,,,
876ac5b0bffffff,,,
876ad190affffff,,,
876af1643ffffff,,,
876ad376cffffff,,,
876ad1d93ffffff,,,
876af1accffffff,,,
876ac2d43ffffff,,,
8796d2803ffffff,,,
876ac4ba5ffffff,,,
876ac4132ffffff,,,
876ac046effffff,,,
876ac072effffff,,,
876ac2590ffffff,,,
876ae22c9ffffff,,,
8796d2ac3ffffff,,,
876ac6254ffffff,,,
876adc4e3ffffff,,,
876ad06e4ffffff,,,
8796d04aeffffff,,,
876ac48e5ffffff,,,
8796d2310ffffff,,,
876ac5aa1ffffff,,,
876ad18a0ffffff,,,
876ac2a83ffffff,,,
876ad3702ffffff,,,
876ac0c21ffffff,,,
876ad10edffffff,,,
876aded4effffff,,,
876ac2cd9ffffff,,,
876adcc96ffffff,,,
876ac699dffffff,,,
8796d3769ffffff,,,
876ade59bffffff,,,
876ac5098ffffff,,,
876aeed6effffff,,,
876ac2526ffffff,,,
876ac4388ffffff,,,
8796d2a59ffffff,,,
8796d671dffffff,,,
876ad530effffff,,,
8796d0444ffffff,,,
8796d22a6ffffff,,,
876ad1836ffffff,,,
876ad3698ffffff,,,
876ad34acffffff,,,
876af1383ffffff,,,
876ad164affffff,,,
876ad1083ffffff,,,
876ac584bffffff,,,
8796d3955ffffff,,,
876adece4ffffff,,,
8796d0258ffffff,,,
876ac4ad1ffffff,,,
8796d31a2ffffff,,,
876ac6933ffffff,,,
876ad5ac1ffffff,,,
876ade531ffffff,,,
876ac431effffff,,,
876ac6180ffffff,,,
8796d66b3ffffff,,,
8796d286dffffff,,,
876af3b1affffff,,,
876ac419cffffff,,,
876af1505ffffff,,,
876ad362effffff,,,
876ac04d8ffffff,,,
8796d6ce4ffffff,0.010000000000029104,2026-07,valid
876ad1019ffffff,,,
8796d38ebffffff,,,
876ac0da3ffffff,,,
876adc54dffffff,,,
876ac2c05ffffff,,,
876ac67b1ffffff,,,
8796d3020ffffff,,,
876ad074effffff,,,
876ac68c9ffffff,,,
876ac2aedffffff,,,
876ad26c8ffffff,,,
876ac2452ffffff,,,
876ac0c8bffffff,,,
876ac42b4ffffff,,,
8796d2985ffffff,,,
876ac6116ffffff,,,
876adcd00ffffff,,,
8796d6649ffffff,,,
876ac5963ffffff,,,
876ad1762ffffff,,,
876ac5102ffffff,,,
876af149bffffff,,,
876ac51b0ffffff,,,
8796d3881ffffff,,,
876adcdaeffffff,,,
876adec10ffffff,,,
876ac2b9bffffff,,,
8796d30ceffffff,,,
876ad265effffff,,,
876ade45dffffff,,,
876ad3516ffffff,,,
876ac0586ffffff,,,
876ac424affffff,,,
876ad16b4ffffff,,,
8796d291bffffff,,,
876ad0049ffffff,,,
876ac58b5ffffff,,,
8796d2124ffffff,,,
876ac60acffffff,,,
876af3a46ffffff,,,
8796d02c2ffffff,,,
8796d2168ffffff,,,
876af1431ffffff,,,
876ad5b2bffffff,,,
876ad355affffff,,,
876ad3cc9ffffff,,,
876af3a02ffffff,,,
876ac5146ffffff,,,
876adcd44ffffff,,,
876ac6068ffffff,,,
876ad0005ffffff,,,
876adeba6ffffff,,,
876ac2b31ffffff,,,
876ac4206ffffff,,,
876ac4993ffffff,,,
876ac23a4ffffff,,,
876adc591ffffff,,,
876ac0542ffffff,,,
876ac051cffffff,,,
8796d28b1ffffff,,,
8796d6d4effffff,,,
876ac6042ffffff,,,
876ade419ffffff,,,
876ad5b05ffffff,,,
8796d029cffffff,,,
876ac681bffffff,,,
8796d308affffff,,,
876ad168effffff,,,
876af3229ffffff,,,
876ad34f0ffffff,,,
876ad5352ffffff,,,
876aeedb2ffffff,,,
876ac50dcffffff,,,
8796d37adffffff,,,
876ac0cf5ffffff,,,
876adccdaffffff,,,
876ac0c65ffffff,,,
876ac4929ffffff,,,
876ad0728ffffff,,,
876ac678bffffff,,,
876adcd6affffff,,,
876ac04b2ffffff,,,
876ac2314ffffff,,,
876ac4176ffffff,,,
876ac516cffffff,,,
876af3972ffffff,,,
876ad5a9bffffff,,,
8796d0232ffffff,,,
8796d2094ffffff,,,
876ac5825ffffff,,,
876ad1624ffffff,,,
876af135dffffff,,,
876ad3486ffffff,,,
876ad52e8ffffff,,,
876ad3580ffffff,,,
876aeed48ffffff,,,
876ac5072ffffff,,,
876ad171effffff,,,
8796d3743ffffff,,,
876adcc70ffffff,,,
8796d218effffff,,,
876ac2a5dffffff,,,
876ae2796ffffff,,,
876aee595ffffff,,,
876ac6721ffffff,,,
8796d6c54ffffff,,,
876ac0448ffffff,,,
876ac410cffffff,,,
876af3a6cffffff,,,
8796d6605ffffff,,,
876ad1d6dffffff,,,
876af1aa6ffffff,,,
876ac60d2ffffff,,,
876ad5a31ffffff,,,
8796d2941ffffff,,,
876ae3692ffffff,,,
876ac4270ffffff,,,
8796d202affffff,,,
876af12f3ffffff,,,
876ac240effffff,,,
876ad341cffffff,,,
876aeecdeffffff,,,
876ac05acffffff,,,
876ac5008ffffff,,,
876adada4ffffff,,,
8796d36d9ffffff,,,
876ade483ffffff,,,
876adcc06ffffff,,,
876ac0b91ffffff,,,
876ac6885ffffff,,,
8796d30f4ffffff,,,
876aee52bffffff,,,
876ac4a23ffffff,,,
876ac4855ffffff,,,
876ad0654ffffff,,,
876adc453ffffff,,,
876ac40a2ffffff,,,
8796d2773ffffff,,,
876ad1d03ffffff,,,
876ad3b65ffffff,,,
876adec36ffffff,,,
876af1289ffffff,,,
876ad1550ffffff,,,
876ad33b2ffffff,,,
876ad5214ffffff,,,
876aeec74ffffff,,,
876ac2989ffffff,,,
876ae26c2ffffff,,,
876aee4c1ffffff,,,
876ac664dffffff,,,
8796d6b80ffffff,,,
8796d2709ffffff,,,
876af14c1ffffff,,,
876ad1788ffffff,,,
876ac5989ffffff,,,
876ad1c99ffffff,,,
876ad595dffffff,,,
8796d00f4ffffff,,,
8796d0396ffffff,,,
876ad14e6ffffff,,,
876ad3348ffffff,,,
876aeec0affffff,,,
876adacd0ffffff,,,
8796d3605ffffff,,,
876ac6d96ffffff,,,
876ade994ffffff,,,
876ae2658ffffff,,,
876ac4781ffffff,,,
876ada51dffffff,,,
876ad00d9ffffff,,,
8796d29abffffff,,,
876ac42daffffff,,,
8796d6b16ffffff,,,
876ac216cffffff,,,
876ac0616ffffff,,,
8796d6363ffffff,,,
876ade4edffffff,,,
876ad3a91ffffff,,,
876ad26eeffffff,,,
8796d008affffff,,,
8796d315effffff,,,
876ac4a8dffffff,,,
8796d3d4effffff,,,
876ad32deffffff,,,
876ac2c2bffffff,,,
8796d359bffffff,,,
876ac6d2cffffff,,,
876adeca0ffffff,,,
876ade92affffff,,,
876ac0a53ffffff,,,
876ac28b5ffffff,,,
876ada4b3ffffff,,,
8796d3911ffffff,,,
8796d6aacffffff,,,
876ac2102ffffff,,,
8796d2635ffffff,,,
876ae34eaffffff,,,
876ac5613ffffff,,,
876ad1412ffffff,,,
8796d3ce4ffffff,,,
876ad3274ffffff,,,
8796d3531ffffff,,,
876ad3654ffffff,,,
876ac6cc2ffffff,,,
876af152bffffff,,,
876ade8c0ffffff,,,
8796d2262ffffff,,,
876ac284bffffff,,,
876ac46adffffff,,,
8796d0400ffffff,,,
876ade10dffffff,,,
8796d6a42ffffff,,,
876ac2098ffffff,,,
8796d0769ffffff,,,
876af3b40ffffff,,,
8796d66d9ffffff,,,
876ac5d5cffffff,,,
876ad1b5bffffff,,,
876af1cdeffffff,,,
876ac61a6ffffff,,,
876ad0143ffffff,,,
8796d2a15ffffff,,,
876ac4344ffffff,,,
876ae3480ffffff,,,
876ac55a9ffffff,,,
876ad13a8ffffff,,,
876af10e1ffffff,,,
876ac24e2ffffff,,,
876ad320affffff,,,
876ad506cffffff,,,
876ac0680ffffff,,,
876ac6c58ffffff,,,
876ad2758ffffff,,,
876ade856ffffff,,,
876ac6959ffffff,,,
876ac4643ffffff,,,
8796d2d14ffffff,,,
876ac64a5ffffff,,,
876ac2c95ffffff,,,
876ad22a4ffffff,,,
876ade0a3ffffff,,,
876ac202effffff,,,
8796d2561ffffff,,,
876ac5cf2ffffff,,,
876ad1af1ffffff,,,
8796d6225ffffff,,,
876aded0affffff,,,
876ad3953ffffff,,,
876ae3416ffffff,,,
8796d3c10ffffff,,,
876ad10a9ffffff,,,
876ac4d8cffffff,,,
8796d345dffffff,,,
876adc98affffff,,,
876ac0915ffffff,,,
8796d2caaffffff,,,
87968929bffffff,,,
8796d696effffff,,,
876ac0162ffffff,,,
8796d0695ffffff,,,
876ad185cffffff,,,
876ac5c88ffffff,,,
8796d22ccffffff,,,
876ad38e9ffffff,,,
876ad574bffffff,,,
8796d046affffff,,,
876ac54d5ffffff,,,
876ad12d4ffffff,,,
8796d6743ffffff,,,
8796d1591ffffff,,,
876ac4d22ffffff,,,
876ac6b84ffffff,,,
876ac6210ffffff,,,
876ac43aeffffff,,,
8796d0c1dffffff,,,
876ac08abffffff,,,
876ac270dffffff,,,
876ac254cffffff,,,
8796d2c40ffffff,,,
876ad036effffff,,,
879689231ffffff,,,
8796d6904ffffff,,,
8796d062bffffff,,,
876ae3af5ffffff,,,
8796d248dffffff,,,
876ac5c1effffff,,,
876ac4b61ffffff,,,
876ad1a1dffffff,,,
876af1756ffffff,,,
8796d6151ffffff,,,
876ad56e1ffffff,,,
876ae3342ffffff,,,
876ac546bffffff,,,
876ad126affffff,,,
876ad30ccffffff,,,
876aded74ffffff,,,
876ac6b1affffff,,,
876adc8b6ffffff,,,
876ac0841ffffff,,,
876ac26a3ffffff,,,
876ac4505ffffff,,,
876ad1113ffffff,,,
876ad0304ffffff,,,
876ac5314ffffff,,,
876adc103ffffff,,,
8796d689affffff,,,
876ac008effffff,,,
876ae3a8bffffff,,,
8796d2423ffffff,,,
876ac5bb4ffffff,,,
876af16ecffffff,,,
876ad19b3ffffff,,,
876ad3815ffffff,,,
876ad3728ffffff,,,
876ae32d8ffffff,,,
876ac5401ffffff,,,
876ad18c6ffffff,,,
876ad1200ffffff,,,
8796d2336ffffff,,,
876ad3062ffffff,,,
876ac4c4effffff,,,
8796d04d4ffffff,,,
876ad0a4dffffff,,,
876ac6ab0ffffff,,,
876ac449bffffff,,,
8796d2b6cffffff,,,
876ad029affffff,,,
8796d67adffffff,,,
876adc099ffffff,,,
8796d6830ffffff,,,
876ac0024ffffff,,,
876adc016ffffff,,,
876ad1949ffffff,,,
8796d2ae9ffffff,,,
876af1682ffffff,,,
876ac4418ffffff,,,
876ad37abffffff,,,
876ad560dffffff,,,
876ac25b6ffffff,,,
876ae326effffff,,,
876ac0754ffffff,,,
876ad1196ffffff,,,
876ac2d82ffffff,,,
8796d32b5ffffff,,,
876ac6a46ffffff,,,
876ac6a2dffffff,,,
8796d329cffffff,,,
876ac076dffffff,,,
8796d0ca0ffffff,,,
876ac4431ffffff,,,
876ac2d69ffffff,,,
8796d2b02ffffff,,,
876ad0230ffffff,,,
876ac6293ffffff,,,
8796d04edffffff,,,
876ac5ae0ffffff,,,
876af1618ffffff,,,
8796d6013ffffff,,,
876ad3741ffffff,,,
876ae3204ffffff,,,
876ac532dffffff,,,
876ad112cffffff,,,
876aded8dffffff,,,
876ac2d18ffffff,,,
876ae3255ffffff,,,
876ac0703ffffff,,,
876ac2565ffffff,,,
8796d2a98ffffff,,,
876ac6229ffffff,,,
876ad3792ffffff,,,
8796d6064ffffff,,,
8796d675cffffff,,,
876ad1930ffffff,,,
876af1669ffffff,,,
876ac5b31ffffff,,,
8796d23a0ffffff,,,
8796d0483ffffff,,,
876ae3a08ffffff,,,
8796d22e5ffffff,,,
876ac5a76ffffff,,,
876ad1875ffffff,,,
876af15aeffffff,,,
876ac000bffffff,,,
876ad10c2ffffff,,,
8796d3994ffffff,,,
876aded23ffffff,,,
876ac2caeffffff,,,
876ac4b10ffffff,,,
876adc080ffffff,,,
876ac62e4ffffff,,,
876ad0281ffffff,,,
8796d2b53ffffff,,,
876ac6972ffffff,,,
876ac4482ffffff,,,
8796d0cf1ffffff,,,
876ac2620ffffff,,,
876ade570ffffff,,,
876ac0699ffffff,,,
876ac435dffffff,,,
8796d2a2effffff,,,
876ad015cffffff,,,
8796d66f2ffffff,,,
876ade695ffffff,,,
876af3b59ffffff,,,
876adc833ffffff,,,
8796d0419ffffff,,,
876ac5a0cffffff,,,
876ac4c35ffffff,,,
876ad180bffffff,,,
876af1544ffffff,,,
876ad366dffffff,,,
876ad1058ffffff,,,
8796d392affffff,,,
876ac2c44ffffff,,,
876ac4aa6ffffff,,,
876ac6908ffffff,,,
876ad3049ffffff,,,
876ade506ffffff,,,
876ac2491ffffff,,,
876ac42f3ffffff,,,
876ad00f2ffffff,,,
876ac6155ffffff,,,
8796d6688ffffff,,,
8796d2211ffffff,,,
876ac59a2ffffff,,,
876ad17a1ffffff,,,
876af14daffffff,,,
876ad565effffff,,,
876ad3603ffffff,,,
8796d60ceffffff,,,
876af16d3ffffff,,,
876ad199affffff,,,
8796d38c0ffffff,,,
876ac5b9bffffff,,,
8796d240affffff,,,
8796d310dffffff,,,
876ae3a72ffffff,,,
876ac689effffff,,,
8796d05a8ffffff,,,
876ade49cffffff,,,
876ac4289ffffff,,,
8796d295affffff,,,
876ad0088ffffff,,,
876ac60ebffffff,,,
876ac0075ffffff,,,
8796d661effffff,,,
8796d6881ffffff,,,
876ad5baeffffff,,,
876ac634effffff,,,
876ad02ebffffff,,,
876ac44ecffffff,,,
876af1470ffffff,,,
876ac268affffff,,,
876af32d2ffffff,,,
876ad3599ffffff,,,
876ac0828ffffff,,,
876ac5185ffffff,,,
8796d3856ffffff,,,
876adcd83ffffff,,,
876ac0d0effffff,,,
876ac2b70ffffff,,,
876adc89dffffff,,,
876ac6b01ffffff,,,
876ad0a9effffff,,,
8796d30a3ffffff,,,
876ac6834ffffff,,,
876ade432ffffff,,,
876ac055bffffff,,,
8796d28f0ffffff,,,
876ad001effffff,,,
876ac6081ffffff,,,
876af3a1bffffff,,,
876ad5b44ffffff,,,
8796d02dbffffff,,,
876ac58ceffffff,,,
876ad30b3ffffff,,,
876ad16cdffffff,,,
876af1406ffffff,,,
876ad1251ffffff,,,
876af3268ffffff,,,
876ad5391ffffff,,,
876ac5452ffffff,,,
876ac511bffffff,,,
876adcd19ffffff,,,
876ae3329ffffff,,,
876ac0ca4ffffff,,,
876ac2b06ffffff,,,
876ac4968ffffff,,,
876adc566ffffff,,,
876ad56c8ffffff,,,
876ac04f1ffffff,,,
876ad3866ffffff,,,
876ac41b5ffffff,,,
8796d2886ffffff,,,
876ad1a04ffffff,,,
876ac5c05ffffff,,,
8796d2474ffffff,,,
876ae3adcffffff,,,
876ac3da3ffffff,,,
8796d0612ffffff,,,
876ad5adaffffff,,,
8796d0271ffffff,,,
8796d20d3ffffff,,,
876ac5864ffffff,,,
876ad1663ffffff,,,
876af139cffffff,,,
876ad34c5ffffff,,,
876ac50b1ffffff,,,
8796d68ebffffff,,,
8796d3782ffffff,,,
879689218ffffff,,,
876ac2a9cffffff,,,
876ad0355ffffff,,,
876ac4556ffffff,,,
876ac6760ffffff,,,
876ac26f4ffffff,,,
876ac0892ffffff,,,
876ac414bffffff,,,
8796d281cffffff,,,
876ad1dacffffff,,,
876af1ae5ffffff,,,
876ad5a70ffffff,,,
876ae36d1ffffff,,,
876ac6b6bffffff,,,
8796d2069ffffff,,,
876ac4d09ffffff,,,
876af1332ffffff,,,
876ad345bffffff,,,
876aeed1dffffff,,,
8796d3718ffffff,,,
876adcc45ffffff,,,
876ac2a32ffffff,,,
876aee56affffff,,,
876ac4894ffffff,,,
876ac66f6ffffff,,,
876ad311dffffff,,,
876adc492ffffff,,,
8796d6c29ffffff,0.011488481739479648,2026-07,valid
876ac041dffffff,,,
876ac40e1ffffff,,,
8796d27b2ffffff,,,
876ad1d42ffffff,,,
876ad3ba4ffffff,,,
876ad5a06ffffff,,,
8796d019dffffff,,,
876ac5790ffffff,,,
876af12c8ffffff,,,
876ad38d0ffffff,,,
8796d61a2ffffff,,,
876ad5253ffffff,,,
876aeecb3ffffff,,,
8796d36aeffffff,,,
876ad1a6effffff,,,
8796d24deffffff,,,
876ac0b66ffffff,,,
876aee500ffffff,,,
876ac482affffff,,,
876ad0629ffffff,,,
876ac668cffffff,,,
876adc428ffffff,,,
876ac0149ffffff,,,
876ac03b3ffffff,,,
8796d6955ffffff,,,
876ade020ffffff,,,
8796d2748ffffff,,,
876ad1cd8ffffff,,,
876ac6422ffffff,,,
8796d2c91ffffff,,,
8796d45aaffffff,,,
876af1a11ffffff,,,
876ac275effffff,,,
876ac5726ffffff,,,
876af125effffff,,,
876ad1525ffffff,,,
8796d3644ffffff,,,
876ac295effffff,,,
876aee496ffffff,,,
876adc971ffffff,,,
876ac6622ffffff,,,
8796d3444ffffff,,,
876ac4d73ffffff,,,
8796d6b55ffffff,,,
876ac21abffffff,,,
876ac400dffffff,,,
8796d26deffffff,,,
876ad1c6effffff,,,
8796d63a2ffffff,,,
876ad3ad0ffffff,,,
8796d00c9ffffff,,,
876ae3593ffffff,,,
8796d3d8dffffff,,,
876ad331dffffff,,,
876af105effffff,,,
876ad1325ffffff,,,
876adaca5ffffff,,,
876ac5526ffffff,,,
876ac6d6bffffff,,,
876ade969ffffff,,,
876ac0a92ffffff,,,
876ac28f4ffffff,,,
876aee42cffffff,,,
876ac4756ffffff,,,
876ad579cffffff,,,
8796d620cffffff,,,
876ade1b6ffffff,,,
8796d6aebffffff,,,
876ad1ad8ffffff,,,
876ac5cd9ffffff,,,
876ac2141ffffff,,,
8796d2548ffffff,,,
8796d2674ffffff,,,
8796d06e6ffffff,,,
8796d44d6ffffff,,,
876ad1c04ffffff,,,
876ad3a66ffffff,,,
876ac2015ffffff,,,
876ac01b3ffffff,,,
876ad1451ffffff,,,
8796d3d23ffffff,,,
876ade08affffff,,,
876ad32b3ffffff,,,
876ad228bffffff,,,
8796892ecffffff,,,
876ac648cffffff,,,
8796d3570ffffff,,,
876ac462affffff,,,
876ac6d01ffffff,,,
876ac0a28ffffff,0.17539038918629352,2026-06,valid
876ac288affffff,,,
876ac0966ffffff,,,
876ac46ecffffff,,,
876ada488ffffff,,,
876ac654effffff,,,
876ade14cffffff,,,
8796d6a81ffffff,,,
8796d34aeffffff,,,
8796d07a8ffffff,,,
8796d260affffff,,,
876ac5d9bffffff,,,
876ad1b9affffff,,,
8796d62ceffffff,,,
876ad3249ffffff,,,
8796d3506ffffff,,,
876ade895ffffff,,,
876ac2820ffffff,,,
8796d3c61ffffff,,,
876af10c8ffffff,,,
876ac4682ffffff,,,
876ac5590ffffff,,,
8796d2d53ffffff,,,
876ac64e4ffffff,,,
876ad22e3ffffff,,,
876ade0e2ffffff,,,
876ac206dffffff,,,
8796d25a0ffffff,,,
876ac5d31ffffff,,,
876ad39a4ffffff,,,
8796d6276ffffff,,,
876ad1b30ffffff,,,
8796d4414ffffff,,,
876ad1b42ffffff,,,
8796d6264ffffff,,,
876ac5d43ffffff,,,
8796d25b2ffffff,,,
876ad3992ffffff,,,
876ae3455ffffff,,,
8796d0750ffffff,,,
876af10b6ffffff,,,
876ad5041ffffff,,,
8796d349cffffff,,,
876ac6c2dffffff,,,
8796d6a29ffffff,,,
876ade0f4ffffff,,,
876ade82bffffff,,,
876ac0954ffffff,,,
876ad22f5ffffff,,,
876ac27b6ffffff,,,
876ac64f6ffffff,,,
8796d2d65ffffff,,,
876ada430ffffff,,,
876ac4618ffffff,,,
876ac4694ffffff,,,
8796d2ce9ffffff,,,
8796892daffffff,,,
876ac2832ffffff,,,
8796d69adffffff,,,
876ac01a1ffffff,,,
876ac2003ffffff,,,
8796d06d4ffffff,,,
8796d2536ffffff,,,
876ad1ac6ffffff,,,
876ad3928ffffff,,,
876ad578affffff,,,
876ac6ca9ffffff,,,
8796d3518ffffff,,,
876ac5514ffffff,,,
876ad1313ffffff,,,
876af104cffffff,,,
876ad3175ffffff,,,
876ac4d61ffffff,,,
876ad0b60ffffff,,,
8796d3432ffffff,,,
876ac08eaffffff,,,
876ac274cffffff,,,
876ad325bffffff,,,
876ac45aeffffff,,,
876ad03adffffff,,,
876ac6410ffffff,,,
8796d3ccbffffff,,,
879689270ffffff,,,
876adc1acffffff,,,
876ade00effffff,,,
8796d6943ffffff,,,
876ae34d1ffffff,,,
8796d066affffff,,,
8796d24ccffffff,,,
876ac5c5dffffff,,,
876ad1a5cffffff,,,
876af1795ffffff,,,
876ad3a0effffff,,,
8796d62e0ffffff,,,
876ad1bacffffff,,,
876ac54aaffffff,,,
876ac5dadffffff,,,
876ad12a9ffffff,,,
8796d261cffffff,,,
876ad310bffffff,,,
876ac6b59ffffff,,,
876adc8f5ffffff,,,
876ac20e9ffffff,,,
876ac0880ffffff,,,
876ac26e2ffffff,,,
8796d0db3ffffff,,,
876ac4544ffffff,,,
8796d2c15ffffff,,,
876ad0343ffffff,,,
8796d6a93ffffff,,,
876ac63a6ffffff,,,
876ade15effffff,,,
879689206ffffff,,,
8796d68d9ffffff,,,
876ac6560ffffff,,,
876ac00cdffffff,,,
8796d0600ffffff,,,
876ada49affffff,,,
876ac3d91ffffff,,,
876ae3acaffffff,,,
8796d2462ffffff,,,
876af172bffffff,,,
8796d6126ffffff,,,
876ac289cffffff,,,
876ad3854ffffff,,,
876ad56b6ffffff,,,
876ac5440ffffff,,,
876ad30a1ffffff,,,
876ac4c8dffffff,,,
876ade911ffffff,,,
876adc88bffffff,,,
876ac0816ffffff,,,
876ac6d13ffffff,,,
8796d3582ffffff,,,
876aee1b0ffffff,,,
876ac44daffffff,,,
8796d2babffffff,,,
876ad02d9ffffff,,,
876ac0063ffffff,,,
8796d0596ffffff,,,
876ae3a60ffffff,,,
876ac5b89ffffff,,,
876ad1988ffffff,,,
876af16c1ffffff,,,
876ad564cffffff,,,
876ad32c5ffffff,,,
876ae32adffffff,,,
8796d3d35ffffff,,,
876ad1463ffffff,,,
876ac4c23ffffff,,,
876ac6a85ffffff,,,
876adc821ffffff,,,
876ade683ffffff,,,
876ac07acffffff,,,
876ac260effffff,,,
8796d634affffff,,,
876ac4470ffffff,,,
876ad1c16ffffff,,,
8796d2b41ffffff,,,
876ac62d2ffffff,,,
8796d2686ffffff,,,
8796d6805ffffff,,,
8796d052cffffff,,,
8796d238effffff,,,
876ac2153ffffff,,,
876ad191effffff,,,
8796d6052ffffff,,,
876ad3780ffffff,,,
876ae3243ffffff,,,
876ad116bffffff,,,
876ac6a1bffffff,,,
876ada504ffffff,,,
876ac4768ffffff,,,
876ac0742ffffff,,,
876ac25a4ffffff,,,
876ac2906ffffff,,,
876ae22ddffffff,,,
876ac4406ffffff,,,
876ac0aa4ffffff,,,
876ad0205ffffff,,,
876ac6268ffffff,,,
8796d679bffffff,,,
8796d04c2ffffff,,,
8796d2324ffffff,,,
876ac5ab5ffffff,,,
876ad18b4ffffff,,,
876ad3716ffffff,,,
876ac5302ffffff,,,
876ad1101ffffff,,,
876aded62ffffff,,,
876ac2cedffffff,,,
876ac69b1ffffff,,,
876ad14cdffffff,,,
876af1206ffffff,,,
8796d0c0bffffff,,,
876ac439cffffff,,,
8796d2a6dffffff,,,
8796d00dbffffff,,,
8796d6731ffffff,,,
876ad5944ffffff,,,
8796d0458ffffff,,,
876ad184affffff,,,
876ad3ae2ffffff,,,
8796d63b4ffffff,,,
876ad36acffffff,,,
876ad1c80ffffff,,,
8796d26f0ffffff,,,
8796d3969ffffff,,,
876ac2c83ffffff,,,
876ac4ae5ffffff,,,
8796d31b6ffffff,,,
876ade545ffffff,,,
876ac24d0ffffff,,,
876ac4332ffffff,,,
876ac6634ffffff,,,
8796d2a03ffffff,,,
876ac6194ffffff,,,
876aee4a8ffffff,,,
876ac2970ffffff,,,
876af3b2effffff,,,
8796d2250ffffff,,,
876ac0b0effffff,,,
876af1519ffffff,,,
876ad3642ffffff,,,
876ad102dffffff,,,
8796d3656ffffff,,,
876adec8effffff,,,
876ac2c19ffffff,,,
876aeec5bffffff,,,
876ac68ddffffff,,,
876ade4dbffffff,,,
876ac0604ffffff,,,
876ac2466ffffff,,,
876ac42c8ffffff,,,
8796d2999ffffff,,,
876ac612affffff,,,
8796d665dffffff,,,
876af3ac4ffffff,,,
876ad3399ffffff,,,
8796d0384ffffff,,,
876af1270ffffff,,,
876ad1776ffffff,,,
8796d3895ffffff,,,
876adec24ffffff,,,
876ac0d4dffffff,,,
876ac4a11ffffff,,,
8796d30e2ffffff,,,
876ac6873ffffff,,,
876ad2672ffffff,,,
876ad3b4cffffff,,,
876ade471ffffff,,,
876af1a23ffffff,,,
876ad1ceaffffff,,,
876ac059affffff,,,
8796d275affffff,,,
876ac425effffff,,,
876ac4089ffffff,,,
876ad005dffffff,,,
876ac60c0ffffff,,,
876af3a5affffff,,,
8796d031affffff,,,
876ac590dffffff,,,
876ad170cffffff,,,
876af1445ffffff,,,
876ad356effffff,,,
876ac515affffff,,,
8796d382bffffff,,,
876adcd58ffffff,,,
876ac669effffff,,,
876ac0ce3ffffff,,,
876ac2b45ffffff,,,
876aee512ffffff,,,
876ac6809ffffff,,,
876adc5a5ffffff,,,
876ad2608ffffff,,,
876ac0530ffffff,,,
876ac2392ffffff,,,
8796d28c5ffffff,,,
876ac6056ffffff,,,
876ad5b19ffffff,,,
8796d02b0ffffff,,,
8796d36c0ffffff,,,
8796d2112ffffff,,,
876adad8bffffff,,,
876ac58a3ffffff,,,
876ad16a2ffffff,,,
876aeecc5ffffff,,,
876ad3504ffffff,,,
876ad5366ffffff,,,
876ac50f0ffffff,,,
876adcceeffffff,,,
876ad5265ffffff,,,
876ac2adbffffff,,,
8796d300effffff,,,
876ad3403ffffff,,,
876ac04c6ffffff,,,
876ad15a1ffffff,,,
876af12daffffff,,,
876ac2328ffffff,,,
876ac57a2ffffff,,,
8796d2011ffffff,,,
876ac418affffff,,,
8796d285bffffff,,,
876af1b24ffffff,,,
8796d0246ffffff,,,
8796d20a8ffffff,,,
876ad5a18ffffff,,,
876af1371ffffff,,,
876ad349affffff,,,
876ad3bb6ffffff,,,
876aeed5cffffff,,,
876ac5086ffffff,,,
876af1a8dffffff,,,
876ad1d54ffffff,,,
876adcc84ffffff,,,
876ac2a71ffffff,,,
876ac40f3ffffff,,,
876aee5a9ffffff,,,
876ac48d3ffffff,,,
876ac6735ffffff,,,
876ac045cffffff,,,
876ac4120ffffff,,,
876adc4a4ffffff,,,
876ad1d81ffffff,,,
876ac6708ffffff,,,
876ac48a6ffffff,,,
876ad5a45ffffff,,,
876ac2a44ffffff,,,
876ad3430ffffff,,,
876ad5292ffffff,,,
876aeecf2ffffff,,,
876ac501cffffff,,,
8796d36edffffff,,,
876adcc1affffff,,,
876ac0ba5ffffff,,,
876ac4869ffffff,,,
876ad0668ffffff,,,
8796d372affffff,,,
876ac5059ffffff,,,
876ac66cbffffff,,,
876ac40b6ffffff,,,
876af1a50ffffff,,,
8796d644bffffff,,,
876ac5765ffffff,,,
876af129dffffff,,,
876ad346dffffff,,,
876ad1564ffffff,,,
876af1344ffffff,,,
876ad160bffffff,,,
876ad5228ffffff,,,
876ac580cffffff,,,
876aeec88ffffff,,,
876ae36e3ffffff,,,
8796d0219ffffff,,,
8796d3683ffffff,,,
876ad5a82ffffff,,,
876ac299dffffff,,,
876ae26d6ffffff,,,
876aee4d5ffffff,,,
876ada59bffffff,0.01,2026-07,valid
876ac6661ffffff,,,
876af3959ffffff,,,
8796d6b94ffffff,,,
876ac404cffffff,,,
8796d282effffff,,,
8796d271dffffff,,,
876ac415dffffff,,,
876ad1cadffffff,,,
876ad5971ffffff,,,
876af1233ffffff,,,
876ad335cffffff,,,
876ac0499ffffff,,,
876aeec1effffff,,,
876adace4ffffff,,,
8796d3619ffffff,,,
876ac6daaffffff,,,
876adc50effffff,,,
876ac6772ffffff,,,
876ac4910ffffff,,,
876ade9a8ffffff,,,
876ac2933ffffff,,,
876ac2aaeffffff,,,
876ac4795ffffff,,,
876ada531ffffff,,,
876ac0c4cffffff,,,
8796d6b2affffff,,,
876ac2180ffffff,,,
8796d26b3ffffff,,,
876adccc1ffffff,,,
876ad1c43ffffff,,,
8796d3794ffffff,,,
876ad3aa5ffffff,,,
876ac50c3ffffff,,,
8796d009effffff,,,
876aeed99ffffff,,,
876ad1490ffffff,,,
8796d3d62ffffff,,,
876ad32f2ffffff,,,
876ac6d40ffffff,,,
876ac28c9ffffff,,,
876ae2602ffffff,,,
876af13aeffffff,,,
876ad1675ffffff,,,
876aee401ffffff,,,
876ac5876ffffff,,,
8796d20e5ffffff,,,
876ac472bffffff,,,
8796d0283ffffff,,,
876ac658dffffff,,,
876ad238cffffff,,,
876ade18bffffff,0.00024821172278547006,2026-07,valid
8796d6ac0ffffff,,,
876ac02b4ffffff,,,
876ad5aecffffff,,,
876ac2116ffffff,,,
8796d2649ffffff,,,
8796d44abffffff,,,
8796d630dffffff,,,
876af1b61ffffff,,,
876ad1426ffffff,,,
876ac6029ffffff,,,
8796d2898ffffff,,,
876ad3288ffffff,,,
876adac10ffffff,,,
876ac2365ffffff,,,
8796d3545ffffff,,,
876ac6cd6ffffff,,,
876ac0503ffffff,,,
876ade8d4ffffff,,,
876ac46c1ffffff,,,
8796d2d92ffffff,0.02974936875879555,2026-07,valid
876ac6523ffffff,,,
876ade121ffffff,,,
8796d6a56ffffff,,,
8796d304bffffff,,,
876ac20acffffff,,,
876ac5d70ffffff,,,
8796d62a3ffffff,,,
876ac2b18ffffff,,,
876ae3494ffffff,,,
876af10f5ffffff,,,
876ac0cb6ffffff,,,
8796d3c8effffff,,,
876ad321effffff,,,
8796d34dbffffff,,,
876adcd2bffffff,,,
876ac6c6cffffff,,,
876ac512dffffff,,,
876ade86affffff,,,
876ac0993ffffff,,,
8796d2d28ffffff,,,
876ad53a3ffffff,,,
876ac2042ffffff,,,
8796d0713ffffff,,,
8796d2575ffffff,,,
876ad3541ffffff,,,
876ac5d06ffffff,,,
876ad1b05ffffff,,,
876af1418ffffff,,,
876ac58e0ffffff,,,
876ac5553ffffff,,,
876ad1352ffffff,,,
876af108bffffff,,,
8796d3c24ffffff,,,
8796d02edffffff,,,
876ad31b4ffffff,,,
876ac4da0ffffff,,,
8796d3471ffffff,,,
876ad5b56ffffff,,,
876ac6c02ffffff,,,
876adc99effffff,,,
876af3a2dffffff,,,
876ade800ffffff,,,
876ac0929ffffff,,,
876ac278bffffff,,,
876ac6093ffffff,,,
876ad0030ffffff,,,
8796d2902ffffff,,,
876ac4231ffffff,,,
8796d6982ffffff,,,
876ac0176ffffff,,,
8796d06a9ffffff,,,
8796d250bffffff,,,
876ac056dffffff,,,
876ac5c9cffffff,,,
876ad1a9bffffff,,,
876ade444ffffff,,,
876ad2645ffffff,,,
876ac54e9ffffff,,,
876ad12e8ffffff,,,
876ac6846ffffff,,,
8796d30b5ffffff,,,
876ad314affffff,,,
876ac4d36ffffff,,,
876ac2b82ffffff,,,
876ac6b98ffffff,,,
876ac0d20ffffff,,,
876ade796ffffff,,,
876ac2721ffffff,,,
876ac4583ffffff,,,
8796d2c54ffffff,,,
876ad0382ffffff,,,
879689245ffffff,,,
876adc181ffffff,,,
8796d6918ffffff,,,
876adcd95ffffff,,,
876ac010cffffff,,,
8796d24a1ffffff,,,
876ac5c32ffffff,,,
876ad1a31ffffff,,,
876af176affffff,,,
8796d6165ffffff,,,
876ad56f5ffffff,,,
876ae3356ffffff,,,
876ad30e0ffffff,,,
876ac4cccffffff,,,
876ad0acbffffff,,,
876ad35abffffff,,,
8796d339dffffff,,,
876af1482ffffff,,,
876ad1749ffffff,,,
876ac594affffff,,,
876ac6b2effffff,,,
876ac0855ffffff,,,
8796d0d88ffffff,,,
876ac4519ffffff,,,
876ad0318ffffff,,,
8796d68aeffffff,,,
876ac00a2ffffff,,,
8796d6630ffffff,,,
876af1700ffffff,,,
876ad3829ffffff,,,
876ad568bffffff,,,
876ae32ecffffff,,,
876ad009affffff,,,
8796d296cffffff,,,
876ac5415ffffff,,,
876ac429bffffff,0.24473957438135333,2026-02,valid
876ad1214ffffff,,,
876ad3076ffffff,,,
876ac4c62ffffff,,,
876ad0a61ffffff,,,
876ac6ac4ffffff,,,
876ade4aeffffff,,,
876ac68b0ffffff,,,
876ac4a4effffff,,,
8796d2b80ffffff,,,
876ad02aeffffff,,,
876ac6311ffffff,,,
876adc0adffffff,,,
8796d6844ffffff,,,
8796d056bffffff,,,
876ac0d8affffff,,,
876ac5b5effffff,,,
876ad195dffffff,,,
876af1696ffffff,,,
8796d6091ffffff,,,
876adec61ffffff,,,
876ad5621ffffff,,,
876ae3282ffffff,,,
8796d38d2ffffff,,,
876ad1000ffffff,,,
876ad11aaffffff,,,
876ad300cffffff,,,
876ac2d96ffffff,,,
876ac6a5affffff,,,
876ac0781ffffff,,,
8796d0cb4ffffff,,,
876ac4445ffffff,,,
8796d2b16ffffff,,,
876ad0244ffffff,,,
876ad3615ffffff,,,
876af334effffff,,,
876af14ecffffff,,,
876ad17b3ffffff,,,
876ac59b4ffffff,,,
8796d2223ffffff,,,
8796d0501ffffff,,,
8796d2363ffffff,,,
876ac5af4ffffff,,,
876ad18f3ffffff,,,
876af162cffffff,,,
876ad3755ffffff,,,
876ae3218ffffff,,,
876ad1140ffffff,,,
876af3b01ffffff,,,
8796d669affffff,,,
876adeda1ffffff,,,
876ac2d2cffffff,,,
876ac4b8effffff,,,
876ac4305ffffff,,,
876ac24a3ffffff,,,
8796d0c4affffff,,,
8796d2aacffffff,,,
8796d6770ffffff,,,
876ade518ffffff,,,
876ac5a8affffff,,,
876ad1889ffffff,,,
876ad36ebffffff,,,
876ac691affffff,,,
8796d3189ffffff,,,
876ad10d6ffffff,,,
8796d39a8ffffff,,,
876ac2c56ffffff,,,
876ac2cc2ffffff,,,
876ac4b24ffffff,,,
876ac6986ffffff,,,
876ade584ffffff,,,
876adeccbffffff,,,
876ac06adffffff,,,
876ac4371ffffff,,,
8796d2a42ffffff,,,
876ad106affffff,,,
8796d6706ffffff,,,
876af3b6dffffff,,,
8796d042dffffff,,,
876ac5a20ffffff,,,
876af1558ffffff,,,
876ad3681ffffff,,,
876ad106cffffff,,,
876adeccdffffff,,,
876af1556ffffff,,,
876ad181dffffff,,,
876ac2c58ffffff,,,
876ac5a1effffff,,,
8796d318bffffff,,,
8796d228dffffff,,,
876ac691cffffff,,,
876ade51affffff,,,
8796d042bffffff,,,
876ac24a5ffffff,,,
876ac6169ffffff,,,
8796d669cffffff,,,
876af3b03ffffff,,,
876af3b6bffffff,,,
8796d6704ffffff,,,
8796d2225ffffff,,,
876ac59b6ffffff,,,
8796d2a40ffffff,,,
876ad17b5ffffff,,,
876af14eeffffff,,,
876ac250dffffff,,,
876ac06abffffff,,,
876ad1002ffffff,,,
8796d38d4ffffff,,,
876ade582ffffff,,,
876adec63ffffff,,,
876ac0d8cffffff,,,
876ac4a50ffffff,,,
876ac6984ffffff,,,
8796d3121ffffff,,,
876ac68b2ffffff,,,
876ac4b22ffffff,,,
876ade4b0ffffff,,,
876ac2cc0ffffff,,,
876ac429dffffff,,,
8796d296effffff,,,
876ad009cffffff,,,
8796d6632ffffff,,,
876aded35ffffff,,,
876ac594cffffff,,,
876ad174bffffff,,,
876af1484ffffff,,,
8796d39a6ffffff,,,
876ad10d4ffffff,,,
876ad35adffffff,,,
876ac5199ffffff,,,
876ac0d22ffffff,,,
876ac2b84ffffff,,,
876ac6848ffffff,,,
876ade446ffffff,,,
876ad36e9ffffff,,,
876ac4233ffffff,,,
8796d2904ffffff,,,
876ad0032ffffff,,,
876ac6095ffffff,,,
876ac5a88ffffff,,,
876ad3cf6ffffff,,,
876ad5b58ffffff,,,
8796d0495ffffff,,,
8796d2151ffffff,,,
876ac58e2ffffff,,,
876ad16e1ffffff,,,
876af141affffff,,,
876ad3543ffffff,,,
876ad53a5ffffff,,,
8796d676effffff,,,
8796d3800ffffff,,,
876adcd2dffffff,,,
876ac2b1affffff,,,
8796d2aaaffffff,,,
876ac0505ffffff,,,
8796d289affffff,,,
876ac602bffffff,,,
876af1b63ffffff,,,
876ac0715ffffff,,,
876ad3c8cffffff,,,
876ad5aeeffffff,,,
8796d0285ffffff,,,
876af13b0ffffff,,,
876ad34d9ffffff,,,
876ac4b8cffffff,,,
876aeed9bffffff,,,
876ac50c5ffffff,,,
8796d3796ffffff,,,
876adccc3ffffff,,,
876ac2d2affffff,,,
876adeb25ffffff,,,
876ac0c4effffff,,,
876ac2ab0ffffff,,,
876ac4912ffffff,,,
876ad0711ffffff,,,
876ac6774ffffff,,,
876adc510ffffff,,,
876ac049bffffff,,,
8796d2830ffffff,,,
876af395bffffff,,,
876ad5a84ffffff,,,
8796d021bffffff,,,
876ae36e5ffffff,,,
876ac580effffff,,,
876ae3216ffffff,,,
876ad160dffffff,,,
876af1346ffffff,,,
876ad52d1ffffff,,,
876aeed31ffffff,,,
876ac505bffffff,,,
8796d372cffffff,,,
876ad3753ffffff,,,
8796d6025ffffff,,,
876af162affffff,,,
876ad18f1ffffff,,,
876adcc59ffffff,,,
876ac5af2ffffff,,,
8796d2361ffffff,,,
876ac2a46ffffff,,,
876ac48a8ffffff,,,
876ac670affffff,,,
876adc4a6ffffff,,,
876ac0431ffffff,,,
876ac40f5ffffff,,,
876ad1d56ffffff,,,
876ad5a1affffff,,,
8796d01b1ffffff,,,
876ac62a5ffffff,,,
876ad0242ffffff,,,
8796d2b14ffffff,,,
8796d2013ffffff,,,
876ac4443ffffff,,,
876ac57a4ffffff,,,
8796d0cb2ffffff,,,
876af12dcffffff,,,
876ad15a3ffffff,,,
876ad3405ffffff,,,
876adad8dffffff,,,
8796d36c2ffffff,,,
876aee514ffffff,,,
876ac66a0ffffff,,,
876ac6a58ffffff,,,
876ac408bffffff,,,
8796d275cffffff,,,
876ac2d94ffffff,,,
876ad1cecffffff,,,
876af1a25ffffff,,,
876ad3b4effffff,,,
876af1272ffffff,,,
876ad339bffffff,,,
876ad300affffff,,,
876aeec5dffffff,,,
8796d3658ffffff,,,
876ad11a8ffffff,,,
876ae3280ffffff,,,
876ac0b10ffffff,,,
876ac2972ffffff,,,
876aee4aaffffff,,,
876ada570ffffff,,,
876ac6636ffffff,,,
876ac4021ffffff,,,
8796d26f2ffffff,,,
876ad1c82ffffff,,,
876af1694ffffff,,,
876ad195bffffff,,,
876ac5b5cffffff,,,
8796d63b6ffffff,,,
876ad3ae4ffffff,,,
8796d00ddffffff,,,
876ae3a33ffffff,,,
8796d0569ffffff,,,
876af1208ffffff,,,
8796d3da1ffffff,,,
876ad3331ffffff,,,
876ac0036ffffff,,,
8796d6842ffffff,,,
876ac0aa6ffffff,,,
876ac2908ffffff,,,
876aee440ffffff,,,
876ac476affffff,,,
876ada506ffffff,,,
876ad02acffffff,,,
876ac44adffffff,,,
876ac2155ffffff,,,
8796d2688ffffff,,,
876ad1c18ffffff,,,
8796d634cffffff,,,
876ac6ac2ffffff,,,
876ae16dbffffff,,,
8796d0073ffffff,,,
876ac4c60ffffff,,,
876ad1465ffffff,,,
8796d3584ffffff,,,
876ac6d15ffffff,,,
876ade913ffffff,,,
876ac289effffff,,,
876ac4700ffffff,,,
876ada49cffffff,,,
876ac6562ffffff,,,
876ad3074ffffff,,,
876ad1212ffffff,,,
876ade160ffffff,,,
8796d6a95ffffff,,,
876ac5413ffffff,,,
876ac20ebffffff,,,
876ae32eaffffff,,,
8796d261effffff,,,
876ad1baeffffff,,,
8796d4480ffffff,,,
8796d62e2ffffff,,,
876ad3a10ffffff,,,
876ad5689ffffff,,,
8796d0009ffffff,,,
876ae34d3ffffff,,,
8796d3ccdffffff,,,
876ad325dffffff,,,
8796d351affffff,,,
8796d2435ffffff,,,
876ac6cabffffff,,,
876ade8a9ffffff,,,
876ac2834ffffff,,,
876ac4696ffffff,,,
876ada432ffffff,,,
876ade0f6ffffff,,,
876ac00a0ffffff,,,
8796d6a2bffffff,,,
8796d68acffffff,,,
876ac2081ffffff,,,
8796d0752ffffff,,,
8796d25b4ffffff,,,
876adc115ffffff,,,
876ac5d45ffffff,,,
876ad1b44ffffff,,,
876ad0316ffffff,,,
8796d4416ffffff,,,
876ad39a6ffffff,,,
8796d0d86ffffff,,,
876ac26b5ffffff,,,
876ac5592ffffff,,,
876ad1391ffffff,,,
876af10caffffff,,,
8796d3c63ffffff,,,
876ac0853ffffff,,,
8796d34b0ffffff,,,
876ac6c41ffffff,,,
876ac6b2cffffff,,,
8796d339bffffff,,,
876ad0ac9ffffff,,,
876ac4ccaffffff,,,
876ac0968ffffff,,,
876ac462cffffff,,,
876ac648effffff,,,
8796892eeffffff,,,
876ad228dffffff,,,
876ade08cffffff,0.0021410620557325444,2026-07,valid
876ac01b5ffffff,,,
8796d06e8ffffff,,,
8796d254affffff,,,
876ac5cdbffffff,,,
876ad30deffffff,,,
876ad1adaffffff,,,
8796d620effffff,,,
876ad579effffff,,,
876ac5528ffffff,,,
876ad3189ffffff,,,
876ae3354ffffff,,,
876ac4d75ffffff,,,
8796d3446ffffff,,,
876adc973ffffff,,,
876ad56f3ffffff,,,
876ac2760ffffff,,,
876ae2499ffffff,,,
876ad3891ffffff,,,
8796d6163ffffff,,,
8796d2c93ffffff,,,
876ac6424ffffff,,,
876af1768ffffff,,,
876ac5c30ffffff,,,
876ade022ffffff,,,
876ac014bffffff,,,
8796d24e0ffffff,,,
876ac5c71ffffff,,,
876ad1a70ffffff,,,
876af17a9ffffff,,,
8796d61a4ffffff,,,
876ad38d2ffffff,,,
876ac010affffff,,,
8796d6916ffffff,,,
876ac4d0bffffff,,,
876ac6b6dffffff,,,
876adc909ffffff,,,
879689243ffffff,,,
876ad0380ffffff,,,
8796d2c52ffffff,,,
876ac4581ffffff,,,
876ac0894ffffff,,,
876ac26f6ffffff,,,
876ac4558ffffff,,,
8796d2c29ffffff,,,
87968921affffff,,,
8796d68edffffff,,,
876ac00e1ffffff,,,
8796d0614ffffff,,,
876ac3da5ffffff,,,
876ae3adeffffff,,,
876ade794ffffff,0.17606186775486574,2026-07,valid
8796d2476ffffff,,,
876ad1a06ffffff,,,
876ac6b96ffffff,,,
876ad3868ffffff,,,
8796d3405ffffff,,,
876ac4d34ffffff,,,
8796d15a3ffffff,,,
876ad56caffffff,,,
876ae332bffffff,,,
876ac5454ffffff,,,
876ad1253ffffff,,,
876ad30b5ffffff,,,
876ac4ca1ffffff,,,
876ac6b03ffffff,,,
876ad3148ffffff,,,
876ac082affffff,,,
876ac268cffffff,,,
876ac44eeffffff,,,
876ad12e6ffffff,,,
876ad02edffffff,,,
876ac6350ffffff,,,
8796d6883ffffff,,,
8796d05aaffffff,,,
876ae3a74ffffff,,,
8796d240cffffff,,,
876ac5b9dffffff,,,
876ad199cffffff,,,
876af16d5ffffff,,,
876ad575dffffff,,,
8796d60d0ffffff,,,
876ad5660ffffff,,,
876ae32c1ffffff,,,
876ad1a99ffffff,,,
876ad304bffffff,,,
876ac5c9affffff,,,
8796d2509ffffff,,,
876ac6a99ffffff,,,
876adc835ffffff,,,
876ac2622ffffff,,,
8796d0cf3ffffff,,,
876ac4484ffffff,,,
8796d2b55ffffff,,,
876ac0174ffffff,,,
876ad0283ffffff,,,
876ac62e6ffffff,,,
8796d6980ffffff,,,
876adc082ffffff,,,
8796d6819ffffff,,,
876ac000dffffff,,,
8796892adffffff,,,
876ac644dffffff,,,
8796d0540ffffff,,,
876ae3a0affffff,,,
8796d23a2ffffff,,,
876ac5b33ffffff,,,
876af166bffffff,,,
876ac2789ffffff,,,
876ad1932ffffff,,,
8796d6066ffffff,,,
876ad3794ffffff,,,
876ac2d6bffffff,,,
876adc99cffffff,,,
876ac6c00ffffff,,,
8796d329effffff,,,
876ac4d9effffff,,,
876ac0756ffffff,,,
8796d0c89ffffff,,,
876ac441affffff,,,
8796d2aebffffff,,,
876ad0219ffffff,,,
8796d04d6ffffff,,,
876ad18c8ffffff,,,
876ad31b2ffffff,,,
876af1601ffffff,,,
876ad372affffff,,,
8796d3c22ffffff,,,
876af1089ffffff,,,
876ad1350ffffff,,,
876ac5551ffffff,,,
876ac5316ffffff,,,
876ad1115ffffff,,,
876aded76ffffff,,,
876ac2d01ffffff,,,
876ac4b63ffffff,,,
876ad3965ffffff,,,
876ad1b03ffffff,,,
876ac254effffff,,,
876ac43b0ffffff,,,
876ac5d04ffffff,,,
8796d2573ffffff,,,
8796d2a81ffffff,,,
876ac6212ffffff,,,
8796d0711ffffff,,,
8796d6745ffffff,,,
876ac2040ffffff,,,
8796d046cffffff,,,
8796d22ceffffff,,,
876ad185effffff,,,
876ad36c0ffffff,,,
876ade0b5ffffff,,,
876ad22b6ffffff,,,
876ad10abffffff,,,
8796d2d26ffffff,,,
876aded0cffffff,,,
876ac4655ffffff,,,
876ac695bffffff,,,
876ad275affffff,,,
876ade559ffffff,1.3246879094550292,2026-07,valid
876ac0682ffffff,,,
876ac0991ffffff,,,
876ac24e4ffffff,,,
876ade868ffffff,,,
876ac4346ffffff,,,
876ac6c6affffff,,,
8796d34d9ffffff,,,
876ac61a8ffffff,,,
8796d66dbffffff,,,
876af3b42ffffff,,,
8796d0402ffffff,,,
8796d2264ffffff,,,
876af152dffffff,,,
876ad3656ffffff,,,
876ad1041ffffff,,,
876ad321cffffff,,,
8796d3913ffffff,,,
876adeca2ffffff,,,
8796d3c8cffffff,,,
876af10f3ffffff,,,
876ac2c2dffffff,,,
8796d3160ffffff,,,
876ac68f1ffffff,,,
876ae3492ffffff,,,
876ac0618ffffff,,,
876ac42dcffffff,,,
8796d29adffffff,,,
876ad00dbffffff,,,
8796d6671ffffff,,,
8796d62a1ffffff,,,
8796d0398ffffff,,,
876ad1b6dffffff,,,
876ac598bffffff,,,
876ad178affffff,,,
876ac5d6effffff,,,
876af14c3ffffff,,,
8796d38a9ffffff,,,
876ac0d61ffffff,,,
876ac20aaffffff,,,
876ac4a25ffffff,,,
8796d30f6ffffff,,,
876ade485ffffff,,,
876ac05aeffffff,,,
8796d6a54ffffff,,,
876ac2410ffffff,,,
876ac4272ffffff,,,
8796d2943ffffff,,,
876ad0071ffffff,,,
876ac6521ffffff,,,
8796d2d90ffffff,0.024866078280619593,2026-07,valid
876ac60d4ffffff,,,
876af3a6effffff,,,
876ac285dffffff,,,
8796d2190ffffff,,,
876ac5921ffffff,,,
876ad1720ffffff,,,
876af1459ffffff,,,
876ad3582ffffff,,,
876ade8d2ffffff,,,
876ac516effffff,,,
876adcd6cffffff,,,
876ac6cd4ffffff,,,
8796d3543ffffff,,,
876adac0effffff,,,
876ac2b59ffffff,,,
8796d308cffffff,,,
876ac681dffffff,,,
876ade41bffffff,,,
876ac0544ffffff,,,
876ac23a6ffffff,,,
876ac4208ffffff,,,
8796d28d9ffffff,,,
876ac606affffff,,,
876af3a04ffffff,,,
876ad3286ffffff,,,
876ad3ccbffffff,,,
876ad5b2dffffff,,,
8796d02c4ffffff,,,
8796d3cf6ffffff,,,
876ad1424ffffff,,,
8796d2126ffffff,,,
876ac5625ffffff,,,
876ad16b6ffffff,,,
876af3251ffffff,,,
876ad3518ffffff,,,
8796d0032ffffff,,,
876ac5104ffffff,,,
876adcd02ffffff,,,
876ae169affffff,,,
876ac0c8dffffff,,,
876ac4951ffffff,,,
876ad0750ffffff,,,
8796d3022ffffff,,,
8796d630bffffff,,,
876ac67b3ffffff,,,
8796d44a9ffffff,,,
876ac04daffffff,,,
876ac419effffff,,,
876ac6000ffffff,,,
876ac2114ffffff,,,
876ad5ac3ffffff,,,
8796d025affffff,,,
876ac584dffffff,,,
876ad164cffffff,,,
876af1385ffffff,,,
876ade189ffffff,,,
876ad34aeffffff,,,
876ad5310ffffff,,,
876ad238affffff,,,
876aeed70ffffff,,,
876ac658bffffff,,,
876ac509affffff,,,
876af0261ffffff,,,
876ac4729ffffff,,,
8796d376bffffff,,,
876adcc98ffffff,,,
876ac0c23ffffff,,,
876ac2a85ffffff,,,
876ac0a65ffffff,0.010095439289749512,2026-06,valid
876ac6749ffffff,,,
876adc4e5ffffff,,,
876ac0470ffffff,,,
876ac4134ffffff,,,
8796d2805ffffff,,,
8796d35adffffff,,,
876af1aceffffff,,,
876ad1d95ffffff,,,
8796d64c9ffffff,0.040000000000011644,2026-07,valid
876ad5a59ffffff,,,
8796d2052ffffff,,,
876af131bffffff,,,
876ad3444ffffff,,,
876ad52a6ffffff,,,
876aeed06ffffff,,,
876ac5030ffffff,,,
8796d3701ffffff,,,
876adcc2effffff,,,
876ad32f0ffffff,,,
8796d3d60ffffff,,,
876ad148effffff,,,
876ac2a1bffffff,,,
876aee553ffffff,,,
8796d009cffffff,,,
876ac0406ffffff,,,
876ad5905ffffff,,,
876ac40caffffff,,,
8796d279bffffff,,,
876ad1d2bffffff,,,
876ad3aa3ffffff,,,
8796d6375ffffff,,,
876af1a64ffffff,,,
876ad3b8dffffff,,,
8796d4513ffffff,,,
876ad1c41ffffff,,,
8796d0186ffffff,,,
876ae3650ffffff,,,
876af12b1ffffff,,,
8796d26b1ffffff,,,
876aeec9cffffff,,,
876ac29b1ffffff,,,
876ae26eaffffff,,,
876aee4e9ffffff,,,
876ac4813ffffff,,,
876ac6675ffffff,,,
8796d6b28ffffff,,,
876adc411ffffff,,,
8796d6ba8ffffff,,,
876ac039cffffff,,,
876ac4060ffffff,,,
8796d2731ffffff,,,
876ac4793ffffff,,,
876ad1cc1ffffff,,,
8796d4593ffffff,,,
876ac2931ffffff,,,
876ad3b23ffffff,,,
876ad150effffff,,,
876ad3370ffffff,,,
876ade9a6ffffff,,,
876aeec32ffffff,,,
8796d362dffffff,,,
876ac6da8ffffff,,,
876adace2ffffff,,,
876ac0ae5ffffff,,,
876aeec1cffffff,,,
876ae2680ffffff,,,
876ac47a9ffffff,,,
876ac660bffffff,,,
876ac2194ffffff,,,
876ad335affffff,,,
8796d638bffffff,,,
876af1231ffffff,,,
8796d00b2ffffff,,,
876ac56a5ffffff,,,
876ad14a4ffffff,,,
8796d3d76ffffff,,,
876ad3306ffffff,,,
876adac8effffff,,,
876ac6d54ffffff,,,
876ade952ffffff,,,
876ac28ddffffff,,,
876af3846ffffff,,,
876ad3b0dffffff,,,
876aee415ffffff,,,
876ac65a1ffffff,,,
876ad1cabffffff,,,
8796d271bffffff,,,
8796d6ad4ffffff,,,
876ac404affffff,,,
876ac212affffff,,,
8796d265dffffff,,,
8796d6321ffffff,,,
876ac0386ffffff,,,
8796d0048ffffff,,,
8796d6b92ffffff,,,
8796d3d0cffffff,,,
876ad329cffffff,,,
8796d3559ffffff,,,
876ac6ceaffffff,,,
876ada599ffffff,,,
876aee4d3ffffff,,,
876ade8e8ffffff,,,
876ac0a11ffffff,,,
876ae26d4ffffff,,,
876ac299bffffff,,,
876ac2873ffffff,,,
876ac46d5ffffff,,,
8796d2da6ffffff,,,
876ade135ffffff,,,
876ac20c0ffffff,,,
8796d3681ffffff,,,
8796d0791ffffff,,,
876ac5d84ffffff,,,
876aeec86ffffff,,,
876ad1b83ffffff,,,
876ae34a8ffffff,,,
8796d3ca2ffffff,,,
876ad3232ffffff,,,
876ad5226ffffff,,,
876ac6c80ffffff,,,
876ad1562ffffff,,,
876af129bffffff,,,
876ac2809ffffff,,,
876ac466bffffff,,,
876ac64cdffffff,,,
876ad22ccffffff,,,
8796d6a00ffffff,,,
876ac2056ffffff,,,
8796d2589ffffff,,,
876ac5d1affffff,,,
876ad1b19ffffff,,,
8796d6449ffffff,,,
8796d624dffffff,,,
876af1a4effffff,,,
876ad1d15ffffff,,,
876ad1366ffffff,,,
8796d2785ffffff,,,
876ac40b4ffffff,,,
876ac4db4ffffff,,,
8796d3485ffffff,,,
876ac6c16ffffff,,,
876adc9b2ffffff,,,
876ade814ffffff,,,
876ac4601ffffff,,,
8796d2cd2ffffff,,,
876adc465ffffff,,,
876ac6463ffffff,,,
876ac66c9ffffff,,,
876ad0666ffffff,,,
8796892c3ffffff,,,
8796d6996ffffff,0.05217049049475563,2026-07,valid
876ac2a05ffffff,,,
876ac018affffff,,,
876ac5cb0ffffff,,,
876ac0ba3ffffff,,,
876ad3911ffffff,,,
876ad5773ffffff,,,
876adcc18ffffff,,,
876ad315effffff,,,
8796d36ebffffff,,,
876adadb6ffffff,,,
876ac501affffff,,,
876aeecf0ffffff,,,
876ac4d4affffff,,,
876ad0b49ffffff,,,
8796d341bffffff,,,
876ac6bacffffff,,,
876ad5290ffffff,,,
876ac08d3ffffff,,,
876ac2735ffffff,,,
876ad342effffff,,,
8796d2c68ffffff,,,
876ad0396ffffff,,,
879689259ffffff,,,
876adc195ffffff,,,
876af1305ffffff,,,
8796d692cffffff,,,
876ac0120ffffff,,,
8796d0653ffffff,,,
8796d24b5ffffff,,,
876ac5c46ffffff,,,
876ad1a45ffffff,,,
876ad5709ffffff,,,
876ae336affffff,,,
876ad5a43ffffff,,,
876ac5493ffffff,,,
876ad1292ffffff,,,
876ad30f4ffffff,,,
876ac4ce0ffffff,,,
8796d33b1ffffff,,,
876ac6b42ffffff,,,
876ac0869ffffff,,,
876ac411effffff,,,
876ac26cbffffff,,,
8796d0d9cffffff,,,
876ac452dffffff,0.8489016146678651,2025-05,valid
876ad032cffffff,,,
876ac045affffff,,,
8796d68c2ffffff,,,
8796d6c66ffffff,,,
876ac00b6ffffff,,,
8796d244bffffff,,,
876af1714ffffff,,,
876ac6733ffffff,,,
876ae3300ffffff,,,
876ac48d1ffffff,,,
876ac5429ffffff,,,
876ad1228ffffff,,,
876ad308affffff,,,
876ac4c76ffffff,,,
876ad0a75ffffff,,,
876ac0c0dffffff,,,
876ac6ad8ffffff,,,
876adcc82ffffff,,,
8796d3755ffffff,,,
876ac44c3ffffff,,,
8796d2b94ffffff,,,
876ac5084ffffff,,,
876ad02c2ffffff,,,
876aeed5affffff,,,
876ac6325ffffff,,,
8796d6858ffffff,,,
876ac004cffffff,,,
876ae3a49ffffff,,,
876ac5b72ffffff,,,
876ad1971ffffff,,,
876af16aaffffff,,,
8796d60a5ffffff,,,
876ad5635ffffff,,,
876ad3498ffffff,,,
876ae3296ffffff,,,
876ad1636ffffff,,,
876ad3020ffffff,,,
876ac2daaffffff,,,
8796d20a6ffffff,,,
876ac4c0cffffff,,,
876ad0a0bffffff,,,
8796d0244ffffff,,,
876ac6a6effffff,,,
876adc80affffff,,,
876ad5aadffffff,,,
876ac0795ffffff,,,
8796d0cc8ffffff,,,
876ac4459ffffff,,,
8796d2b2affffff,,,
876ad0258ffffff,,,
876af1b22ffffff,,,
8796d0515ffffff,,,
8796d2859ffffff,,,
876ac5b08ffffff,,,
876ac4188ffffff,,,
876af1640ffffff,,,
876ad3769ffffff,,,
876ac2326ffffff,,,
876ae322cffffff,,,
876ac04c4ffffff,,,
876ad1154ffffff,,,
876adedb5ffffff,,,
876ac2d40ffffff,,,
876ac4ba2ffffff,,,
876ac679dffffff,,,
876ac6a04ffffff,,,
8796d300cffffff,,,
876ac072bffffff,,,
876ac258dffffff,,,
876ac2ad9ffffff,,,
8796d0c5effffff,,,
8796d2ac0ffffff,,,
876ac6251ffffff,,,
8796d6784ffffff,,,
8796d04abffffff,,,
876adccecffffff,,,
8796d230dffffff,,,
876ac5a9effffff,,,
876ad189dffffff,,,
876ac50eeffffff,,,
876ad10eaffffff,,,
876aded4bffffff,,,
876ac2cd6ffffff,,,
876ac699affffff,,,
876adc736ffffff,,,
876ad5364ffffff,,,
876ade598ffffff,,,
876ad3502ffffff,,,
876ac2523ffffff,,,
876ac4385ffffff,,,
8796d2a56ffffff,,,
876ad16a0ffffff,,,
8796d671affffff,,,
876ac58a1ffffff,,,
8796d2110ffffff,,,
8796d0441ffffff,,,
8796d22a3ffffff,,,
8796d02aeffffff,,,
876ac5a34ffffff,,,
876ad1833ffffff,,,
876af156cffffff,,,
876ad3695ffffff,,,
876ad1080ffffff,,,
8796d3952ffffff,,,
876adece1ffffff,,,
876af1b8cffffff,,,
876ac2c6cffffff,,,
876ac6054ffffff,,,
876ac4aceffffff,,,
8796d28c3ffffff,,,
876ac6930ffffff,,,
876ac2390ffffff,,,
876ade52effffff,,,
876ac052effffff,,,
876ac431bffffff,,,
876ade405ffffff,,,
8796d66b0ffffff,,,
876adc5a3ffffff,,,
8796d3076ffffff,,,
876af1502ffffff,,,
876ac49a5ffffff,,,
876ad362bffffff,,,
876ac2b43ffffff,,,
876ad1016ffffff,,,
8796d38e8ffffff,,,
876ac0ce1ffffff,,,
876ac0da0ffffff,,,
876ac2c02ffffff,,,
876ac4a64ffffff,,,
8796d3135ffffff,,,
876ac68c6ffffff,,,
876adcd56ffffff,,,
876ade4c4ffffff,,,
8796d3829ffffff,,,
876ac5158ffffff,,,
876ac42b1ffffff,,,
8796d2982ffffff,,,
876ac6113ffffff,,,
8796d6646ffffff,,,
876af3aadffffff,,,
876ac5960ffffff,,,
876af1498ffffff,,,
876ad356cffffff,,,
876ac51adffffff,,,
876af1443ffffff,,,
876ad170affffff,,,
876adcdabffffff,,,
876ac590bffffff,,,
876adec0dffffff,,,
876ac0d36ffffff,,,
876ac2b98ffffff,,,
8796d0318ffffff,,,
8796d30cbffffff,,,
876ac685cffffff,,,
876ad265bffffff,,,
876ade45affffff,,,
876ad5b81ffffff,,,
876ac0583ffffff,,,
8796d2918ffffff,,,
876af3a58ffffff,,,
876ad0046ffffff,,,
876ac60a9ffffff,,,
876af3a43ffffff,,,
876ad5b6cffffff,,,
8796d2165ffffff,,,
876ac58f6ffffff,,,
876ad005bffffff,,,
8796d292dffffff,,,
876ac425cffffff,,,
876ad16f5ffffff,,,
876af142effffff,,,
876ac0598ffffff,,,
876ac5143ffffff,,,
8796d3814ffffff,,,
876adcd41ffffff,,,
876ad2670ffffff,,,
876ac0cccffffff,,,
876ac6871ffffff,,,
8796d30e0ffffff,,,
876ac2b2effffff,,,
876ac4990ffffff,,,
876ac2badffffff,,,
876adc58effffff,,,
876ac0519ffffff,,,
876ac0d4bffffff,,,
8796d28aeffffff,,,
876adec22ffffff,,,
876ad5b02ffffff,,,
8796d0299ffffff,,,
876ac588cffffff,,,
876ad168bffffff,,,
8796d3893ffffff,,,
876ad34edffffff,,,
876ac50d9ffffff,,,
8796d37aaffffff,,,
876ac0c62ffffff,,,
876ac2ac4ffffff,,,
876ac4926ffffff,,,
876ad0725ffffff,,,
876ac6788ffffff,,,
876adc524ffffff,,,
876ac2311ffffff,,,
876ac4173ffffff,,,
876ad1774ffffff,,,
876ac5975ffffff,,,
8796d2844ffffff,,,
876af1b0dffffff,,,
8796d0382ffffff,,,
876ad5a98ffffff,,,
8796d2091ffffff,,,
876ac5822ffffff,,,
876ad1621ffffff,,,
876af135affffff,,,
876ad3483ffffff,,,
876ad52e5ffffff,,,
8796d665bffffff,,,
876aeed45ffffff,,,
8796d3740ffffff,,,
876adcc6dffffff,,,
876ac6128ffffff,,,
876ad00c5ffffff,,,
876ac42c6ffffff,,,
876ac2a5affffff,,,
876ae2793ffffff,,,
876aee592ffffff,,,
876ac2464ffffff,,,
876ac671effffff,,,
876ac0602ffffff,,,
876ac0445ffffff,,,
876ac4109ffffff,,,
876ad1d6affffff,,,
876ade4d9ffffff,,,
876af1aa3ffffff,,,
876ad5a2effffff,,,
876ac68dbffffff,,,
876af12f0ffffff,,,
876ad3419ffffff,,,
876aeecdbffffff,,,
876ac5005ffffff,,,
876adada1ffffff,,,
8796d36d6ffffff,,,
876adcc03ffffff,,,
876ac0db5ffffff,,,
876ac0b8effffff,,,
876adec8cffffff,,,
876aee528ffffff,,,
876ac4852ffffff,,,
876ad0651ffffff,,,
876ac66b4ffffff,,,
876adc450ffffff,,,
876ad102bffffff,,,
8796d2770ffffff,,,
876ad1d00ffffff,,,
876ad3b62ffffff,,,
876af1286ffffff,,,
876ad154dffffff,,,
876ad3640ffffff,,,
876ad5211ffffff,,,
876aeec71ffffff,,,
8796d366cffffff,,,
876ac0b24ffffff,,,
8796d224effffff,,,
876ac2986ffffff,,,
876ada584ffffff,,,
876ac664affffff,,,
876ac4035ffffff,,,
8796d2706ffffff,,,
876ad1c96ffffff,,,
876af3b2cffffff,,,
8796d66c5ffffff,,,
876af1ccaffffff,,,
876ac6192ffffff,,,
8796d00f1ffffff,,,
8796d2a01ffffff,,,
876ac4330ffffff,,,
876af121cffffff,,,
876ad14e3ffffff,,,
8796d3db5ffffff,,,
876ac24ceffffff,,,
876ad3345ffffff,,,
8796d3602ffffff,,,
876ac6d93ffffff,,,
876ade991ffffff,,,
876ade543ffffff,,,
876ac291cffffff,,,
876aee454ffffff,,,
876ada51affffff,0.02999999999992433,2026-07,valid
876ac6945ffffff,,,
8796d31b4ffffff,,,
876ac4ae3ffffff,,,
8796d6b13ffffff,,,
876ac2c81ffffff,,,
876ac2169ffffff,,,
8796d269cffffff,,,
876ad1c2cffffff,,,
8796d6360ffffff,,,
876ad3a8effffff,,,
876adecf6ffffff,,,
8796d3d4bffffff,,,
876ad32dbffffff,,,
876ad1095ffffff,,,
8796d3598ffffff,,,
876ac6d29ffffff,,,
876ac0a50ffffff,,,
876ac28b2ffffff,,,
876ac4714ffffff,,,
876ada4b0ffffff,0.17318692303581484,2026-07,valid
876af024cffffff,,,
876ac6576ffffff,,,
876ad36aaffffff,,,
876ade174ffffff,,,
8796d6aa9ffffff,,,
876ad1848ffffff,,,
8796d2632ffffff,,,
8796d4494ffffff,,,
8796d62f6ffffff,,,
876ad3a24ffffff,,,
8796d001dffffff,,,
8796d0456ffffff,,,
876ac5610ffffff,,,
8796d3ce1ffffff,,,
876ad3271ffffff,,,
8796d352effffff,,,
876ac2848ffffff,,,
876ac46aaffffff,,,
876ac650cffffff,,,
8796d2a6bffffff,,,
876ac439affffff,,,
8796d0c09ffffff,,,
876ade10affffff,,,
876ac2095ffffff,,,
8796d0766ffffff,,,
876ac06d6ffffff,,,
876ac5d59ffffff,,,
876ad1b58ffffff,,,
876ade5adffffff,,,
8796d628cffffff,,,
876ac4b4dffffff,,,
876ac55a6ffffff,,,
876ad13a5ffffff,,,
876af10deffffff,,,
876ac2cebffffff,,,
876ad5069ffffff,,,
8796d34c4ffffff,,,
876ac6c55ffffff,,,
876ade853ffffff,,,
876aded60ffffff,,,
876ac4640ffffff,,,
8796d2d11ffffff,,,
876ac64a2ffffff,,,
876ad22a1ffffff,,,
876ade0a0ffffff,,,
876ac202bffffff,,,
876ac5300ffffff,,,
8796d255effffff,,,
876ad1aeeffffff,,,
8796d6222ffffff,,,
876ad3950ffffff,,,
876ae3413ffffff,,,
8796d3c0dffffff,,,
876ad319dffffff,,,
876ac4d89ffffff,,,
876ad3714ffffff,,,
8796d345affffff,,,
876ad18b2ffffff,,,
876ac5ab3ffffff,,,
8796d2322ffffff,,,
876ac0912ffffff,,,
876ac2774ffffff,,,
8796d04c0ffffff,,,
879689298ffffff,,,
876ade036ffffff,,,
8796d696bffffff,,,
8796d0692ffffff,,,
8796d24f4ffffff,,,
876ac5c85ffffff,,,
8796d6799ffffff,,,
876ad1a84ffffff,,,
876ad38e6ffffff,,,
876ad5748ffffff,,,
876ac6266ffffff,,,
876ad0203ffffff,,,
8796d2ad5ffffff,,,
876ac4404ffffff,,,
876ae33a9ffffff,,,
8796d0c73ffffff,,,
876ac54d2ffffff,,,
876ae22dbffffff,,,
876ac25a2ffffff,,,
876ad12d1ffffff,,,
876ac0740ffffff,,,
876ad3133ffffff,,,
876ac6b81ffffff,,,
876adc91dffffff,,,
876ac08a8ffffff,,,
876ac270affffff,,,
876ac6a19ffffff,,,
876ac456cffffff,,,
876ad036bffffff,,,
876ac2d55ffffff,,,
87968922effffff,,,
8796d6901ffffff,,,
876ac00f5ffffff,,,
8796d0628ffffff,,,
876ae3af2ffffff,,,
8796d248affffff,,,
876ac5c1bffffff,,,
876ad1a1affffff,,,
876af1753ffffff,,,
8796d614effffff,,,
876ad56deffffff,,,
876ad1169ffffff,,,
876ac5468ffffff,,,
876ad30c9ffffff,,,
876ac4cb5ffffff,,,
876ae3241ffffff,,,
8796d3386ffffff,,,
876adc8b3ffffff,,,
876ac26a0ffffff,,,
876ac4502ffffff,,,
876ad0301ffffff,,,
876ac6364ffffff,,,
876adc100ffffff,,,
8796d6050ffffff,,,
876ac008bffffff,,,
876ae3a88ffffff,,,
8796d2420ffffff,,,
876ac5bb1ffffff,,,
876af1655ffffff,,,
876ad191cffffff,,,
876af16e9ffffff,,,
876ad19b0ffffff,,,
876ac5b1dffffff,,,
8796d238cffffff,,,
8796d60e4ffffff,,,
876ad3812ffffff,,,
876ad5674ffffff,,,
8796d052affffff,,,
876ae32d5ffffff,,,
876ac4c4bffffff,,,
876ad0a4affffff,,,
8796d6803ffffff,,,
876ac6aadffffff,,,
876ac2636ffffff,,,
876ac62d0ffffff,,,
876ad026dffffff,,,
876ac4498ffffff,,,
876ac446effffff,,,
8796d2b69ffffff,,,
8796d0cddffffff,,,
876adc096ffffff,,,
876ac260cffffff,,,
8796d682dffffff,,,
876ac0021ffffff,,,
876ac07aaffffff,,,
8796d0554ffffff,,,
876ae3a1effffff,,,
8796d23b6ffffff,,,
876ad1946ffffff,,,
876ad37a8ffffff,,,
876ac6a83ffffff,,,
876ad560affffff,,,
876ac4c21ffffff,,,
876ae326bffffff,,,
876ac5394ffffff,,,
876ad1193ffffff,,,
8796d32b2ffffff,,,
876ac6a43ffffff,,,
876ac076affffff,,,
876ad3035ffffff,,,
8796d0c9dffffff,,,
876ac442effffff,,,
876ad022dffffff,,,
876ac6290ffffff,,,
876ae32abffffff,,,
8796d04eaffffff,,,
8796d234cffffff,,,
876ac5addffffff,,,
876ad18dcffffff,,,
876af1615ffffff,,,
8796d6010ffffff,,,
876ad564affffff,,,
876ae3201ffffff,,,
876ac532affffff,,,
876ad1129ffffff,,,
876ad1986ffffff,,,
876aded8affffff,,,
876ac2d15ffffff,,,
876ae3a5effffff,,,
876ac3d25ffffff,,,
8796d0594ffffff,,,
876ac0700ffffff,,,
876ac2562ffffff,,,
876ae229bffffff,,,
876ac0061ffffff,,,
8796d2a95ffffff,,,
876ac6226ffffff,,,
8796d686dffffff,,,
8796d6759ffffff,,,
8796d0480ffffff,,,
8796d22e2ffffff,,,
8796d2ba9ffffff,,,
876ad1872ffffff,,,
876ac44d8ffffff,,,
876af15abffffff,,,
876ad36d4ffffff,,,
876ac2676ffffff,,,
8796d3991ffffff,,,
876ac0814ffffff,,,
876aded20ffffff,,,
876ac2cabffffff,,,
876ac4b0dffffff,,,
876adc889ffffff,,,
876ad276effffff,,,
876ac6aedffffff,,,
876ad0a8affffff,,,
876ade56dffffff,,,
876ac4c8bffffff,,,
876ac0696ffffff,,,
876ac435affffff,,,
8796d2a2bffffff,,,
876ad0159ffffff,,,
876af3b56ffffff,,,
8796d0416ffffff,,,
876ac5a09ffffff,,,
876ad1808ffffff,,,
876af1541ffffff,,,
876ad366affffff,,,
876ad1055ffffff,,,
876adecb6ffffff,,,
876ac2c41ffffff,,,
876ac4aa3ffffff,,,
8796d3174ffffff,,,
876ac6905ffffff,,,
876ade503ffffff,,,
876ac062cffffff,,,
876ac248effffff,,,
876ad56b4ffffff,,,
876ac42f0ffffff,,,
876ac6152ffffff,,,
876af1c8affffff,,,
876ad3852ffffff,,,
8796d6124ffffff,,,
8796d6685ffffff,,,
876af1729ffffff,,,
876af3aecffffff,,,
8796d2460ffffff,,,
8796d03acffffff,,,
876ae3ac8ffffff,,,
8796d220effffff,,,
876ad179effffff,,,
876ad3600ffffff,,,
876ac00cbffffff,,,
876adec4cffffff,,,
876ac0d75ffffff,,,
8796d310affffff,,,
876ac689bffffff,,,
876ade499ffffff,,,
876ac2424ffffff,,,
879689204ffffff,,,
876ac63a4ffffff,,,
876ad0341ffffff,,,
8796d2c13ffffff,,,
876ac4542ffffff,,,
8796d0db1ffffff,,,
876ac4286ffffff,,,
876ac26e0ffffff,,,
876ac60e8ffffff,,,
8796d661bffffff,,,
876ad5babffffff,,,
8796d21a4ffffff,,,
876ac5935ffffff,,,
876adc8f3ffffff,,,
876ad1734ffffff,,,
876af146dffffff,,,
876ac4cf5ffffff,,,
876ad3596ffffff,,,
876ac5182ffffff,,,
8796d3853ffffff,,,
876adcd80ffffff,,,
876ac0d0bffffff,,,
876ac2b6dffffff,,,
8796d30a0ffffff,,,
876ac6831ffffff,,,
876ad3109ffffff,,,
876ac0558ffffff,,,
876ac421cffffff,,,
8796d28edffffff,,,
876ad001bffffff,,,
876ac54a8ffffff,,,
876af3a18ffffff,,,
876ad5b41ffffff,,,
8796d02d8ffffff,,,
876ac58cbffffff,,,
876ad16caffffff,0.0223652418056624,2026-07,valid
876af1403ffffff,,,
876af3265ffffff,,,
876ad352cffffff,,,
876ad571effffff,,,
876ad538effffff,,,
876ac5118ffffff,,,
876adcd16ffffff,,,
8796d618effffff,,,
876ac0ca1ffffff,,,
876ac2b03ffffff,,,
876ac4965ffffff,,,
876af1793ffffff,,,
876ad1a5affffff,,,
876ad0764ffffff,,,
876ac5c5bffffff,,,
8796d3036ffffff,,,
8796d24caffffff,,,
876adc563ffffff,,,
876ac04eeffffff,,,
8796d0668ffffff,,,
876ac41b2ffffff,,,
8796d2883ffffff,,,
876ac6014ffffff,,,
876ac0135ffffff,,,
876af1b4cffffff,,,
8796d6941ffffff,,,
876ade00cffffff,,,
876adc1aaffffff,,,
8796d20d0ffffff,,,
87968926effffff,,,
876ac640effffff,,,
876ad03abffffff,,,
876ac45acffffff,,,
876ac5861ffffff,,,
876ad1660ffffff,,,
876af1399ffffff,,,
876ac274affffff,,,
876ad34c2ffffff,,,
876ad5324ffffff,,,
876aeed84ffffff,,,
876ac08e8ffffff,,,
876ac50aeffffff,,,
876adccacffffff,,,
876ac2a99ffffff,,,
876ac675dffffff,,,
8796d3430ffffff,,,
876ac0484ffffff,,,
876ac4148ffffff,,,
8796d2819ffffff,,,
876ad1da9ffffff,,,
876af1ae2ffffff,,,
8796d64ddffffff,0.09923068597855936,2026-07,valid
876af3944ffffff,,,
876ad5a6dffffff,,,
8796d0204ffffff,,,
876ae36ceffffff,,,
8796d2066ffffff,,,
876ad3458ffffff,,,
876ad3173ffffff,,,
876aeed1affffff,,,
876ac5044ffffff,,,
876af104affffff,,,
876ad1311ffffff,,,
8796d3715ffffff,,,
876ac5512ffffff,,,
876adcc42ffffff,,,
876ac4891ffffff,,,
876ac66f3ffffff,,,
876ad5788ffffff,,,
876ac041affffff,,,
876ad3926ffffff,,,
876ac40deffffff,,,
876ad1ac4ffffff,,,
8796d6473ffffff,,,
876ad3ba1ffffff,,,
876ac5cc5ffffff,,,
8796d2534ffffff,,,
876ad5a03ffffff,,,
8796d019affffff,,,
876ae3664ffffff,,,
8796d06d2ffffff,,,
876ac578dffffff,,,
876ac2001ffffff,,,
876af12c5ffffff,,,
876ad158cffffff,,,
876ad5250ffffff,,,
876aeecb0ffffff,,,
8796d36abffffff,,,
8796d69abffffff,,,
876ade076ffffff,,,
876ac0b63ffffff,,,
8796892d8ffffff,,,
876ad0626ffffff,,,
876ac6689ffffff,,,
876ac4616ffffff,,,
876adc425ffffff,,,
876ac27b4ffffff,,,
876ac03b0ffffff,,,
876ac0952ffffff,,,
876ac4074ffffff,,,
8796d2745ffffff,,,
876ad1cd5ffffff,,,
876ade829ffffff,,,
876af1a0effffff,,,
876ac6c2bffffff,,,
8796d349affffff,,,
876ac5723ffffff,,,
876af125bffffff,,,
876ad1522ffffff,,,
876ad3384ffffff,,,
876aeec46ffffff,,,
8796d3641ffffff,,,
876ac295bffffff,,,
876ae2694ffffff,,,
876aee493ffffff,,,
8796d6b52ffffff,,,
8796d3c4dffffff,,,
876af10b4ffffff,,,
876ac21a8ffffff,,,
876ac400affffff,,,
8796d26dbffffff,,,
876ae3453ffffff,,,
876ad1c6bffffff,,,
876ad3acdffffff,,,
8796d00c6ffffff,,,
876ae3590ffffff,,,
8796d3d8affffff,,,
876ad331affffff,,,
876adaca2ffffff,0.12709020237266533,2026-07,valid
876ad3990ffffff,,,
8796d6262ffffff,,,
876ac6d68ffffff,,,
876ad1b2effffff,,,
876ade966ffffff,,,
876ac28f1ffffff,,,
8796d259effffff,,,
876aee429ffffff,,,
876ac4753ffffff,,,
876ac65b5ffffff,,,
876ac206bffffff,,,
876ade1b3ffffff,,,
8796d6ae8ffffff,,,
8796d6a15ffffff,,,
876ade0e0ffffff,,,
876ad22e1ffffff,,,
8796d2671ffffff,,,
8796d44d3ffffff,,,
876ac64e2ffffff,,,
8796d2d51ffffff,,,
876ad1c01ffffff,,,
8796d6335ffffff,,,
876ac4680ffffff,,,
876ad3a63ffffff,,,
8796d005cffffff,,,
876ac281effffff,,,
876ad144effffff,,,
8796d3d20ffffff,,,
876ad32b0ffffff,,,
8796d356dffffff,,,
876ade893ffffff,,,
876ac0a25ffffff,0.0400691972066148,2026-06,valid
876ac46e9ffffff,,,
876ada485ffffff,,,
876ac6c95ffffff,,,
8796d3504ffffff,,,
876ac654bffffff,,,
876ac20d4ffffff,,,
8796d07a5ffffff,,,
876ac5d98ffffff,,,
8796d62cbffffff,,,
8796d3cb6ffffff,,,
876ad3246ffffff,,,
8796d3503ffffff,,,
876ac6c94ffffff,,,
876ade892ffffff,,,
876ac281dffffff,,,
8796d2d50ffffff,,,
876ac64e1ffffff,,,
876ad22e0ffffff,,,
8796d6a14ffffff,,,
8796d62ccffffff,,,
876ac206affffff,,,
876ad1b98ffffff,,,
876ac5d99ffffff,,,
8796d259dffffff,0.030000000000023282,2026-07,valid
8796d2608ffffff,,,
876ac5d2effffff,,,
876ad1b2dffffff,,,
8796d07a6ffffff,,,
8796d6261ffffff,,,
876ac20d5ffffff,,,
876ae3452ffffff,,,
876af10b3ffffff,,,
8796d3c4cffffff,,,
876ade14affffff,,,
8796d3499ffffff,,,
876ac6c2affffff,,,
876ac654cffffff,,,
876ada486ffffff,,,
876ac46eaffffff,,,
876ade828ffffff,,,
876ac2888ffffff,,,
876ac0951ffffff,,,
876ac27b3ffffff,,,
876ac4615ffffff,,,
8796d2ce6ffffff,,,
876ac0a26ffffff,,,
876ade075ffffff,,,
8796d69aaffffff,,,
876ac019effffff,,,
876ac2000ffffff,,,
8796d06d1ffffff,,,
8796d356effffff,,,
8796d2533ffffff,,,
876ac5cc4ffffff,,,
876ad1ac3ffffff,,,
876ad3925ffffff,,,
876ac5511ffffff,,,
876ad1310ffffff,,,
876af1049ffffff,,,
876ad3172ffffff,,,
876ac4d5effffff,,,
876adc95cffffff,,,
876ad32b1ffffff,,,
876ac2749ffffff,,,
8796d3d21ffffff,,,
876ac45abffffff,,,
876ad03aaffffff,,,
876ac640dffffff,,,
87968926dffffff,,,
876adc1a9ffffff,,,
8796d005dffffff,,,
876ade00bffffff,,,
8796d6940ffffff,,,
876ac0134ffffff,,,
8796d24c9ffffff,,,
876ac5c5affffff,,,
876ad1a59ffffff,,,
876af1792ffffff,,,
876ad3a64ffffff,,,
8796d6336ffffff,,,
8796d618dffffff,,,
876ad571dffffff,,,
876ad1c02ffffff,,,
8796d44d4ffffff,,,
876ad12a6ffffff,,,
8796d2672ffffff,,,
876ad3108ffffff,,,
876ac4cf4ffffff,,,
876ad0af3ffffff,,,
876ac6b56ffffff,,,
876adc8f2ffffff,,,
8796d0db0ffffff,,,
876ac4541ffffff,,,
8796d6ae9ffffff,,,
876ade1b4ffffff,,,
8796d2c12ffffff,,,
876ad0340ffffff,,,
876ac63a3ffffff,,,
879689203ffffff,,,
876ac65b6ffffff,,,
876ac4754ffffff,,,
8796d68d6ffffff,,,
876aee42affffff,,,
876ac00caffffff,,,
876ac28f2ffffff,,,
876ac3d8effffff,,,
876af1728ffffff,,,
876ac0a90ffffff,,,
8796d6123ffffff,,,
876ad3851ffffff,,,
876ad56b3ffffff,,,
876ad309effffff,,,
876ac6d69ffffff,,,
876ac4c8affffff,,,
876adaca3ffffff,0.010686994799582527,2026-07,valid
876ac6aecffffff,,,
876adc888ffffff,,,
876ac0813ffffff,,,
876ac2675ffffff,,,
8796d2ba8ffffff,,,
876ad02d6ffffff,,,
8796d686cffffff,,,
876ad331bffffff,,,
876ac0060ffffff,,,
8796d0593ffffff,,,
876ac3d24ffffff,,,
8796d3d8bffffff,,,
876ae3a5dffffff,,,
876ac5b86ffffff,,,
876ad1985ffffff,,,
876ad5649ffffff,,,
876ae3591ffffff,,,
876ae32aaffffff,,,
876ad3034ffffff,,,
876ac4c20ffffff,,,
876ac6a82ffffff,,,
876ad3aceffffff,,,
8796d63a0ffffff,,,
876adc81effffff,,,
876ad1c6cffffff,,,
876ac07a9ffffff,,,
876ac260bffffff,,,
8796d26dcffffff,,,
8796d0cdcffffff,,,
876ac400bffffff,,,
876ac446dffffff,,,
876ad026cffffff,,,
876ac21a9ffffff,,,
8796d6802ffffff,,,
8796d0529ffffff,,,
8796d238bffffff,,,
876ac5b1cffffff,,,
8796d6b53ffffff,,,
876ad191bffffff,,,
876af1654ffffff,,,
876ac6620ffffff,,,
876ae3240ffffff,,,
876ad1168ffffff,,,
876aee494ffffff,,,
876ac2d54ffffff,,,
876ae2695ffffff,,,
876ac295cffffff,,,
876ac4bb6ffffff,,,
876ac6a18ffffff,,,
876ac25a1ffffff,,,
876ae22daffffff,,,
8796d0c72ffffff,,,
876ac4403ffffff,,,
8796d2ad4ffffff,,,
8796d3642ffffff,,,
876ad0202ffffff,,,
876ac6265ffffff,,,
8796d6798ffffff,,,
8796d2321ffffff,,,
876ac5ab2ffffff,,,
876ad18b1ffffff,,,
876ad3713ffffff,,,
876ad3385ffffff,,,
876ac2ceaffffff,,,
876ac4b4cffffff,,,
876ad1523ffffff,,,
876af125cffffff,,,
876ac5724ffffff,,,
876ac69aeffffff,,,
876ade5acffffff,,,
876ac06d5ffffff,,,
8796d0c08ffffff,,,
876ac4399ffffff,,,
8796d2a6affffff,,,
876af3871ffffff,,,
8796d45a8ffffff,,,
876ad1cd6ffffff,,,
8796d672effffff,,,
8796d2746ffffff,,,
8796d0455ffffff,,,
876ac4075ffffff,,,
876ad36a9ffffff,,,
876ac03b1ffffff,,,
876ad1094ffffff,,,
8796d3966ffffff,,,
876adecf5ffffff,,,
876ac2c80ffffff,,,
876ac4ae2ffffff,,,
876adc426ffffff,,,
8796d31b3ffffff,,,
876ac668affffff,,,
876ac6944ffffff,,,
876ac4828ffffff,,,
876ad2743ffffff,,,
876ade542ffffff,,,
876ac24cdffffff,,,
876ac0b64ffffff,,,
8796d2a00ffffff,,,
876ac6191ffffff,,,
8796d66c4ffffff,,,
876af3b2bffffff,,,
8796d224dffffff,,,
8796d36acffffff,,,
876af1516ffffff,,,
876aeecb1ffffff,,,
876ad102affffff,,,
876adec8bffffff,,,
876ac0db4ffffff,,,
876ac2c16ffffff,,,
876ac68daffffff,,,
876ad26d9ffffff,,,
876ad5251ffffff,,,
876ade4d8ffffff,,,
876ac0601ffffff,,,
876ac2463ffffff,,,
876ac42c5ffffff,,,
8796d2996ffffff,,,
876ad158dffffff,,,
876af12c6ffffff,,,
876ad00c4ffffff,,,
876ac578effffff,,,
8796d665affffff,,,
876af3ac1ffffff,,,
876ae3665ffffff,,,
8796d019bffffff,,,
8796d0381ffffff,,,
876ac5974ffffff,,,
876ad1773ffffff,,,
876ad5a04ffffff,,,
876ad3ba2ffffff,,,
8796d3892ffffff,,,
876ad1d40ffffff,,,
876adec21ffffff,,,
876ac0d4affffff,,,
876ac2bacffffff,,,
8796d27b0ffffff,,,
876ac4a0effffff,,,
876ac6870ffffff,,,
876ade46effffff,,,
876ac041bffffff,,,
876ac425bffffff,,,
8796d292cffffff,,,
876ad005affffff,,,
876adc490ffffff,,,
876ac66f4ffffff,,,
876ac4892ffffff,,,
876ac590affffff,,,
876aee568ffffff,,,
876ad1709ffffff,,,
876ac2a30ffffff,,,
876af1442ffffff,,,
876ad356bffffff,,,
8796d3828ffffff,,,
876adcd55ffffff,,,
876ac0ce0ffffff,,,
876ac2b42ffffff,,,
876adcc43ffffff,,,
876ac49a4ffffff,,,
8796d3716ffffff,,,
8796d3075ffffff,,,
876ac6806ffffff,,,
876ac5045ffffff,,,
876aeed1bffffff,,,
876adc5a2ffffff,,,
876ade404ffffff,,,
876ac052dffffff,,,
8796d28c2ffffff,,,
876ac6053ffffff,,,
876af1b8bffffff,,,
876ad5b16ffffff,,,
8796d02adffffff,,,
876ac58a0ffffff,,,
876ad3459ffffff,,,
876ad3501ffffff,,,
876ad5363ffffff,,,
876af1330ffffff,,,
876ac50edffffff,,,
876adccebffffff,,,
8796d0205ffffff,,,
876ac0c76ffffff,,,
876ac2ad8ffffff,,,
8796d300bffffff,,,
876ac679cffffff,,,
876ad5a6effffff,,,
876ac04c3ffffff,,,
876ac2325ffffff,,,
876af3945ffffff,,,
8796d2858ffffff,,,
876ad1daaffffff,,,
876af1ae3ffffff,,,
876af1b21ffffff,,,
8796d281affffff,,,
876ad5aacffffff,,,
876ac4149ffffff,,,
8796d0243ffffff,,,
8796d20a5ffffff,,,
876ac5836ffffff,,,
876ad1635ffffff,,,
876af136effffff,,,
876ac0485ffffff,,,
876aeed59ffffff,,,
876ac5083ffffff,,,
8796d3754ffffff,,,
876adcc81ffffff,,,
876ac675effffff,,,
876ac0c0cffffff,,,
876ac2a6effffff,,,
876aee5a6ffffff,,,
876ac48d0ffffff,,,
876ac6732ffffff,,,
876ac2a9affffff,,,
8796d6c65ffffff,,,
876ac0459ffffff,,,
876ac411dffffff,,,
876ad5a42ffffff,,,
876adccadffffff,,,
8796d3780ffffff,,,
876af1304ffffff,,,
876ad342dffffff,,,
876ac5019ffffff,,,
876aeed85ffffff,,,
876adadb5ffffff,,,
8796d36eaffffff,,,
876ac0ba2ffffff,,,
876ac2a04ffffff,,,
876ac4866ffffff,,,
876ad0665ffffff,,,
876ad5325ffffff,,,
876ac66c8ffffff,,,
876adc464ffffff,,,
876ad34c3ffffff,,,
876af139affffff,,,
876ad1661ffffff,,,
876ac5862ffffff,,,
8796d20d1ffffff,,,
876ac40b3ffffff,,,
8796d2784ffffff,,,
876ad1d14ffffff,,,
876af1a4dffffff,,,
8796d6448ffffff,,,
876ad3b76ffffff,,,
876ac5762ffffff,,,
876af129affffff,,,
876ad5ad8ffffff,,,
876ad1561ffffff,,,
876ad5225ffffff,,,
876aeec85ffffff,,,
8796d6548ffffff,0.009999999999976717,2026-07,valid
8796d3680ffffff,,,
876af1b4dffffff,,,
876ac6015ffffff,,,
8796d2884ffffff,,,
876ac299affffff,,,
876ac41b3ffffff,,,
876ae26d3ffffff,,,
876aee4d2ffffff,,,
876ada598ffffff,,,
876ac665effffff,,,
8796d6b91ffffff,,,
876ac4049ffffff,,,
8796d271affffff,,,
876ad1caaffffff,,,
876ad3b0cffffff,,,
876adc564ffffff,,,
876af3845ffffff,,,
876ad596effffff,,,
876ad0765ffffff,,,
876ac4966ffffff,,,
876af1230ffffff,,,
876ad3359ffffff,,,
876ac2b04ffffff,,,
876aeec1bffffff,,,
876adace1ffffff,,,
8796d3616ffffff,,,
876ac0ca2ffffff,,,
876ade9a5ffffff,,,
876ac2930ffffff,,,
876ae2669ffffff,,,
876ac4792ffffff,,,
876ada52effffff,,,
876af02caffffff,,,
876ac5119ffffff,,,
8796d26b0ffffff,,,
876ad1c40ffffff,,,
8796d4512ffffff,,,
8796d6374ffffff,,,
876ad3aa2ffffff,,,
876ad5904ffffff,,,
8796d009bffffff,,,
876ad148dffffff,,,
876ad352dffffff,,,
876af3266ffffff,,,
8796d35acffffff,,,
876af1404ffffff,,,
876ad16cbffffff,,,
876ac58ccffffff,,,
876ac0a64ffffff,0.045156952372244506,2026-06,valid
876ac28c6ffffff,,,
8796d02d9ffffff,,,
876ac4728ffffff,,,
876ac658affffff,,,
876ad5b42ffffff,,,
876ad2389ffffff,,,
876ade188ffffff,,,
876af3a19ffffff,,,
876ac2113ffffff,,,
8796d2646ffffff,,,
8796d44a8ffffff,,,
8796d630affffff,,,
876ad001cffffff,,,
8796d28eeffffff,,,
876ac5624ffffff,,,
876ad1423ffffff,,,
876ac421dffffff,,,
8796d3cf5ffffff,,,
876ad3285ffffff,,,
8796d3542ffffff,,,
876ac0559ffffff,,,
876ac6cd3ffffff,,,
8796d6d65ffffff,0.017829508675980352,2026-07,valid
876ade430ffffff,,,
876ade8d1ffffff,,,
876ac285cffffff,,,
876ac6832ffffff,,,
8796d30a1ffffff,,,
876ac6520ffffff,,,
876ade11effffff,,,
8796d6a53ffffff,,,
876ac20a9ffffff,,,
876ac5d6dffffff,,,
876ac2b6effffff,,,
876ad1b6cffffff,,,
8796d62a0ffffff,,,
876ac0d0cffffff,,,
876ae3491ffffff,,,
876af10f2ffffff,,,
8796d3c8bffffff,,,
876ad321bffffff,,,
8796d34d8ffffff,,,
876adcd81ffffff,,,
876ac6c69ffffff,,,
8796d3854ffffff,,,
876ac5183ffffff,,,
876ac0990ffffff,,,
876ac4654ffffff,,,
8796d2d25ffffff,,,
876ac64b6ffffff,,,
876ad22b5ffffff,,,
876ade0b4ffffff,,,
8796d0710ffffff,,,
8796d2572ffffff,,,
876af32d0ffffff,,,
876ac5d03ffffff,,,
876ad1b02ffffff,,,
876af146effffff,,,
876ad1735ffffff,,,
8796d6236ffffff,,,
876ac5936ffffff,,,
8796d21a5ffffff,,,
876ad3964ffffff,,,
876ac5550ffffff,,,
876af1088ffffff,,,
8796d3c21ffffff,,,
876ad31b1ffffff,,,
876ad5bacffffff,,,
876ac4d9dffffff,,,
8796d661cffffff,,,
8796d346effffff,,,
876adc99bffffff,,,
876ac60e9ffffff,,,
876ac0926ffffff,,,
8796d2958ffffff,,,
876ac2788ffffff,,,
876ac2425ffffff,,,
876ac644cffffff,,,
8796892acffffff,,,
876ad224bffffff,,,
876ac0173ffffff,,,
8796d06a6ffffff,,,
8796d2508ffffff,,,
876ade49affffff,,,
876ac5c99ffffff,,,
876ad1a98ffffff,,,
876ad575cffffff,,,
876ac689cffffff,,,
8796d310bffffff,,,
876ac54e6ffffff,,,
876ad12e5ffffff,,,
8796d15a2ffffff,,,
876ac4d33ffffff,,,
8796d3404ffffff,,,
876ac6b95ffffff,,,
876ac0d76ffffff,,,
876ade793ffffff,0.009435542080025363,2026-07,valid
876ac271effffff,,,
876ac4580ffffff,,,
876adec4dffffff,,,
8796d2c51ffffff,,,
879689242ffffff,,,
8796d6915ffffff,,,
876ac0109ffffff,,,
8796d249effffff,,,
876ad1a2effffff,,,
8796d6162ffffff,,,
876ad56f2ffffff,,,
876ae3353ffffff,,,
876ad30ddffffff,,,
876ac4cc9ffffff,,,
876ad0ac8ffffff,,,
8796d339affffff,,,
876ad3601ffffff,,,
876ac6b2bffffff,,,
876ac0852ffffff,,,
876af14d8ffffff,,,
876ac26b4ffffff,,,
876ac59a0ffffff,,,
8796d0d85ffffff,,,
876ac4516ffffff,,,
876ad0315ffffff,,,
8796d03adffffff,,,
876adc114ffffff,,,
8796d68abffffff,,,
8796d2434ffffff,,,
876ad3826ffffff,,,
876af3aedffffff,,,
8796d6686ffffff,,,
876ad5688ffffff,,,
876af1c8bffffff,,,
876ae32e9ffffff,,,
876ac6153ffffff,,,
876ac5412ffffff,,,
876ad00f0ffffff,,,
876ac42f1ffffff,,,
876ad1211ffffff,,,
876ad3073ffffff,,,
876ad0a5effffff,,,
876ac6ac1ffffff,,,
876ac062dffffff,,,
876ade504ffffff,,,
876aee182ffffff,,,
876ac44acffffff,,,
876ac6906ffffff,,,
8796d3175ffffff,,,
876ad02abffffff,,,
876ac4aa4ffffff,,,
876ac630effffff,,,
876adc0aaffffff,,,
8796d6841ffffff,,,
876ac2c42ffffff,,,
876ac0035ffffff,,,
8796d0568ffffff,,,
876ad195affffff,,,
876af1693ffffff,,,
8796d608effffff,,,
876ad561effffff,,,
876ad3009ffffff,,,
876ac2d93ffffff,,,
8796d3928ffffff,,,
876ad1056ffffff,,,
8796d0cb1ffffff,,,
876ac4442ffffff,,,
8796d2b13ffffff,,,
876ad0241ffffff,,,
876ac62a4ffffff,,,
8796d2360ffffff,,,
876ac5af1ffffff,,,
876ad18f0ffffff,,,
876ad366bffffff,,,
876af1629ffffff,,,
8796d6024ffffff,,,
876ad3752ffffff,,,
876af1542ffffff,,,
876ad1809ffffff,,,
876ac5a0affffff,,,
876ae3215ffffff,,,
876aded9effffff,,,
876ac2d29ffffff,,,
876ac4b8bffffff,,,
8796d66f0ffffff,,,
876ac0714ffffff,,,
876ac2576ffffff,,,
8796d2aa9ffffff,,,
876ad015affffff,,,
8796d2a2cffffff,,,
8796d676dffffff,,,
876ac435bffffff,,,
8796d0494ffffff,,,
8796d22f6ffffff,,,
876ad1886ffffff,,,
876ad36e8ffffff,,,
876ade56effffff,,,
876ad10d3ffffff,,,
8796d39a5ffffff,,,
876ac6970ffffff,,,
876aded34ffffff,,,
876ac4b0effffff,,,
876ac4b21ffffff,,,
876ac6983ffffff,,,
876ac2cacffffff,,,
876ade581ffffff,,,
876ac06aaffffff,,,
876ac250cffffff,,,
876ac436effffff,,,
876aded21ffffff,,,
8796d6703ffffff,,,
876af3b6affffff,,,
8796d042affffff,,,
8796d228cffffff,,,
8796d3992ffffff,,,
876ad10c0ffffff,,,
876ac5a1dffffff,,,
876ad181cffffff,,,
876af1555ffffff,,,
876ad1069ffffff,,,
876adeccaffffff,,,
876ac2c55ffffff,,,
8796d3188ffffff,,,
876ad36d5ffffff,,,
876ac6919ffffff,,,
876ac24a2ffffff,,,
876af15acffffff,,,
876ad1873ffffff,,,
876ac5a74ffffff,,,
8796d22e3ffffff,,,
876ac4304ffffff,,,
8796d0481ffffff,,,
876ac6166ffffff,,,
876af1c9effffff,,,
8796d6699ffffff,,,
876af3b00ffffff,,,
8796d2222ffffff,,,
876ac59b3ffffff,,,
8796d675affffff,,,
876ad17b2ffffff,,,
876af14ebffffff,,,
876af334dffffff,,,
876ad3614ffffff,,,
8796d2a96ffffff,,,
8796d38d1ffffff,,,
876adec60ffffff,,,
876ac0d89ffffff,,,
876ac4a4dffffff,,,
876ac2563ffffff,,,
8796d311effffff,,,
876ac0701ffffff,,,
876ade4adffffff,,,
876ac429affffff,1.0839393863037103,2026-02,valid
8796d296bffffff,,,
876ad0099ffffff,,,
876ac5949ffffff,,,
876ad1748ffffff,,,
876ac2d16ffffff,,,
876af1481ffffff,,,
876ad35aaffffff,,,
876ac5196ffffff,,,
876adcd94ffffff,,,
876aded8bffffff,,,
876ac2b81ffffff,,,
8796d30b4ffffff,,,
876ac6845ffffff,,,
876ad2644ffffff,,,
876ade443ffffff,0.019999999999965077,2026-07,valid
876ad112affffff,,,
876ac056cffffff,,,
876ac532bffffff,,,
876ac4230ffffff,,,
8796d2901ffffff,,,
876ac6092ffffff,,,
876ae3202ffffff,,,
876af3a2cffffff,,,
876ad3cf3ffffff,,,
876ad5b55ffffff,,,
8796d02ecffffff,,,
8796d214effffff,,,
876ad16deffffff,,,
876ad3540ffffff,,,
876ad53a2ffffff,,,
8796d6011ffffff,,,
876ac512cffffff,,,
876af1616ffffff,,,
876ad18ddffffff,,,
876adcd2affffff,,,
876ac5adeffffff,,,
8796d234dffffff,,,
876ac0cb5ffffff,,,
8796d304affffff,,,
8796d04ebffffff,,,
876ac0502ffffff,,,
876ac2364ffffff,,,
876ac6028ffffff,,,
876af1b60ffffff,,,
876ad3c89ffffff,,,
876ad5aebffffff,,,
8796d0282ffffff,,,
8796d20e4ffffff,,,
876ac5875ffffff,,,
876ac6291ffffff,,,
876ad022effffff,,,
8796d2b00ffffff,,,
876ad1674ffffff,,,
876af13adffffff,,,
8796d0c9effffff,,,
876ad34d6ffffff,,,
876aeed98ffffff,,,
876ac50c2ffffff,,,
8796d3793ffffff,,,
876ac076bffffff,,,
876adccc0ffffff,,,
876adeb22ffffff,,,
876ac0c4bffffff,,,
876ac2aadffffff,,,
876ac6a44ffffff,,,
8796d32b3ffffff,,,
876ad070effffff,,,
876ac6771ffffff,,,
876adc50dffffff,,,
876ac0498ffffff,,,
876ac2d80ffffff,,,
876ac415cffffff,,,
8796d282dffffff,,,
876af1af6ffffff,,,
876af3958ffffff,,,
876ad5a81ffffff,,,
8796d0218ffffff,,,
876ae36e2ffffff,,,
876ac580bffffff,,,
876ad160affffff,,,
876af1343ffffff,,,
876ad346cffffff,,,
876ad52ceffffff,,,
876ad1194ffffff,,,
876aeed2effffff,,,
876ac5058ffffff,,,
8796d3729ffffff,,,
876ae326cffffff,,,
876adcc56ffffff,,,
876ac2a43ffffff,,,
876ac48a5ffffff,,,
876adc4a3ffffff,,,
876ad560bffffff,,,
876ac042effffff,,,
876ad37a9ffffff,,,
876ac40f2ffffff,,,
876ad1d53ffffff,,,
876af1680ffffff,,,
876af1a8cffffff,,,
876ad3bb5ffffff,,,
8796d01aeffffff,,,
8796d0555ffffff,,,
8796d2010ffffff,,,
876ac57a1ffffff,,,
876af12d9ffffff,,,
876ad15a0ffffff,,,
876ad3402ffffff,,,
876ad5264ffffff,,,
876ac0022ffffff,,,
876aeecc4ffffff,,,
876adad8affffff,,,
8796d682effffff,,,
876aee511ffffff,,,
876ad0298ffffff,,,
8796d2b6affffff,,,
876ac669dffffff,,,
876ac4499ffffff,,,
876ac4088ffffff,,,
8796d2759ffffff,,,
876ad1ce9ffffff,,,
876af1a22ffffff,,,
876ad3b4bffffff,,,
876ae360effffff,,,
876ad1536ffffff,,,
876ad3398ffffff,,,
876ac6aaeffffff,,,
876ad0a4bffffff,,,
876ac4c4cffffff,,,
876aeec5affffff,,,
876adad20ffffff,,,
8796d3655ffffff,,,
876ac0b0dffffff,,,
876ac6633ffffff,,,
876ad3060ffffff,,,
876ac401effffff,,,
8796d63b3ffffff,,,
876ad3ae1ffffff,,,
8796d00daffffff,,,
876ae32d6ffffff,,,
876af1205ffffff,,,
876ad14ccffffff,,,
8796d3d9effffff,,,
876ad332effffff,,,
876ad5675ffffff,,,
876adacb6ffffff,,,
876ad3813ffffff,,,
8796d60e5ffffff,,,
876ad19b1ffffff,,,
876af16eaffffff,,,
876ac5bb2ffffff,,,
8796d2421ffffff,,,
876ac0aa3ffffff,,,
876ac2905ffffff,,,
876ae3a89ffffff,,,
876ada503ffffff,,,
8796d4c9affffff,,,
876ac2152ffffff,,,
876ac008cffffff,,,
8796d2685ffffff,,,
8796d6898ffffff,,,
876ad1c15ffffff,,,
8796d6349ffffff,,,
876adc101ffffff,,,
876ac6365ffffff,,,
876ad0302ffffff,,,
876ad1462ffffff,,,
876af119bffffff,,,
876ac4503ffffff,,,
8796d3d34ffffff,,,
876ad32c4ffffff,,,
876ac26a1ffffff,,,
8796d3581ffffff,,,
876ac6d12ffffff,,,
876ade910ffffff,,,
876ac289bffffff,,,
876ada499ffffff,,,
876ade15dffffff,,,
876adc8b4ffffff,,,
8796d6a92ffffff,,,
876ac6b18ffffff,,,
876ac20e8ffffff,,,
876ac4cb6ffffff,,,
8796d261bffffff,,,
876ac5dacffffff,,,
876ad1babffffff,,,
876ad3a0dffffff,,,
876ae34d0ffffff,,,
8796d3ccaffffff,,,
876ad325affffff,,,
876ad30caffffff,,,
876ac6ca8ffffff,,,
876ad1268ffffff,,,
876ade8a6ffffff,,,
876ac2831ffffff,,,
876ac5469ffffff,,,
876ac4693ffffff,,,
8796d2d64ffffff,,,
876ae3340ffffff,,,
876ac64f5ffffff,,,
876ad22f4ffffff,,,
876ade0f3ffffff,,,
8796d6a28ffffff,,,
8796d25b1ffffff,,,
876ac5d42ffffff,,,
876ad1b41ffffff,,,
8796d4413ffffff,,,
876af1754ffffff,,,
876ad1a1bffffff,,,
8796d6275ffffff,,,
876ac5c1cffffff,,,
876ad39a3ffffff,,,
8796d248bffffff,,,
876ae3af3ffffff,,,
8796d0629ffffff,,,
876ad138effffff,,,
8796d3c60ffffff,,,
8796d34adffffff,,,
876ac00f6ffffff,,,
876ac0965ffffff,,,
8796d6902ffffff,,,
876ac4629ffffff,,,
876ac648bffffff,,,
8796892ebffffff,,,
876ad036cffffff,,,
876ac456dffffff,,,
876ad228affffff,,,
876ade089ffffff,,,
876ac01b2ffffff,,,
876ac270bffffff,,,
876ac2014ffffff,,,
8796d06e5ffffff,,,
876ac5cd8ffffff,,,
876ac08a9ffffff,,,
8796d620bffffff,,,
876ad579bffffff,,,
876adc91effffff,,,
876ac6b82ffffff,,,
876ac5525ffffff,,,
876ad1324ffffff,,,
876af105dffffff,,,
876ac4d20ffffff,,,
876ad3186ffffff,,,
876ac4d72ffffff,,,
8796d3443ffffff,,,
876adc970ffffff,,,
876ac275dffffff,,,
8796d2c90ffffff,,,
876ac6421ffffff,,,
879689281ffffff,,,
8796d6954ffffff,,,
876ac0148ffffff,,,
8796d24ddffffff,,,
876ad12d2ffffff,,,
876ac54d3ffffff,,,
876ac5c6effffff,,,
876ad1a6dffffff,,,
876af17a6ffffff,,,
8796d61a1ffffff,,,
876ad5731ffffff,,,
876ad5749ffffff,,,
876ad311cffffff,,,
876ac4d08ffffff,,,
876ac6b6affffff,,,
876ad1a85ffffff,,,
876ac5c86ffffff,,,
8796d24f5ffffff,,,
876ac0891ffffff,,,
876ac26f3ffffff,,,
8796d0693ffffff,,,
876ac4555ffffff,,,
8796d2c26ffffff,,,
876ad0354ffffff,,,
8796d68eaffffff,,,
876ac0160ffffff,,,
876ac00deffffff,,,
8796d0611ffffff,,,
8796d696cffffff,,,
876ac3da2ffffff,,,
876ae3adbffffff,,,
8796d2473ffffff,,,
876ac5c04ffffff,,,
876ad1a03ffffff,,,
879689299ffffff,,,
8796d2ca8ffffff,,,
876ad3865ffffff,,,
876ae3328ffffff,,,
876ac5451ffffff,,,
876ac2775ffffff,,,
876ad1250ffffff,,,
876ad30b2ffffff,,,
876ac0913ffffff,,,
876ac4c9effffff,,,
876ad0a9dffffff,,,
876ac6b00ffffff,,,
876adc89cffffff,,,
876adc988ffffff,,,
876ac2689ffffff,,,
8796d345bffffff,,,
876ac4d8affffff,,,
876ac44ebffffff,,,
876ad02eaffffff,,,
876ac634dffffff,,,
8796d6880ffffff,,,
876ac0074ffffff,,,
876ae3a71ffffff,,,
8796d2409ffffff,,,
876ac5b9affffff,,,
876ad1999ffffff,,,
876af16d2ffffff,,,
876ad319effffff,,,
8796d60cdffffff,,,
876ad565dffffff,,,
8796d3c0effffff,,,
876ad3048ffffff,,,
876ae3414ffffff,,,
876ac4c34ffffff,,,
876ac6a96ffffff,,,
876adc832ffffff,,,
876ad57b3ffffff,,,
876ade694ffffff,,,
8796d0cf0ffffff,,,
876ad3951ffffff,,,
8796d6223ffffff,,,
876ac4481ffffff,,,
8796d2b52ffffff,,,
876ad0280ffffff,,,
876ac62e3ffffff,,,
876ac5cf0ffffff,,,
8796d6816ffffff,,,
876ac000affffff,,,
876ac5b30ffffff,,,
876ac202cffffff,,,
876af1668ffffff,,,
8796d6063ffffff,,,
876ad3791ffffff,,,
876ae3254ffffff,,,
876ac2d68ffffff,,,
876ade0a1ffffff,,,
876ad22a2ffffff,,,
876ac64a3ffffff,,,
8796d2d12ffffff,,,
8796d329bffffff,,,
876ac6a2cffffff,,,
876ac4641ffffff,,,
876ac0753ffffff,,,
876ac25b5ffffff,,,
876ae22eeffffff,,,
8796d0c86ffffff,,,
8796d2ae8ffffff,,,
876ad0216ffffff,,,
876ade854ffffff,,,
8796d67acffffff,,,
8796d04d3ffffff,,,
876ac6c56ffffff,,,
8796d34c5ffffff,,,
8796d2335ffffff,,,
876ac5ac6ffffff,,,
876ad18c5ffffff,,,
876ac5313ffffff,,,
876ad1112ffffff,,,
876ad506affffff,,,
876aded73ffffff,,,
876ac4b60ffffff,,,
876ad3208ffffff,,,
876ad13a6ffffff,,,
876ac254bffffff,,,
8796d0c1cffffff,,,
876ac43adffffff,,,
8796d6742ffffff,,,
8796d0469ffffff,,,
8796d22cbffffff,,,
876ad185bffffff,0.07999999999998836,2026-07,valid
8796d628dffffff,,,
876ad10a8ffffff,,,
876ad1b59ffffff,,,
876ac5d5affffff,,,
876aded09ffffff,,,
876ac2c94ffffff,,,
876ac4af6ffffff,,,
876ac6958ffffff,,,
876ac2096ffffff,,,
876ade556ffffff,,,
876ac24e1ffffff,,,
876ac4343ffffff,,,
8796d6a40ffffff,,,
876ade10bffffff,,,
8796d2a14ffffff,,,
876ac61a5ffffff,,,
876ac650dffffff,,,
876af1cddffffff,,,
876ac46abffffff,,,
8796d66d8ffffff,,,
876ac2849ffffff,,,
8796d2261ffffff,,,
876af152affffff,,,
876ad3653ffffff,,,
8796d3910ffffff,,,
876ac2c2affffff,,,
876ac4a8cffffff,,,
876ac6cc0ffffff,,,
876ac68eeffffff,,,
876ad26edffffff,,,
876ade4ecffffff,,,
876ac0615ffffff,,,
876ac42d9ffffff,,,
8796d29aaffffff,,,
876ad00d8ffffff,,,
876ad3272ffffff,,,
8796d666effffff,,,
8796d3ce2ffffff,,,
876ad1410ffffff,,,
8796d0395ffffff,,,
876ac5611ffffff,1.6886517302415047,2025-06,valid
876ac5988ffffff,,,
876af14c0ffffff,,,
876ae34e8ffffff,,,
8796d001effffff,,,
8796d38a6ffffff,,,
876adec35ffffff,,,
876ac0d5effffff,,,
876ac4a22ffffff,,,
876ad3a25ffffff,,,
8796d30f3ffffff,,,
876ac6884ffffff,,,
8796d4495ffffff,,,
876ade482ffffff,,,
876ac05abffffff,,,
8796d2633ffffff,,,
876ac240dffffff,,,
8796d2940ffffff,,,
876ad006effffff,,,
876ac60d1ffffff,,,
876ac2100ffffff,,,
8796d6604ffffff,,,
876af3a6bffffff,,,
8796d6aaaffffff,,,
8796d218dffffff,,,
876ade175ffffff,,,
876ac591effffff,,,
876ad171dffffff,,,
876af1456ffffff,,,
876af024dffffff,,,
876ada4b1ffffff,,,
876ac4715ffffff,,,
876ac516bffffff,,,
876adcd69ffffff,,,
876ac0cf4ffffff,,,
876ac2b56ffffff,,,
876ac28b3ffffff,,,
8796d3089ffffff,,,
876ac681affffff,,,
876adc5b6ffffff,,,
876ac0a51ffffff,,,
876ade418ffffff,,,
8796d6d4dffffff,,,
876ac0541ffffff,,,
876ac23a3ffffff,,,
876ade928ffffff,,,
876ac4205ffffff,,,
8796d28d6ffffff,,,
876ad0004ffffff,,,
876ac6d2affffff,,,
8796d3599ffffff,,,
876af3a01ffffff,,,
876ad3cc8ffffff,,,
876ad5b2affffff,,,
8796d02c1ffffff,,,
8796d2123ffffff,,,
876ac58b4ffffff,,,
876ad16b3ffffff,,,
876af324effffff,,,
876ad3515ffffff,,,
876ac5101ffffff,,,
876ad32dcffffff,,,
876ac0c8affffff,,,
876ac2aecffffff,,,
8796d3d4cffffff,,,
876ac494effffff,,,
876ad074dffffff,,,
876ac67b0ffffff,,,
876adc54cffffff,,,
8796d0088ffffff,,,
8796d6ce3ffffff,,,
876ac419bffffff,,,
8796d286cffffff,,,
8796d6361ffffff,,,
876af1b35ffffff,,,
876ad5ac0ffffff,,,
876ad1c2dffffff,,,
876ac584affffff,,,
876ad1649ffffff,,,
876af1382ffffff,,,
8796d269dffffff,,,
876ad34abffffff,,,
876ad530dffffff,,,
876aeed6dffffff,,,
8796d3768ffffff,,,
876ac216affffff,,,
876adcc95ffffff,,,
876ac0c20ffffff,,,
876ac2a82ffffff,,,
876ac48e4ffffff,,,
8796d6b14ffffff,,,
876ac6746ffffff,,,
876adc4e2ffffff,,,
876ac046dffffff,,,
876ada51bffffff,,,
876ac4131ffffff,,,
8796d2802ffffff,,,
876af1acbffffff,,,
876aee455ffffff,,,
876ad1d92ffffff,,,
876ae2656ffffff,,,
876ac291dffffff,,,
876af392dffffff,,,
876ad5a56ffffff,,,
876af1318ffffff,,,
876ad3441ffffff,,,
876ad52a3ffffff,,,
876aeed03ffffff,,,
876ac502dffffff,,,
876ade992ffffff,,,
876adcc2bffffff,,,
876ac6d94ffffff,,,
8796d3603ffffff,,,
876adacceffffff,,,
876ac0bb6ffffff,,,
876aeec08ffffff,,,
876ac2a18ffffff,,,
876aee550ffffff,,,
876ac66dcffffff,,,
876ac0403ffffff,,,
8796d2798ffffff,,,
876ad3346ffffff,,,
876ad1d28ffffff,,,
876af1a61ffffff,,,
8796d645cffffff,,,
876ad3b8affffff,,,
8796d3db6ffffff,,,
876ad14e4ffffff,,,
876af121dffffff,,,
8796d0183ffffff,,,
876ae364dffffff,,,
876ac5776ffffff,,,
8796d00f2ffffff,,,
876af12aeffffff,,,
876ad1575ffffff,,,
876aeec99ffffff,,,
8796d3694ffffff,,,
876ac0b4cffffff,0.12005667888159934,2026-06,valid
876ac29aeffffff,,,
876aee4e6ffffff,,,
876ac4810ffffff,,,
876ada5acffffff,,,
876ac6672ffffff,,,
876adc40effffff,,,
876ac4036ffffff,,,
8796d6ba5ffffff,,,
876ac405dffffff,,,
8796d272effffff,,,
8796d4590ffffff,,,
876ad3b20ffffff,,,
876ac570cffffff,,,
876af1244ffffff,,,
876ac664bffffff,,,
876ad150bffffff,,,
876ada585ffffff,,,
876ad336dffffff,,,
876adacf5ffffff,,,
8796d362affffff,,,
876ae26c0ffffff,,,
876ac0ae2ffffff,,,
876ac2944ffffff,,,
876ac0b25ffffff,,,
876ac47a6ffffff,,,
876af02deffffff,,,
876ac6608ffffff,,,
8796d366dffffff,,,
876ac2191ffffff,,,
8796d26c4ffffff,,,
876ad1c54ffffff,,,
876aeec72ffffff,,,
8796d6388ffffff,,,
876ad3ab6ffffff,,,
876ac56a2ffffff,,,
876ad14a1ffffff,,,
8796d3d73ffffff,,,
876ad3303ffffff,,,
876ad5212ffffff,,,
876adac8bffffff,,,
876ac6d51ffffff,,,
876ad33b0ffffff,,,
876ad154effffff,,,
876ac28daffffff,,,
876aee412ffffff,,,
876ac659effffff,,,
876ad239dffffff,,,
876ade19cffffff,,,
8796d6ad1ffffff,,,
8796d265affffff,,,
8796d631effffff,,,
876ad3a4cffffff,,,
876ad3b63ffffff,,,
876ad1d01ffffff,,,
8796d3d09ffffff,,,
876ad3299ffffff,,,
8796d2771ffffff,,,
876ac40a0ffffff,,,
8796d3556ffffff,,,
876ade8e5ffffff,,,
876ac0a0effffff,,,
876ac2870ffffff,,,
876ac46d2ffffff,,,
8796d2da3ffffff,,,
876ac6534ffffff,,,
876adc451ffffff,,,
876ac66b5ffffff,,,
876ad0652ffffff,,,
876ade132ffffff,,,
876ac4853ffffff,,,
8796d078effffff,,,
876aee529ffffff,,,
876ac5d81ffffff,,,
876ad1b80ffffff,,,
8796d62b4ffffff,,,
876ad5844ffffff,,,
876ae34a5ffffff,,,
8796d34ecffffff,,,
876adcc04ffffff,,,
876adada2ffffff,,,
876ac5006ffffff,,,
876aeecdcffffff,,,
876ac09a4ffffff,,,
876ac2806ffffff,,,
876ac4668ffffff,,,
876ac64caffffff,,,
876ad22c9ffffff,,,
876ac2053ffffff,,,
8796d0724ffffff,,,
876ad341affffff,,,
8796d2586ffffff,,,
876ad1b16ffffff,,,
876af12f1ffffff,,,
8796d624affffff,,,
8796d2028ffffff,,,
876ac5564ffffff,,,
876ae3690ffffff,,,
876ad1363ffffff,,,
876af109cffffff,,,
8796d3c35ffffff,,,
876ac4db1ffffff,,,
8796d3482ffffff,,,
876ac6c13ffffff,,,
876ade811ffffff,,,
876ac279cffffff,,,
876af1aa4ffffff,,,
876ad1d6bffffff,,,
876ac6460ffffff,,,
8796892c0ffffff,,,
876ade05effffff,,,
8796d6993ffffff,,,
876ac410affffff,,,
8796d251cffffff,,,
876ac5cadffffff,,,
876ad1aacffffff,,,
876ad390effffff,,,
876ac0446ffffff,,,
876ad5770ffffff,,,
8796d6c52ffffff,,,
876ad315bffffff,,,
8796d15b6ffffff,,,
8796d3418ffffff,,,
876ac6ba9ffffff,,,
876aee593ffffff,,,
876ae2794ffffff,,,
876ac2a5bffffff,,,
876ac08d0ffffff,,,
876ac2732ffffff,,,
876ac4594ffffff,,,
8796d2c65ffffff,,,
876ad0393ffffff,,,
879689256ffffff,,,
876adc192ffffff,,,
8796d6929ffffff,,,
876adcc6effffff,,,
876ac011dffffff,,,
8796d3741ffffff,,,
8796d0650ffffff,,,
8796d24b2ffffff,0.01,2026-07,valid
876ac5070ffffff,,,
876ac5c43ffffff,,,
876aeed46ffffff,,,
876ad1a42ffffff,,,
8796d6176ffffff,,,
876ad38a4ffffff,,,
876ad5706ffffff,,,
876ac5490ffffff,,,
876ad30f1ffffff,,,
876ac4cddffffff,,,
876ad52e6ffffff,,,
876ad0adcffffff,,,
876ad3484ffffff,,,
876ac0866ffffff,,,
876ac26c8ffffff,,,
876af135bffffff,,,
876ad1622ffffff,,,
876ac5823ffffff,,,
8796d2092ffffff,,,
8796d0d99ffffff,,,
876ac452affffff,,,
876ad0329ffffff,,,
8796d0230ffffff,,,
876ac638cffffff,,,
876ac00b3ffffff,,,
876ad5a99ffffff,,,
8796d2448ffffff,,,
876af1711ffffff,,,
8796d610cffffff,,,
876af3970ffffff,,,
876ad569cffffff,,,
876ac5426ffffff,,,
876af1b0effffff,,,
876ad1225ffffff,,,
8796d2845ffffff,,,
876ac4c73ffffff,,,
876ac4174ffffff,,,
876ad0a72ffffff,,,
876ac6ad5ffffff,,,
876ac2312ffffff,,,
876ac265effffff,,,
876ac04b0ffffff,,,
876aee196ffffff,,,
876ac44c0ffffff,,,
8796d2b91ffffff,,,
876ac6322ffffff,,,
8796d6855ffffff,,,
876ac0049ffffff,,,
876adc525ffffff,,,
876ac6789ffffff,,,
876ae3a46ffffff,,,
876ad0726ffffff,,,
876ad196effffff,,,
8796d60a2ffffff,,,
876ad5632ffffff,,,
876ac2ac5ffffff,,,
876ae3293ffffff,,,
876ac0c63ffffff,,,
876ad301dffffff,,,
876ac4c09ffffff,,,
876ac6a6bffffff,,,
876adccd8ffffff,,,
8796d37abffffff,,,
876ac50daffffff,,,
876aeedb0ffffff,,,
876ac0792ffffff,,,
8796d0cc5ffffff,,,
876ac4456ffffff,,,
876ad0255ffffff,,,
8796d0512ffffff,,,
876ad5350ffffff,,,
8796d2374ffffff,,,
876ac5b05ffffff,,,
876ad34eeffffff,,,
876ad1904ffffff,,,
876ad3766ffffff,,,
876ad168cffffff,,,
876ae3229ffffff,,,
876ac588dffffff,,,
876ad1151ffffff,,,
8796d029affffff,,,
876adedb2ffffff,,,
876ac6a01ffffff,,,
876ad5b03ffffff,,,
876ac0728ffffff,,,
876ac258affffff,,,
876ae22c3ffffff,,,
8796d0c5bffffff,,,
876ac624effffff,,,
876ac6040ffffff,,,
8796d6781ffffff,,,
8796d04a8ffffff,,,
8796d230affffff,,,
876ac5a9bffffff,,,
876ad189affffff,,,
876ac051affffff,,,
876aded48ffffff,,,
876ac2cd3ffffff,,,
876ac4b35ffffff,,,
8796d3062ffffff,,,
876ac4991ffffff,,,
876ade595ffffff,,,
876ac2520ffffff,,,
876ac4382ffffff,,,
8796d2a53ffffff,,,
876ac0ccdffffff,,,
8796d22a0ffffff,,,
876ac5a31ffffff,,,
876adeba4ffffff,,,
876ad1830ffffff,,,
876af1569ffffff,,,
876adcd42ffffff,,,
876ad3692ffffff,,,
8796d3815ffffff,,,
876ac5144ffffff,,,
876adecdeffffff,,,
876ac2c69ffffff,,,
876ac4acbffffff,,,
8796d319cffffff,,,
876ac692dffffff,,,
876ade52bffffff,,,
876ad3558ffffff,,,
876af3291ffffff,,,
876ac24b6ffffff,,,
876ad16f6ffffff,,,
876ac4318ffffff,,,
8796d2166ffffff,,,
8796d66adffffff,,,
8796d2236ffffff,,,
876af3361ffffff,,,
876ad5b6dffffff,,,
876ad3628ffffff,,,
876af3a44ffffff,,,
876ad1013ffffff,,,
8796d38e5ffffff,,,
876adec74ffffff,,,
876ac0d9dffffff,,,
876ac60aaffffff,,,
8796d2919ffffff,,,
876ac4a61ffffff,,,
876ac4248ffffff,,,
8796d3132ffffff,,,
876ac68c3ffffff,,,
876ade4c1ffffff,,,
876ac244cffffff,,,
876ac0584ffffff,,,
876ac42aeffffff,,,
876ad00adffffff,,,
876ac6110ffffff,,,
876ade45bffffff,,,
8796d6643ffffff,,,
876ad265cffffff,,,
876ac685dffffff,,,
8796d30ccffffff,,,
876ac595dffffff,,,
876ad175cffffff,,,
876af1495ffffff,,,
876ac2b99ffffff,,,
876ac51aaffffff,,,
876adcda8ffffff,,,
876adec0affffff,,,
876ac0d33ffffff,,,
876ac2b95ffffff,,,
876adec0effffff,,,
8796d30c8ffffff,,,
876adcdacffffff,,,
876ac6859ffffff,,,
876ad2658ffffff,,,
876ac0580ffffff,,,
876ac51aeffffff,,,
876ac4244ffffff,,,
8796d2915ffffff,,,
876ad0043ffffff,,,
876ac60a6ffffff,,,
876af3a40ffffff,,,
876ad5b69ffffff,,,
8796d2162ffffff,,,
876ac58f3ffffff,,,
876ad16f2ffffff,,,
876af142bffffff,,,
876ad3554ffffff,,,
876ad53b6ffffff,,,
876ac5140ffffff,,,
8796d3811ffffff,,,
876af1499ffffff,,,
876ad1760ffffff,,,
876ac5961ffffff,,,
876adeba0ffffff,,,
876ac0cc9ffffff,,,
876ac2b2bffffff,,,
876ac498dffffff,,,
8796d305effffff,,,
876adc58bffffff,,,
876ac0516ffffff,,,
8796d28abffffff,,,
876af1b74ffffff,,,
876af3aaeffffff,,,
8796d0296ffffff,,,
876ac5889ffffff,,,
876ac6114ffffff,,,
876ad1688ffffff,,,
8796d2983ffffff,,,
876ac42b2ffffff,,,
876ad34eaffffff,,,
876ad534cffffff,,,
876ac2450ffffff,,,
876aeedacffffff,,,
876ac50d6ffffff,,,
876adccd4ffffff,,,
876adeb36ffffff,,,
876ade4c5ffffff,,,
876ac2ac1ffffff,,,
876ac4923ffffff,,,
876ad0722ffffff,,,
876ac6785ffffff,,,
8796d3136ffffff,,,
876adc521ffffff,,,
876ac4a65ffffff,,,
876ac04acffffff,,,
876ac230effffff,,,
876ac2c03ffffff,,,
876ac4170ffffff,,,
8796d2841ffffff,,,
876ac0da1ffffff,,,
876af1b0affffff,,,
876af396cffffff,,,
876ad5a95ffffff,,,
8796d022cffffff,,,
876ae36f6ffffff,,,
8796d208effffff,,,
876ad161effffff,,,
876ad3480ffffff,,,
876ad52e2ffffff,,,
8796d38e9ffffff,,,
876aeed42ffffff,,,
876ac506cffffff,,,
876adcc6affffff,,,
876ae2790ffffff,,,
876ac671bffffff,,,
8796d6c4effffff,,,
876ac0442ffffff,,,
876ac22a4ffffff,,,
876ac4106ffffff,,,
876af3365ffffff,,,
876ad362cffffff,,,
876af1aa0ffffff,,,
876af1503ffffff,,,
876ad5a2bffffff,,,
876ae368cffffff,,,
8796d2024ffffff,,,
876ac57b5ffffff,,,
876af12edffffff,,,
876ad15b4ffffff,,,
876ad3416ffffff,,,
876aeecd8ffffff,,,
876ac5002ffffff,,,
876adad9effffff,,,
8796d36d3ffffff,,,
876adcc00ffffff,,,
876af3b18ffffff,,,
8796d66b1ffffff,,,
876ac0b8bffffff,,,
876aee525ffffff,,,
876ad064effffff,,,
876ac66b1ffffff,,,
876ac431cffffff,,,
876adc44dffffff,,,
876ac409cffffff,,,
8796d276dffffff,,,
876af1a36ffffff,,,
876af1283ffffff,,,
876ad154affffff,,,
876ac6931ffffff,,,
8796d31a0ffffff,,,
876ad33acffffff,,,
876ad520effffff,,,
876aeec6effffff,,,
876adad34ffffff,,,
876ac2c6dffffff,,,
8796d3669ffffff,,,
876ac0b21ffffff,,,
876ac2983ffffff,,,
876ada581ffffff,,,
876adece2ffffff,,,
876ac4032ffffff,,,
8796d3953ffffff,,,
876ad1081ffffff,,,
8796d2703ffffff,,,
876ad1c93ffffff,,,
876ad3af5ffffff,,,
8796d00eeffffff,,,
876af1219ffffff,,,
876ad14e0ffffff,,,
8796d3db2ffffff,,,
876ad3342ffffff,,,
876aeec04ffffff,,,
876ad3696ffffff,,,
876adaccaffffff,,,
876ac6d90ffffff,,,
876af156dffffff,,,
876ad1834ffffff,,,
876ac5a35ffffff,,,
8796d22a4ffffff,,,
876ade98effffff,,,
876ac2919ffffff,,,
876ae2652ffffff,,,
8796d0442ffffff,,,
876aee451ffffff,,,
8796d6b10ffffff,,,
876ac2166ffffff,,,
8796d2699ffffff,,,
876ad1c29ffffff,,,
8796d671bffffff,,,
8796d635dffffff,,,
876ad3a8bffffff,,,
8796d0084ffffff,,,
876ac4386ffffff,,,
876ad1476ffffff,,,
8796d3d48ffffff,,,
876ad32d8ffffff,,,
876ac2524ffffff,,,
8796d3595ffffff,,,
876ac6d26ffffff,,,
876ade599ffffff,,,
876ade924ffffff,,,
876ac699bffffff,,,
876ac4711ffffff,,,
876af0249ffffff,,,
876ac6573ffffff,,,
876ade171ffffff,,,
8796d6aa6ffffff,,,
8796d4491ffffff,,,
8796d62f3ffffff,,,
876ad3a21ffffff,,,
8796d001affffff,,,
876ae34e4ffffff,,,
876aded4cffffff,,,
876ad140cffffff,,,
8796d3cdeffffff,,,
876ad326effffff,,,
876ad10ebffffff,,,
8796d352bffffff,,,
876ac2845ffffff,,,
876ac6509ffffff,,,
876ac2092ffffff,,,
8796d0763ffffff,,,
876ac5d56ffffff,,,
876ad3700ffffff,,,
876ad1b55ffffff,,,
876ad189effffff,,,
8796d6289ffffff,,,
8796d230effffff,,,
876ac55a3ffffff,,,
876ad13a2ffffff,,,
876af10dbffffff,,,
8796d3c74ffffff,,,
8796d04acffffff,,,
876ad3204ffffff,,,
8796d34c1ffffff,,,
876ac6c52ffffff,,,
8796d6785ffffff,,,
876ade850ffffff,,,
8796d2d0effffff,,,
876ac6252ffffff,,,
8796d2ac1ffffff,,,
876ad229effffff,,,
876ade09dffffff,,,
876ac2028ffffff,,,
8796d255bffffff,,,
876ac258effffff,,,
876ac5cecffffff,,,
876ad1aebffffff,,,
876ad394dffffff,,,
876ac072cffffff,,,
876ae3410ffffff,,,
8796d3c0affffff,,,
876ad319affffff,,,
876ac6a05ffffff,,,
876ac4d86ffffff,,,
876ac4ba3ffffff,,,
876ac2d41ffffff,,,
876adc984ffffff,,,
876ac2771ffffff,,,
8796d2ca4ffffff,,,
876ac6435ffffff,,,
876adedb6ffffff,,,
876ade033ffffff,,,
8796d6968ffffff,,,
876ac015cffffff,,,
8796d24f1ffffff,,,
876ac5c82ffffff,,,
876ad1155ffffff,,,
876ad1a81ffffff,,,
876ad38e3ffffff,,,
876ae322dffffff,,,
876ad5745ffffff,,,
876ad12ceffffff,,,
876ad3130ffffff,,,
876ac4d1cffffff,,,
876ad376affffff,,,
876adc91affffff,,,
876ac08a5ffffff,,,
876af1641ffffff,,,
876ad1908ffffff,,,
876ac5b09ffffff,,,
876ac4569ffffff,,,
876ad0368ffffff,,,
87968922bffffff,,,
8796d0516ffffff,,,
876ac00f2ffffff,,,
8796d0625ffffff,,,
876ac3db6ffffff,,,
876ac5c18ffffff,,,
876af1750ffffff,,,
8796d614bffffff,,,
876ad56dbffffff,,,
876ac5465ffffff,,,
876ad0259ffffff,,,
8796d2b2bffffff,,,
876ad1264ffffff,,,
876ac445affffff,,,
876ad30c6ffffff,,,
8796d0cc9ffffff,,,
876ac4cb2ffffff,,,
8796d3383ffffff,,,
876ac0796ffffff,,,
876ac6b14ffffff,,,
876adc8b0ffffff,,,
876ac269dffffff,,,
876ac6361ffffff,,,
876ac4c0dffffff,,,
8796d6894ffffff,,,
876ac0088ffffff,,,
876ac2dabffffff,,,
8796d241dffffff,,,
876ac5baeffffff,,,
876ad19adffffff,,,
876af16e6ffffff,,,
8796d60e1ffffff,,,
876ad5671ffffff,,,
876ae32d2ffffff,,,
876ad3021ffffff,,,
876ad305cffffff,,,
876ac4c48ffffff,,,
876ac6aaaffffff,,,
876ac2633ffffff,,,
876ac4495ffffff,,,
8796d2b66ffffff,,,
876ad0294ffffff,,,
876ad5636ffffff,,,
876adc093ffffff,,,
8796d682affffff,,,
876ac001effffff,,,
8796d60a6ffffff,,,
8796d0551ffffff,,,
876ae3a1bffffff,,,
876af16abffffff,,,
876ad1972ffffff,,,
8796d23b3ffffff,,,
876ac5b73ffffff,,,
876ac5b44ffffff,,,
876ad1943ffffff,,,
876ad37a5ffffff,,,
876ae3a4affffff,,,
8796d0580ffffff,,,
876ae3268ffffff,,,
876ad1190ffffff,,,
876ac004dffffff,,,
876aee8b4ffffff,,,
8796d6859ffffff,,,
876ac6a40ffffff,,,
876ac6326ffffff,,,
876ad02c3ffffff,,,
8796d2b95ffffff,,,
8796d0c9affffff,,,
876ac44c4ffffff,,,
876ac442bffffff,,,
876ad022affffff,,,
876ac628dffffff,,,
876ac2662ffffff,,,
876ac0800ffffff,,,
8796d2349ffffff,,,
876ac5adaffffff,,,
876ad18d9ffffff,,,
876af1612ffffff,,,
8796d600dffffff,,,
876ac6ad9ffffff,,,
876ad1126ffffff,,,
876ac2d12ffffff,,,
876ac4b74ffffff,,,
8796d2a92ffffff,,,
876ac6223ffffff,,,
876ad308bffffff,,,
8796d6756ffffff,,,
876ad1229ffffff,,,
876ac542affffff,,,
876af15a8ffffff,,,
876ae3301ffffff,,,
876ad36d1ffffff,,,
8796d398effffff,,,
876aded1dffffff,,,
876ad56a0ffffff,,,
876ac2ca8ffffff,,,
876ac4b0affffff,,,
8796d6110ffffff,,,
876ac696cffffff,,,
876ad276bffffff,,,
876af1715ffffff,,,
876ade56affffff,,,
876ac0693ffffff,,,
876ac24f5ffffff,,,
8796d244cffffff,,,
8796d2a28ffffff,,,
876ad0156ffffff,,,
8796d66ecffffff,,,
876af3b53ffffff,,,
8796d0413ffffff,,,
8796d2275ffffff,,,
876ac5a06ffffff,,,
8796d68c3ffffff,,,
876ad1805ffffff,,,
876adc12cffffff,,,
876ac6390ffffff,,,
876ad032dffffff,,,
876ac452effffff,,,
876ad1052ffffff,,,
8796d0d9dffffff,,,
8796d3924ffffff,,,
876ac26ccffffff,,,
876adecb3ffffff,,,
876ac4aa0ffffff,,,
8796d3171ffffff,,,
876ac086affffff,,,
876ac6902ffffff,,,
876ade500ffffff,,,
876ac0629ffffff,,,
876ac248bffffff,,,
876ac42edffffff,,,
876ad00ecffffff,,,
876ac6b43ffffff,,,
8796d33b2ffffff,,,
876ad0ae0ffffff,,,
876ac4ce1ffffff,,,
8796d6682ffffff,,,
876af3ae9ffffff,,,
8796d03a9ffffff,,,
8796d220bffffff,,,
876ac599cffffff,,,
876ad179bffffff,,,
876af14d4ffffff,,,
876ad30f5ffffff,,,
876adec49ffffff,,,
876ac0d72ffffff,,,
876ad1293ffffff,,,
876ac4a36ffffff,,,
876ac6898ffffff,,,
876ac5494ffffff,,,
876ade496ffffff,,,
876ae336bffffff,,,
876ac2421ffffff,,,
876ac4283ffffff,,,
8796d2954ffffff,,,
876ad0082ffffff,,,
876ac60e5ffffff,,,
876ad570affffff,,,
8796d6618ffffff,,,
876ad38a8ffffff,,,
876ad5ba8ffffff,,,
8796d21a1ffffff,,,
876ad1a46ffffff,,,
876ac5932ffffff,,,
876ad1731ffffff,,,
876af146affffff,,,
8796d24b6ffffff,,,
876af32ccffffff,,,
876ad3593ffffff,,,
8796d0654ffffff,,,
8796d3850ffffff,,,
876ac0d08ffffff,,,
876ac2b6affffff,,,
876ac0121ffffff,,,
8796d309dffffff,,,
876ac682effffff,,,
8796d692dffffff,,,
876ad262dffffff,,,
876ade42cffffff,,,
876adc196ffffff,,,
8796d6d61ffffff,0.027548396350118968,2026-07,valid
87968925affffff,,,
876ac0555ffffff,,,
8796d2c69ffffff,,,
876ac4598ffffff,,,
876ac4219ffffff,,,
8796d28eaffffff,,,
876ac2736ffffff,,,
876ad0018ffffff,,,
876ac08d4ffffff,,,
876af3a15ffffff,,,
876ad3cdcffffff,,,
8796d02d5ffffff,,,
876ac58c8ffffff,,,
876af1400ffffff,,,
876af3262ffffff,,,
876ac6badffffff,,,
8796d341cffffff,,,
876ad0b4affffff,,,
876ad3529ffffff,,,
876ac4d4bffffff,,,
876ad538bffffff,,,
876ac5115ffffff,,,
876adcd13ffffff,,,
876ac0c9effffff,,,
876ac2b00ffffff,,,
876ac4962ffffff,,,
876ad0761ffffff,,,
8796d3033ffffff,,,
876adc560ffffff,,,
876ac04ebffffff,,,
8796d2880ffffff,,,
876ac6011ffffff,,,
876af1b49ffffff,,,
876ad5ad4ffffff,,,
8796d20cdffffff,,,
876ac585effffff,,,
876ad165dffffff,,,
876af1396ffffff,,,
876ad5774ffffff,,,
876ad5321ffffff,,,
876aeed81ffffff,,,
876ac50abffffff,,,
876ad3912ffffff,,,
876adcca9ffffff,,,
876ad1ab0ffffff,,,
876ac5cb1ffffff,,,
8796d2520ffffff,,,
876ac0c34ffffff,,,
876ac2a96ffffff,,,
876ac675affffff,,,
876adc4f6ffffff,,,
876ac0481ffffff,,,
876ac018bffffff,,,
876ac4145ffffff,,,
8796d2816ffffff,,,
876ad1da6ffffff,,,
876ade062ffffff,,,
876af3941ffffff,,,
8796892c4ffffff,,,
876ac6464ffffff,,,
8796d2cd3ffffff,,,
876ad5a6affffff,,,
876ac4602ffffff,,,
8796d0201ffffff,,,
876ae36cbffffff,,,
8796d2063ffffff,,,
876ac27a0ffffff,,,
876af132cffffff,,,
876ad3455ffffff,,,
876ac5041ffffff,,,
8796d3712ffffff,,,
876ade815ffffff,,,
876adc9b3ffffff,,,
876ac2a2cffffff,,,
876aee564ffffff,,,
8796d3486ffffff,,,
876ac4db5ffffff,,,
876ac488effffff,,,
876ac66f0ffffff,,,
876adc48cffffff,,,
876ac40dbffffff,,,
8796d27acffffff,,,
876af1a75ffffff,,,
876ad3b9effffff,,,
876ad5a00ffffff,,,
876ae3661ffffff,,,
876af10a0ffffff,,,
876ac578affffff,,,
876af12c2ffffff,,,
876ac5568ffffff,,,
876ad1589ffffff,,,
876ad524dffffff,,,
876aeecadffffff,,,
8796d36a8ffffff,,,
876ac0b60ffffff,,,
876ac4824ffffff,,,
876ad0623ffffff,,,
876ac6686ffffff,,,
876adc422ffffff,,,
8796d624effffff,,,
876ad1b1affffff,,,
876ac4071ffffff,,,
876ac5d1bffffff,,,
8796d2742ffffff,,,
8796d258affffff,0.0014408397424547793,2026-07,valid
876ad1cd2ffffff,,,
8796d45a4ffffff,,,
876af1a0bffffff,,,
8796d0728ffffff,,,
876ad3b34ffffff,,,
876af386dffffff,,,
876ac5720ffffff,,,
876af1258ffffff,,,
876ad3381ffffff,,,
876aeec43ffffff,,,
8796d6a01ffffff,,,
876ad22cdffffff,,,
876ac64ceffffff,,,
876ac0af6ffffff,,,
876ac2958ffffff,,,
876ac466cffffff,,,
876ae2691ffffff,,,
876aee490ffffff,,,
876ada556ffffff,,,
876ac280affffff,,,
876ac661cffffff,,,
876ac09a8ffffff,,,
876ac21a5ffffff,,,
8796d26d8ffffff,,,
876ac6c81ffffff,,,
8796d34f0ffffff,,,
876ad1c68ffffff,,,
8796d639cffffff,,,
876ad3acaffffff,,,
876ad592cffffff,,,
8796d00c3ffffff,,,
876ac56b6ffffff,,,
876ad14b5ffffff,,,
876ac6d65ffffff,,,
876ad3233ffffff,,,
876ade963ffffff,,,
876ac0a8cffffff,,,
876ac28eeffffff,,,
8796d3ca3ffffff,,,
876aee426ffffff,,,
876ac4750ffffff,,,
876ac65b2ffffff,,,
876ae34a9ffffff,,,
876ade1b0ffffff,,,
8796d6ae5ffffff,,,
876ad5848ffffff,,,
8796d266effffff,,,
8796d44d0ffffff,,,
8796d6332ffffff,,,
876ad3a60ffffff,,,
876ad1b84ffffff,,,
8796d0059ffffff,,,
876ac5d85ffffff,,,
876ad144bffffff,,,
8796d3d1dffffff,,,
8796d0792ffffff,,,
876ad32adffffff,,,
876adac35ffffff,,,
8796d356affffff,,,
876ac20c1ffffff,,,
876ac0a22ffffff,0.04012358575811376,2026-06,valid
876ac2884ffffff,,,
876ac46e6ffffff,,,
876ada482ffffff,,,
876ade136ffffff,,,
876ac6548ffffff,,,
876ade146ffffff,,,
876ac46d6ffffff,,,
876ac20d1ffffff,,,
8796d07a2ffffff,,,
8796d2604ffffff,,,
876ac2874ffffff,,,
876ac5d95ffffff,,,
876ad1b94ffffff,,,
876ac0a12ffffff,,,
8796d62c8ffffff,,,
876ade8e9ffffff,,,
8796d3cb3ffffff,,,
876ad3243ffffff,,,
876ac6cebffffff,,,
8796d355affffff,,,
8796d3500ffffff,,,
876ac6c91ffffff,,,
876ac281affffff,,,
8796d2d4dffffff,,,
876ac64deffffff,,,
876ad22ddffffff,,,
876ade0dcffffff,,,
8796d6a11ffffff,,,
876ad329dffffff,,,
8796d259affffff,0.029999999999959254,2026-07,valid
876ac5d2bffffff,,,
8796d3d0dffffff,,,
876ad1b2affffff,,,
8796d625effffff,,,
876ad398cffffff,,,
8796d0049ffffff,,,
876af10b0ffffff,,,
8796d3c49ffffff,,,
8796d3496ffffff,,,
876ade825ffffff,,,
876ac094effffff,,,
876ac27b0ffffff,,,
876ad3a50ffffff,,,
8796d6322ffffff,,,
876ac4612ffffff,,,
8796d2ce3ffffff,,,
876ac6474ffffff,,,
8796892d4ffffff,,,
8796d265effffff,,,
876ade072ffffff,,,
876ac019bffffff,,,
876ac212bffffff,,,
8796d06ceffffff,,,
8796d2530ffffff,,,
876ac5cc1ffffff,,,
876ad1ac0ffffff,,,
8796d6ad5ffffff,,,
876ade1a0ffffff,,,
876ad3922ffffff,,,
876ad5784ffffff,,,
876ac65a2ffffff,,,
876ac550effffff,,,
876ad130dffffff,,,
876ac4740ffffff,,,
876af1046ffffff,,,
876aee416ffffff,,,
876ac28deffffff,,,
876ac4d5bffffff,,,
8796d342cffffff,,,
876ac08e4ffffff,,,
876ac2746ffffff,,,
876ac45a8ffffff,,,
876ade953ffffff,,,
876ac640affffff,,,
87968926affffff,,,
876adc1a6ffffff,,,
876ac6d55ffffff,,,
876ade008ffffff,,,
876ac0131ffffff,,,
8796d0664ffffff,,,
8796d24c6ffffff,,,
876ad1a56ffffff,,,
8796d618affffff,,,
876ad571affffff,,,
876ad5169ffffff,,,
876ac54a4ffffff,,,
876ad12a3ffffff,,,
876ad3105ffffff,,,
876ac4cf1ffffff,,,
876ad14a5ffffff,,,
876ac56a6ffffff,,,
876ac6b53ffffff,,,
876ac26dcffffff,,,
8796d00b3ffffff,,,
876ac63a0ffffff,,,
879689200ffffff,,,
8796d68d3ffffff,,,
8796d638cffffff,,,
876ae3ac4ffffff,,,
8796d245cffffff,,,
876af1725ffffff,,,
876ad1c58ffffff,,,
8796d6120ffffff,,,
876ad384effffff,,,
876ad56b0ffffff,,,
8796d26c8ffffff,,,
876ad309bffffff,,,
876ac2195ffffff,,,
876ac6ae9ffffff,,,
876adc885ffffff,,,
876ac0810ffffff,,,
876ac2672ffffff,,,
876ac660cffffff,,,
876ac47aaffffff,,,
876aee480ffffff,,,
876ac44d4ffffff,,,
8796d2ba5ffffff,,,
876ae2681ffffff,,,
876ac2948ffffff,,,
876ad02d3ffffff,,,
876ac6336ffffff,,,
876ac0ae6ffffff,,,
8796d6869ffffff,,,
876ac005dffffff,,,
8796d0590ffffff,,,
876ac3d21ffffff,,,
876ae3a5affffff,,,
876ac5b83ffffff,,,
876ad1982ffffff,,,
8796d362effffff,,,
8796d60b6ffffff,,,
876aeec33ffffff,,,
876ad5646ffffff,,,
876ad3031ffffff,,,
876ac4c1dffffff,,,
876adc81bffffff,,,
876ac07a6ffffff,,,
876ac2608ffffff,,,
876ad3371ffffff,,,
8796d0cd9ffffff,,,
876ac446affffff,,,
876af1248ffffff,,,
876ad0269ffffff,,,
876ac62ccffffff,,,
876ac5710ffffff,,,
8796d0526ffffff,,,
8796d2388ffffff,,,
876ac5b19ffffff,,,
876ad1918ffffff,,,
876af1651ffffff,,,
8796d604cffffff,,,
876ad3b24ffffff,,,
876ad1165ffffff,,,
876ac2d51ffffff,,,
8796d4594ffffff,,,
876ad1cc2ffffff,,,
876ac4bb3ffffff,,,
8796d2732ffffff,,,
876ac4061ffffff,,,
876ac6a15ffffff,,,
876ac259effffff,,,
876ac4400ffffff,,,
8796d2ad1ffffff,,,
876ac6262ffffff,,,
8796d6ba9ffffff,,,
8796d6795ffffff,,,
876adc412ffffff,,,
876ac6676ffffff,,,
876ada5b0ffffff,,,
876ac4814ffffff,,,
8796d231effffff,,,
876aee4eaffffff,,,
876ad18aeffffff,,,
876ae26ebffffff,,,
876ac29b2ffffff,,,
876ad3710ffffff,,,
876ac0b50ffffff,,,
876aded5cffffff,,,
876ac4b49ffffff,,,
876ac69abffffff,,,
8796d3698ffffff,,,
876ade5a9ffffff,,,
876aeec9dffffff,,,
876ac06d2ffffff,,,
876ac2534ffffff,,,
8796d0c05ffffff,,,
876ac4396ffffff,,,
8796d672bffffff,,,
8796d0452ffffff,,,
8796d22b4ffffff,,,
876ad1844ffffff,,,
876af12b2ffffff,,,
876ad36a6ffffff,,,
876ad1091ffffff,,,
876ae3651ffffff,,,
8796d3963ffffff,,,
876adecf2ffffff,,,
8796d31b0ffffff,,,
876ac6941ffffff,,,
876ad2740ffffff,,,
876ad3b8effffff,,,
8796d6460ffffff,,,
876ac24caffffff,,,
876af1a65ffffff,,,
876ad1d2cffffff,,,
8796d279cffffff,,,
876ac432cffffff,,,
876ac40cbffffff,,,
876ac618effffff,,,
876af1cc6ffffff,,,
8796d66c1ffffff,,,
876af3b28ffffff,,,
8796d224affffff,,,
876af1513ffffff,,,
876ac66e0ffffff,,,
876adec88ffffff,,,
876ac0db1ffffff,,,
876ac2c13ffffff,,,
876aee554ffffff,,,
876ac4a75ffffff,,,
876ac2a1cffffff,,,
8796d3146ffffff,,,
876ade4d5ffffff,,,
876ac2460ffffff,,,
876ac42c2ffffff,,,
8796d2993ffffff,,,
876ad00c1ffffff,,,
876ac6124ffffff,,,
8796d3702ffffff,,,
876ac5031ffffff,,,
876ac5971ffffff,,,
876ad1770ffffff,,,
876af14a9ffffff,,,
876adec1effffff,,,
876ac2ba9ffffff,,,
876ac4a0bffffff,,,
8796d30dcffffff,,,
876ac686dffffff,,,
876ad3445ffffff,,,
876ad266cffffff,,,
876ade46bffffff,0.010000000000029104,2026-07,valid
876af131cffffff,,,
876ac0594ffffff,,,
876ac4258ffffff,,,
8796d2053ffffff,,,
8796d2929ffffff,,,
876af3a54ffffff,,,
8796d0314ffffff,,,
8796d2176ffffff,,,
876ad1706ffffff,,,
876ad5a5affffff,,,
876ad3568ffffff,,,
8796d64caffffff,,,
876ac5154ffffff,,,
8796d3825ffffff,,,
876ad1d96ffffff,,,
876adcd52ffffff,,,
876adebb4ffffff,,,
8796d2806ffffff,,,
876ac0cddffffff,,,
876ac49a1ffffff,,,
876ac4135ffffff,,,
8796d3072ffffff,,,
876ac6803ffffff,,,
876ade401ffffff,,,
876ac052affffff,,,
876ac0471ffffff,,,
876ac238cffffff,,,
876ac6050ffffff,,,
876af1b88ffffff,,,
876adc4e6ffffff,,,
876ac674affffff,,,
876ad5b13ffffff,,,
8796d02aaffffff,,,
876ac48e8ffffff,,,
8796d210cffffff,,,
876ac589dffffff,,,
876ad169cffffff,,,
876ac2a86ffffff,,,
876ad5360ffffff,,,
876ac0c24ffffff,,,
876ac50eaffffff,,,
876adcce8ffffff,,,
876ac0c73ffffff,,,
876ac2ad5ffffff,,,
876adcc99ffffff,,,
8796d376cffffff,,,
8796d3008ffffff,,,
876ac509bffffff,,,
876ac6799ffffff,,,
876aeed71ffffff,,,
876adc535ffffff,,,
876ac04c0ffffff,,,
876ac2322ffffff,,,
876ac4184ffffff,,,
8796d2855ffffff,,,
876af1b1effffff,,,
876ad5311ffffff,,,
876ad5aa9ffffff,,,
8796d0240ffffff,,,
8796d20a2ffffff,,,
876ac5833ffffff,,,
876ad1632ffffff,,,
876af136bffffff,,,
876af1386ffffff,,,
876ad164dffffff,,,
876ac584effffff,,,
876ad3494ffffff,,,
876ad52f6ffffff,,,
876aeed56ffffff,,,
876ac5080ffffff,,,
8796d025bffffff,,,
8796d3751ffffff,,,
876ad5ac4ffffff,,,
876ac0c09ffffff,,,
876ac2a6bffffff,,,
876aee5a3ffffff,,,
876ac48cdffffff,,,
876ad06ccffffff,,,
8796d6c62ffffff,0.03999999999998836,2026-07,valid
876ac6001ffffff,,,
8796d2870ffffff,,,
876ac0456ffffff,,,
876ac411affffff,,,
876ac04dbffffff,,,
876af1301ffffff,,,
876ad342affffff,,,
876ad528cffffff,,,
876aeececffffff,,,
876ac5016ffffff,,,
876adc550ffffff,,,
876adadb2ffffff,,,
876ac67b4ffffff,,,
8796d3023ffffff,,,
876ad0751ffffff,,,
876ac4952ffffff,,,
876adcc14ffffff,,,
876ac2af0ffffff,,,
876ac2a01ffffff,,,
876ac4863ffffff,,,
876ac0c8effffff,,,
876ad0662ffffff,,,
876ac66c5ffffff,,,
876adc461ffffff,,,
876adcd03ffffff,,,
876ac40b0ffffff,,,
8796d2781ffffff,,,
876ad1d11ffffff,,,
876af1a4affffff,,,
8796d6445ffffff,,,
876ad3b73ffffff,,,
876ac5105ffffff,,,
876ad155effffff,,,
876ad5222ffffff,,,
876aeec82ffffff,,,
876ac0b35ffffff,,,
876ad3519ffffff,,,
876af3252ffffff,,,
876ae26d0ffffff,,,
876ada595ffffff,,,
876ac665bffffff,,,
8796d6b8effffff,,,
876ac0382ffffff,,,
876ac4046ffffff,,,
8796d02c5ffffff,,,
876ad3b09ffffff,,,
876ad596bffffff,,,
876ad5b2effffff,,,
876ac56f5ffffff,,,
876af122dffffff,,,
876ad14f4ffffff,,,
876ad3cccffffff,,,
876af3a05ffffff,,,
876ad3356ffffff,,,
876aeec18ffffff,,,
876adacdeffffff,,,
876ac606bffffff,,,
8796d3613ffffff,,,
876ad0008ffffff,,,
8796d28daffffff,,,
876ac4209ffffff,,,
876ac6da4ffffff,,,
876ade9a2ffffff,,,
876ac0545ffffff,,,
876ac292dffffff,,,
876ade41cffffff,,,
876ada52bffffff,,,
876ac681effffff,,,
8796d6b24ffffff,,,
8796d308dffffff,,,
8796d26adffffff,,,
8796d6371ffffff,,,
876ac2b5affffff,,,
8796d0098ffffff,,,
876ad148affffff,,,
8796d3d5cffffff,,,
876ad32ecffffff,,,
8796d35a9ffffff,,,
876adcd6dffffff,,,
8796d3840ffffff,,,
876ac28c3ffffff,,,
876ac4725ffffff,,,
876ade185ffffff,,,
876ac2110ffffff,,,
8796d2643ffffff,,,
8796d44a5ffffff,,,
876ad3a35ffffff,,,
876ad3583ffffff,,,
876ac5621ffffff,,,
876ad1420ffffff,,,
876af145affffff,,,
876ad1721ffffff,,,
8796d3cf2ffffff,,,
876ac5922ffffff,,,
8796d2191ffffff,,,
876ad3282ffffff,,,
876adac0affffff,,,
876ac6cd0ffffff,,,
876ad5b98ffffff,,,
876ade8ceffffff,,,
876ac2859ffffff,,,
8796d6608ffffff,,,
8796d2d8cffffff,,,
876ac651dffffff,,,
876ade11bffffff,,,
8796d6a50ffffff,,,
876ac60d5ffffff,,,
876ad0072ffffff,,,
8796d2944ffffff,,,
876ac20a6ffffff,,,
876ac4273ffffff,,,
876ac5d6affffff,,,
876ad1b69ffffff,,,
876ac2411ffffff,,,
8796d629dffffff,,,
876ae348effffff,,,
876ad13b6ffffff,,,
8796d3c88ffffff,,,
876ade486ffffff,,,
876ad3218ffffff,,,
8796d34d5ffffff,,,
876ac6888ffffff,,,
876ac6c66ffffff,,,
876ac4a26ffffff,,,
876ade864ffffff,,,
876ac098dffffff,,,
876ac4651ffffff,,,
8796d2d22ffffff,,,
876ac0d62ffffff,,,
876ac64b3ffffff,,,
876ad22b2ffffff,,,
876ade0b1ffffff,,,
8796d070dffffff,,,
876ac5d00ffffff,,,
8796d6233ffffff,,,
876ad3961ffffff,,,
8796d38aaffffff,,,
876ac554dffffff,,,
876ad134cffffff,,,
876af1085ffffff,,,
8796d3c1effffff,,,
876ad31aeffffff,,,
876ac4d9affffff,,,
8796d346bffffff,,,
876adc998ffffff,,,
876ac0923ffffff,,,
876ac2785ffffff,,,
876ac6449ffffff,,,
876af14c4ffffff,,,
876ad178bffffff,,,
876ac598cffffff,,,
8796892a9ffffff,,,
876ad2248ffffff,,,
876ac0170ffffff,,,
8796d0399ffffff,,,
8796d06a3ffffff,,,
8796d2505ffffff,,,
876ac5c96ffffff,,,
876ad1a95ffffff,,,
876ad5759ffffff,,,
8796d6672ffffff,,,
876ac54e3ffffff,,,
876ad12e2ffffff,,,
8796d3bb4ffffff,,,
876ad3144ffffff,,,
876ad00dcffffff,,,
8796d29aeffffff,,,
876ac4d30ffffff,,,
876ac42ddffffff,,,
8796d3401ffffff,,,
876ac6b92ffffff,,,
876ade790ffffff,0.48972039919406907,2026-07,valid
876ac271bffffff,,,
876ac0619ffffff,,,
8796d2c4effffff,,,
876ade4f0ffffff,,,
8796d6912ffffff,,,
876ac0106ffffff,,,
8796d249bffffff,,,
876ac68f2ffffff,,,
8796d3161ffffff,,,
876ac5c2cffffff,,,
876ac4a90ffffff,,,
876ad1a2bffffff,,,
876af1764ffffff,,,
876ad388dffffff,,,
876ac2c2effffff,,,
876ae3350ffffff,,,
876ad30daffffff,,,
876ac4cc6ffffff,,,
876adeca3ffffff,,,
876ad0ac5ffffff,,,
876ac6b28ffffff,,,
876adc8c4ffffff,,,
876ade726ffffff,,,
876ac26b1ffffff,,,
8796d3914ffffff,,,
876ad1042ffffff,,,
8796d0d82ffffff,,,
876ac4513ffffff,,,
876ad0312ffffff,,,
876ac6375ffffff,,,
876adc111ffffff,,,
8796d68a8ffffff,,,
876ac009cffffff,,,
8796d2431ffffff,,,
8796d60f5ffffff,,,
876ad3823ffffff,,,
876ad5685ffffff,,,
876ae32e6ffffff,,,
876ad120effffff,,,
876ad3070ffffff,,,
876af152effffff,,,
876ac4c5cffffff,,,
8796d2265ffffff,,,
876ad0a5bffffff,,,
8796d0403ffffff,,,
876ac44a9ffffff,,,
876ad02a8ffffff,,,
876ac630bffffff,,,
876ac0032ffffff,,,
876af3b43ffffff,,,
8796d66dcffffff,,,
8796d0565ffffff,,,
876ac5b58ffffff,,,
876af1690ffffff,,,
8796d608bffffff,,,
876ac61a9ffffff,,,
8796d2a18ffffff,,,
876ad561bffffff,,,
876ac24e5ffffff,,,
876ac53a5ffffff,,,
876ad11a4ffffff,,,
876ac0683ffffff,,,
876ad3006ffffff,,,
876ac2d90ffffff,,,
876ade55affffff,,,
876ad275bffffff,,,
876ac695cffffff,,,
876ac6a54ffffff,,,
8796d0caeffffff,,,
8796d2b10ffffff,,,
876ac2c98ffffff,,,
876ac62a1ffffff,,,
8796d235dffffff,,,
876ac5aeeffffff,,,
876ad18edffffff,,,
876aded0dffffff,,,
876af1626ffffff,,,
8796d6021ffffff,,,
876ae3212ffffff,,,
876ad10acffffff,,,
876aded9bffffff,,,
876ac2d26ffffff,,,
876ac4b88ffffff,,,
876ac0711ffffff,,,
876ac2573ffffff,,,
8796d2aa6ffffff,,,
876ad36c1ffffff,,,
8796d676affffff,,,
8796d0491ffffff,,,
8796d22f3ffffff,,,
876ac5a84ffffff,,,
876ad1883ffffff,,,
876ad36e5ffffff,,,
8796d046dffffff,,,
876ad10d0ffffff,,,
8796d39a2ffffff,,,
876aded31ffffff,,,
876ac4b1effffff,,,
8796d6746ffffff,,,
876ac6980ffffff,,,
876ac2509ffffff,,,
876ac6213ffffff,,,
8796d2a82ffffff,,,
876ac43b1ffffff,,,
876ac436bffffff,,,
8796d6700ffffff,,,
8796d2289ffffff,,,
876ac5a1affffff,,,
876ad1819ffffff,,,
876af1552ffffff,,,
876ac2d02ffffff,,,
876ad1066ffffff,,,
876ac2c52ffffff,,,
876ac4ab4ffffff,,,
8796d3185ffffff,,,
876ac6916ffffff,,,
876ade514ffffff,,,
876ac4301ffffff,,,
876ad1116ffffff,,,
876ac6163ffffff,,,
876af1c9bffffff,,,
8796d6696ffffff,,,
876ac59b0ffffff,,,
876af14e8ffffff,,,
876af334affffff,,,
876ad3611ffffff,,,
876ad372bffffff,,,
8796d38ceffffff,,,
876af1602ffffff,,,
876ad18c9ffffff,,,
876adec5dffffff,,,
876ac0d86ffffff,,,
876ac4a4affffff,,,
8796d311bffffff,,,
876ac68acffffff,,,
876ade4aaffffff,,,
876ac2435ffffff,,,
8796d2968ffffff,,,
8796d67b0ffffff,,,
8796d662cffffff,,,
876ad021affffff,,,
8796d2aecffffff,,,
8796d21b5ffffff,,,
876ac5946ffffff,,,
876ac441bffffff,,,
8796d0c8affffff,,,
876ad1745ffffff,,,
876ac5193ffffff,,,
8796d3864ffffff,,,
876adcd91ffffff,,,
876ac0d1cffffff,,,
8796d30b1ffffff,,,
876ac6842ffffff,,,
876ad2641ffffff,,,
876ac6a30ffffff,,,
876ade440ffffff,,,
876ac0569ffffff,,,
876ac422dffffff,,,
876ac2d6cffffff,,,
876ad002cffffff,,,
876af3a29ffffff,,,
876ad3cf0ffffff,,,
876ad5b52ffffff,,,
8796d02e9ffffff,,,
8796d214bffffff,,,
876ac58dcffffff,,,
876ad16dbffffff,,,
876af1414ffffff,,,
876af3276ffffff,,,
876ac5129ffffff,,,
876ad1180ffffff,,,
876ac0cb2ffffff,,,
876ac2b14ffffff,,,
876ae3258ffffff,,,
876ac4976ffffff,,,
876ad0775ffffff,,,
876adc574ffffff,,,
876ac2361ffffff,,,
8796d2894ffffff,,,
876ac6025ffffff,,,
876af1b5dffffff,,,
876ad3795ffffff,,,
876ad5ae8ffffff,,,
876ad1933ffffff,,,
876af166cffffff,,,
876ac5b34ffffff,,,
876ae3749ffffff,,,
8796d23a3ffffff,,,
8796d20e1ffffff,,,
876ae3a0bffffff,,,
8796d0541ffffff,,,
876ac5872ffffff,,,
876ad1671ffffff,,,
876af13aaffffff,,,
876ac000effffff,,,
876ad34d3ffffff,,,
876ad5335ffffff,,,
8796d681affffff,,,
876aeed95ffffff,,,
8796d3790ffffff,,,
876adc083ffffff,,,
876ac0c48ffffff,,,
876ac2aaaffffff,,,
876ad0284ffffff,,,
8796d2b56ffffff,,,
876ac4485ffffff,,,
876ac490cffffff,,,
8796d0cf4ffffff,,,
876ad070bffffff,,,
876ac676effffff,,,
876ac2623ffffff,,,
876adc50affffff,,,
876ac0495ffffff,,,
876ac4159ffffff,,,
8796d282affffff,,,
876ade698ffffff,0.10999999999987777,2026-07,valid
876af1af3ffffff,,,
876adc836ffffff,,,
876af3955ffffff,,,
876ac6a9affffff,,,
8796d0215ffffff,,,
876ac5808ffffff,,,
876af1340ffffff,,,
876ad3469ffffff,,,
876ad52cbffffff,,,
876aeed2bffffff,,,
876ac5055ffffff,,,
8796d3726ffffff,,,
876adcc53ffffff,,,
876ac2a40ffffff,,,
876ac48a2ffffff,,,
876ac6704ffffff,,,
876ad304cffffff,,,
876adc4a0ffffff,,,
876ac042bffffff,,,
876ad1d50ffffff,,,
876af1a89ffffff,,,
876ae32c2ffffff,,,
876ad3bb2ffffff,,,
876ad5a14ffffff,,,
8796d01abffffff,,,
876ae3675ffffff,,,
8796d200dffffff,,,
876ad5661ffffff,,,
876ac579effffff,,,
876af12d6ffffff,,,
876ad159dffffff,,,
8796d60d1ffffff,,,
876ad5261ffffff,,,
876aeecc1ffffff,,,
876af16d6ffffff,,,
876ad199dffffff,,,
876ac5b9effffff,,,
8796d240dffffff,,,
876ac0b74ffffff,,,
876ae3a75ffffff,,,
8796d05abffffff,,,
876aee50effffff,,,
876ac669affffff,,,
876adc436ffffff,,,
876ac4085ffffff,,,
8796d2756ffffff,,,
876ad1ce6ffffff,,,
8796d6884ffffff,,,
876ad3b48ffffff,,,
876ac6351ffffff,,,
876ad02eeffffff,,,
876ae360bffffff,,,
876ac5734ffffff,,,
876af126cffffff,,,
876ac268dffffff,,,
876ad1533ffffff,,,
876ad3395ffffff,,,
876adad1dffffff,,,
8796d3652ffffff,,,
876ac082bffffff,,,
876ac0b0affffff,,,
876ac296cffffff,,,
876adc8a0ffffff,,,
876ac6b04ffffff,,,
876aee4a4ffffff,,,
876ac4ca2ffffff,,,
876ac6630ffffff,,,
876ac401bffffff,,,
8796d26ecffffff,,,
8796d63b0ffffff,,,
876ad3adeffffff,,,
876ad30b6ffffff,,,
876af1202ffffff,,,
876ad14c9ffffff,,,
876ad1254ffffff,,,
8796d3d9bffffff,,,
876ad332bffffff,,,
876ac5455ffffff,,,
876ae332cffffff,,,
876adacb3ffffff,,,
876ac0aa0ffffff,,,
876ac2902ffffff,,,
876ac4764ffffff,,,
876ada500ffffff,,,
876ad56cbffffff,,,
876ad3869ffffff,,,
876af1740ffffff,,,
876ac5c08ffffff,,,
8796d2682ffffff,,,
876ad1c12ffffff,,,
876ac3da6ffffff,,,
8796d6346ffffff,,,
8796d0615ffffff,,,
876ad3a74ffffff,,,
8796d3d31ffffff,,,
876ad32c1ffffff,,,
876ac00e2ffffff,,,
8796d68eeffffff,,,
876ade90dffffff,,,
87968921bffffff,,,
876ac0a36ffffff,,,
876ad0358ffffff,,,
8796d2c2affffff,,,
876ac4559ffffff,,,
876ac2898ffffff,,,
876ada496ffffff,,,
876ac655cffffff,,,
876ade15affffff,,,
876ac0895ffffff,,,
876ac20e5ffffff,,,
8796d07b6ffffff,,,
8796d2618ffffff,,,
876ac5da9ffffff,,,
876ad1ba8ffffff,,,
876adc90affffff,,,
876ac6b6effffff,,,
8796d62dcffffff,,,
876ad3a0affffff,,,
876ac4d0cffffff,,,
876ad586cffffff,,,
8796d0003ffffff,,,
8796d3514ffffff,,,
876ac6ca5ffffff,,,
876ade8a3ffffff,,,
876ac282effffff,,,
876ac4690ffffff,,,
876ad3120ffffff,,,
8796d2d61ffffff,,,
876ac64f2ffffff,,,
876ad22f1ffffff,,,
876ade0f0ffffff,,,
8796d6a25ffffff,,,
8796d074cffffff,,,
8796d25aeffffff,,,
8796d4410ffffff,,,
8796d6272ffffff,,,
876ad39a0ffffff,,,
876ac558cffffff,,,
876ad138bffffff,,,
876af10c4ffffff,,,
8796d3c5dffffff,,,
876ad38d3ffffff,,,
8796d61a5ffffff,,,
876af17aaffffff,,,
876ad1a71ffffff,,,
876ac5c72ffffff,,,
8796d24e1ffffff,,,
8796d34aaffffff,,,
876ac0962ffffff,,,
876ac4626ffffff,,,
876ac6488ffffff,,,
8796892e8ffffff,,,
876ac014cffffff,,,
876ade086ffffff,0.0366303929858853,2026-07,valid
8796d6958ffffff,,,
876ac2011ffffff,,,
876ade023ffffff,,,
8796d06e2ffffff,,,
8796d2544ffffff,,,
876ac5cd5ffffff,,,
876ad1ad4ffffff,,,
879689285ffffff,,,
876ac6425ffffff,,,
8796d2c94ffffff,,,
8796d6208ffffff,,,
876ad3936ffffff,,,
876ad5798ffffff,,,
876ac2761ffffff,,,
876ac5522ffffff,,,
876ad1321ffffff,,,
876af105affffff,,,
876ad3183ffffff,,,
876ad0b6effffff,,,
8796d3440ffffff,,,
876adc974ffffff,,,
876ac275affffff,,,
876ac4d76ffffff,,,
8796d2c8dffffff,,,
876ac641effffff,,,
876ade01cffffff,,,
8796d6951ffffff,,,
876ac0145ffffff,,,
8796d24daffffff,,,
876ac5c6bffffff,,,
876ad1a6affffff,,,
876af17a3ffffff,,,
8796d619effffff,0.0700000000000815,2026-07,valid
876ad38ccffffff,,,
876ad318affffff,,,
876ad572effffff,,,
876af1061ffffff,,,
876ad1328ffffff,,,
876ad3119ffffff,,,
876ac5529ffffff,,,
876ac4d05ffffff,,,
876ae3400ffffff,,,
876ac088effffff,,,
876ac26f0ffffff,,,
876ac4552ffffff,,,
8796d2c23ffffff,,,
876ad0351ffffff,,,
876ac63b4ffffff,,,
879689214ffffff,,,
876ad1adbffffff,,,
876ac5cdcffffff,,,
876ac00dbffffff,,,
8796d254bffffff,,,
8796d060effffff,,,
876ae3ad8ffffff,,,
8796d2470ffffff,,,
8796d06e9ffffff,,,
876ac5c01ffffff,,,
876ac2018ffffff,,,
876ad1a00ffffff,,,
8796d6134ffffff,,,
876ad3862ffffff,,,
876ac01b6ffffff,,,
876ad56c4ffffff,,,
876ae3325ffffff,,,
876ac544effffff,,,
876ade08dffffff,,,
876ad124dffffff,,,
876ad228effffff,,,
876ac4c9bffffff,,,
876ad0a9affffff,,,
876ac462dffffff,,,
876adc899ffffff,,,
876ac0824ffffff,,,
876ac2686ffffff,,,
876ac44e8ffffff,,,
876ac634affffff,,,
876ac0969ffffff,,,
876ade840ffffff,,,
876ac0071ffffff,,,
8796d05a4ffffff,,,
876ac3d35ffffff,,,
876ac6c42ffffff,,,
8796d34b1ffffff,,,
876ae3a6effffff,,,
8796d2406ffffff,,,
876ad1996ffffff,,,
8796d60caffffff,,,
876ad565affffff,,,
876ad3045ffffff,,,
876ac4c31ffffff,,,
876ac6a93ffffff,,,
8796d3c64ffffff,,,
876af10cbffffff,,,
876ad1392ffffff,,,
876ade691ffffff,,,
876ac5593ffffff,,,
876ac261cffffff,,,
8796d0cedffffff,,,
876ac62e0ffffff,,,
8796d6813ffffff,,,
876ae3a04ffffff,,,
8796d239cffffff,,,
876ac5b2dffffff,,,
876ad192cffffff,,,
876af1665ffffff,,,
8796d6060ffffff,,,
876ad378effffff,,,
876ad1b45ffffff,,,
876ae3251ffffff,,,
876ac5d46ffffff,,,
8796d25b5ffffff,,,
8796d0753ffffff,,,
876ac2d65ffffff,,,
876ac2082ffffff,,,
8796d3298ffffff,,,
876ac6a29ffffff,,,
8796d6a2cffffff,,,
876ac0750ffffff,,,
876ac25b2ffffff,,,
876ae22ebffffff,,,
8796d0c83ffffff,,,
876ac4414ffffff,,,
879689359ffffff,,,
8796d2ae5ffffff,,,
8796d2d68ffffff,,,
876ada433ffffff,0.13739647786980688,2026-07,valid
876ad0213ffffff,,,
876ac6276ffffff,,,
876adc012ffffff,,,
8796d67a9ffffff,,,
876ac2835ffffff,,,
8796d04d0ffffff,,,
8796d2332ffffff,,,
876ac5ac3ffffff,,,
876ad18c2ffffff,,,
876ad3724ffffff,,,
876ade8aaffffff,,,
876ac6cacffffff,,,
8796d351bffffff,,,
876ac5310ffffff,,,
876aded70ffffff,,,
876ac4b5dffffff,,,
876ac06e6ffffff,,,
876ac2548ffffff,,,
8796d0c19ffffff,,,
876ac43aaffffff,,,
876ad325effffff,,,
876ac620cffffff,,,
8796d3cceffffff,,,
8796d0466ffffff,,,
8796d22c8ffffff,,,
876ae34d4ffffff,,,
8796d000affffff,,,
876ad1858ffffff,,,
876ad10a5ffffff,,,
876aded06ffffff,,,
876ad3a11ffffff,,,
8796d62e3ffffff,,,
876ac2c91ffffff,,,
8796d4481ffffff,,,
876ac4af3ffffff,,,
876ac5db0ffffff,,,
876ac6955ffffff,,,
876ade553ffffff,,,
876ac24deffffff,,,
876ac4340ffffff,,,
8796d2a11ffffff,,,
876ac20ecffffff,,,
876ac61a2ffffff,,,
876af1cdaffffff,,,
8796d66d5ffffff,,,
8796d6a96ffffff,,,
876ade161ffffff,,,
8796d225effffff,,,
876ac6563ffffff,,,
876ad3650ffffff,,,
876ada49dffffff,,,
876ac4701ffffff,,,
8796d390dffffff,,,
876adec9cffffff,,,
876ac4a89ffffff,,,
8796d315affffff,,,
876ac68ebffffff,,,
876ad26eaffffff,,,
876ade4e9ffffff,0.11999999999978463,2026-07,valid
876ac0612ffffff,,,
876ac2474ffffff,,,
876ade914ffffff,,,
876ac42d6ffffff,,,
876ac6d16ffffff,,,
8796d3585ffffff,,,
876ad00d5ffffff,,,
8796d666bffffff,,,
8796d0392ffffff,,,
876ac5985ffffff,,,
876ad1784ffffff,,,
876ad32c8ffffff,,,
8796d38a3ffffff,,,
876ad1466ffffff,,,
876adec32ffffff,,,
876ac0d5bffffff,,,
8796d30f0ffffff,,,
876ac6881ffffff,,,
876ac05a8ffffff,,,
876ac240affffff,,,
876ac426cffffff,,,
8796d634dffffff,,,
876ad006bffffff,,,
876ac60ceffffff,,,
876ad1c19ffffff,,,
8796d6601ffffff,,,
876af3a68ffffff,,,
8796d2689ffffff,,,
8796d218affffff,,,
876ac591bffffff,,,
876ad171affffff,,,
876af1453ffffff,,,
876ac2156ffffff,,,
876ac5168ffffff,,,
876adcd66ffffff,,,
876ac0cf1ffffff,,,
8796d6b00ffffff,,,
876ac2b53ffffff,,,
876ac49b5ffffff,,,
8796d3086ffffff,,,
876adc5b3ffffff,,,
876ade415ffffff,,,
8796d6d4affffff,,,
876ac476bffffff,,,
876ac23a0ffffff,,,
876ac4202ffffff,,,
876ac2909ffffff,,,
8796d28d3ffffff,,,
876ad0001ffffff,,,
876ac6064ffffff,,,
876ad3cc5ffffff,,,
8796d2120ffffff,,,
876ac58b1ffffff,,,
876ad16b0ffffff,,,
876af324bffffff,,,
876ad3512ffffff,,,
876ac6d80ffffff,,,
876ad5374ffffff,,,
876ac2ae9ffffff,,,
876ac494bffffff,,,
876ad074affffff,,,
8796d301cffffff,,,
876ac67adffffff,,,
876adc549ffffff,,,
8796d6ce0ffffff,,,
876ac04d4ffffff,,,
876ac2336ffffff,,,
876ac4198ffffff,,,
8796d2869ffffff,,,
876ad3332ffffff,,,
8796d3da2ffffff,,,
876ad14d0ffffff,,,
876af1209ffffff,,,
8796d0254ffffff,,,
8796d20b6ffffff,,,
8796d00deffffff,,,
876ad1646ffffff,,,
876ad34a8ffffff,,,
876ad530affffff,,,
876aeed6affffff,,,
876ac5094ffffff,,,
8796d3765ffffff,,,
876adcc92ffffff,,,
876ad3ae5ffffff,,,
876ac0c1dffffff,,,
876ac48e1ffffff,,,
876ad1c83ffffff,,,
876ac6743ffffff,,,
8796d26f3ffffff,,,
876ac4022ffffff,,,
8796d6c76ffffff,0.12063966061995061,2026-07,valid
876ac046affffff,,,
876ac412effffff,,,
876af1ac8ffffff,,,
876ad5a53ffffff,,,
876ae36b4ffffff,,,
8796d204cffffff,,,
876af1315ffffff,,,
876ad52a0ffffff,,,
876aeed00ffffff,,,
876ac502affffff,,,
876aee4abffffff,,,
876adcc28ffffff,,,
876ac2973ffffff,,,
876ac0bb3ffffff,,,
876ac0b11ffffff,,,
876ac2a15ffffff,,,
876ad0676ffffff,,,
876ac66d9ffffff,,,
876adc475ffffff,,,
8796d3659ffffff,,,
876adad24ffffff,,,
876ac0400ffffff,,,
876aeec5effffff,,,
876ac40c4ffffff,,,
8796d2795ffffff,,,
876ad1d25ffffff,,,
876af1a5effffff,,,
8796d6459ffffff,,,
8796d0180ffffff,,,
876ae364affffff,,,
876ac5773ffffff,,,
876af12abffffff,,,
876ad1572ffffff,,,
876ad339cffffff,,,
876ad5236ffffff,,,
876aeec96ffffff,,,
876af1273ffffff,,,
8796d3691ffffff,,,
876ac0b49ffffff,1.1983931423715395,2026-06,valid
876ac29abffffff,,,
876ae26e4ffffff,,,
876aee4e3ffffff,,,
876ac480dffffff,,,
876ada5a9ffffff,0.009999999999965075,2026-07,valid
876ad060cffffff,,,
876adc40bffffff,,,
8796d6ba2ffffff,,,
876ac0396ffffff,,,
876ac405affffff,,,
876af1a26ffffff,,,
876ad1cedffffff,,,
8796d272bffffff,,,
8796d275dffffff,,,
8796d458dffffff,,,
876ac408cffffff,,,
876ad3b1dffffff,,,
8796d0116ffffff,,,
876ac5709ffffff,,,
876af1241ffffff,,,
876ad1508ffffff,,,
876ad336affffff,,,
876aeec2cffffff,,,
876adacf2ffffff,,,
876ade9b6ffffff,,,
876ac2941ffffff,,,
876ac66a1ffffff,,,
876ac47a3ffffff,,,
876af02dbffffff,,,
876ac6605ffffff,,,
876aee515ffffff,,,
876ac218effffff,,,
8796d26c1ffffff,,,
876ad1c51ffffff,,,
8796d6385ffffff,,,
876ad3ab3ffffff,,,
8796d00acffffff,,,
876ad149effffff,,,
8796d3d70ffffff,,,
8796d36c3ffffff,,,
876adad8effffff,,,
876ad3300ffffff,,,
876aeecc8ffffff,,,
876adac88ffffff,,,
876ac6d4effffff,,,
876ade94cffffff,,,
876ac0a75ffffff,0.4600000000000757,2026-06,valid
876ac0a75ffffff,0.5199999999999185,2026-07,valid
876ad5268ffffff,,,
876ac659bffffff,,,
876ad3406ffffff,,,
876ad239affffff,,,
876ade199ffffff,0.010387116747246287,2026-07,valid
876ad15a4ffffff,,,
876af12ddffffff,,,
8796d6aceffffff,,,
876ac57a5ffffff,,,
8796d2014ffffff,,,
876ac2124ffffff,,,
8796d01b2ffffff,,,
8796d631bffffff,,,
876ad3a49ffffff,,,
8796d0042ffffff,,,
876ad5a1bffffff,,,
876ac5635ffffff,,,
876ad1434ffffff,,,
8796d3d06ffffff,,,
876ad3296ffffff,,,
876adac1effffff,,,
876af1a90ffffff,,,
8796d3553ffffff,,,
876ac6ce4ffffff,,,
876ac40f6ffffff,,,
876ade8e2ffffff,,,
876ac2294ffffff,,,
876ac0a0bffffff,,,
876ac286dffffff,,,
876ac0432ffffff,,,
8796d2da0ffffff,,,
876ac6531ffffff,,,
876ac670bffffff,,,
8796d078bffffff,,,
876ac48a9ffffff,,,
8796d62b1ffffff,,,
876ad5841ffffff,,,
876ae34a2ffffff,,,
8796d3c9cffffff,,,
876ad322cffffff,,,
8796d34e9ffffff,,,
876ac09a1ffffff,,,
876ac2803ffffff,,,
876adcc5affffff,,,
876ac4665ffffff,,,
8796d372dffffff,,,
8796d2d36ffffff,,,
876ac505cffffff,,,
876aeed32ffffff,,,
876ad22c6ffffff,,,
876ade0c5ffffff,,,
876ac2050ffffff,,,
8796d0721ffffff,,,
8796d2583ffffff,,,
876ac5d14ffffff,,,
876ad1b13ffffff,,,
876ad52d2ffffff,,,
876ad3975ffffff,,,
876ad3470ffffff,,,
876ac5561ffffff,,,
876ad160effffff,,,
876ad1360ffffff,,,
876af1099ffffff,,,
8796d3c32ffffff,,,
876ac4daeffffff,,,
876ae36e6ffffff,,,
8796d021cffffff,,,
876ac6c10ffffff,,,
876adc9acffffff,,,
876ad5a85ffffff,,,
876ade80effffff,,,
876ac2799ffffff,,,
876ae24d2ffffff,,,
876af395cffffff,,,
8796d2cccffffff,,,
876ac645dffffff,,,
8796d6990ffffff,,,
8796d2831ffffff,,,
876ac0184ffffff,,,
876ac4160ffffff,,,
8796d2519ffffff,,,
876ac5caaffffff,,,
876ad1aa9ffffff,,,
876ad390bffffff,,,
876ad576dffffff,,,
876ac049cffffff,,,
876ad12f6ffffff,,,
876ad3158ffffff,,,
8796d15b3ffffff,,,
876adc511ffffff,,,
876ac4d44ffffff,,,
876ac6775ffffff,,,
8796d3415ffffff,,,
876ac4913ffffff,,,
876ac6ba6ffffff,,,
876adc942ffffff,,,
876ac2ab1ffffff,,,
876ac08cdffffff,,,
876ac4591ffffff,,,
8796d2c62ffffff,,,
876ad0390ffffff,,,
876adeb26ffffff,,,
879689253ffffff,,,
8796d6926ffffff,,,
876adccc4ffffff,,,
876ac011affffff,,,
8796d064dffffff,,,
876ac5c40ffffff,,,
876ac50c6ffffff,,,
876aeed9cffffff,,,
8796d6173ffffff,,,
876ad38a1ffffff,,,
876ad5703ffffff,,,
876ae3364ffffff,,,
876ac548dffffff,,,
876ad128cffffff,,,
876ad30eeffffff,,,
876ac4cdaffffff,0.012635281864535868,2025-05,valid
876ad0ad9ffffff,,,
876ad34daffffff,,,
876af13b1ffffff,,,
876ac0863ffffff,,,
876ac26c5ffffff,,,
8796d20e8ffffff,,,
8796d0d96ffffff,,,
876ad0326ffffff,,,
876ac6389ffffff,,,
8796d0286ffffff,,,
876adc125ffffff,,,
876ac00b0ffffff,,,
876ae3aadffffff,,,
8796d2445ffffff,,,
876af170effffff,,,
8796d6109ffffff,,,
876ad3c8dffffff,,,
876ad5699ffffff,,,
876ac5423ffffff,,,
876af1b64ffffff,,,
876ad1222ffffff,,,
876ad3084ffffff,,,
876ac602cffffff,,,
8796d289bffffff,,,
876ac4c70ffffff,,,
876ac6ad2ffffff,,,
876ac2368ffffff,,,
876ac265bffffff,,,
876ac0506ffffff,,,
876aee193ffffff,,,
8796d2b8effffff,,,
8796d6852ffffff,,,
876ac0046ffffff,,,
876ae3a43ffffff,,,
876ad196bffffff,,,
876af16a4ffffff,,,
8796d304effffff,,,
876ae3290ffffff,,,
876ad301affffff,,,
876ac2da4ffffff,,,
876ac2b1bffffff,,,
876ac4c06ffffff,,,
876ac6a68ffffff,,,
876adc804ffffff,,,
876adeb90ffffff,,,
876adcd2effffff,,,
8796d0cc2ffffff,,,
876ac4453ffffff,,,
8796d3801ffffff,,,
8796d2b24ffffff,,,
876ad0252ffffff,,,
876ac62b5ffffff,,,
876ac5130ffffff,,,
8796d2371ffffff,,,
876ac5b02ffffff,,,
876ad1901ffffff,,,
8796d6035ffffff,,,
876ad3763ffffff,,,
876ad53a6ffffff,,,
876ae3226ffffff,,,
876ad114effffff,,,
876ad3544ffffff,,,
876af141bffffff,,,
876ad16e2ffffff,,,
876ac4b9cffffff,,,
876ac58e3ffffff,,,
8796d2152ffffff,,,
8796d02f0ffffff,,,
876ac0725ffffff,,,
876ae22c0ffffff,,,
8796d0c58ffffff,,,
876ac624bffffff,,,
876ad5b59ffffff,,,
876af3a30ffffff,,,
8796d04a5ffffff,,,
876ac5a98ffffff,,,
876ac6096ffffff,,,
876ad0033ffffff,,,
8796d2905ffffff,,,
876ac4234ffffff,,,
876ad10e4ffffff,,,
8796d39b6ffffff,,,
876aded45ffffff,,,
876ac2cd0ffffff,,,
876ac0570ffffff,,,
876ac4b32ffffff,,,
876ac6994ffffff,,,
876ad2648ffffff,,,
876ade592ffffff,,,
876ac251dffffff,,,
876ac6849ffffff,,,
8796d2a50ffffff,,,
8796d6714ffffff,,,
876ac2b85ffffff,,,
8796d229dffffff,,,
876ac5a2effffff,,,
876ac0d23ffffff,,,
876ad182dffffff,,,
876af1566ffffff,,,
8796d394cffffff,,,
876adcd98ffffff,,,
876adecdbffffff,,,
876ac2c66ffffff,,,
876ac4ac8ffffff,,,
876ac519affffff,,,
8796d3199ffffff,,,
876ac692affffff,,,
876ade528ffffff,,,
876ac24b3ffffff,,,
876ac4315ffffff,,,
876ad35aeffffff,,,
8796d66aaffffff,,,
876af1485ffffff,,,
876ad174cffffff,,,
876ac594dffffff,,,
8796d2233ffffff,,,
876af335effffff,,,
8796d035affffff,,,
876ad3625ffffff,,,
876ad1010ffffff,,,
8796d38e2ffffff,,,
876adec71ffffff,,,
876ac0d9affffff,,,
8796d6633ffffff,,,
876ac4a5effffff,,,
876ac68c0ffffff,,,
876ac6100ffffff,,,
876ad009dffffff,,,
876ac2449ffffff,,,
876ac429effffff,,,
876ac42abffffff,,,
876ac610dffffff,,,
8796d6640ffffff,,,
876ac595affffff,,,
876ad1759ffffff,,,
876ade4b1ffffff,,,
876af1492ffffff,,,
876ac68b3ffffff,,,
8796d3122ffffff,,,
876ac4a51ffffff,,,
876adcda5ffffff,,,
876ac0d30ffffff,,,
876ac2b92ffffff,,,
8796d30c5ffffff,,,
876ac6856ffffff,,,
876ac0d8dffffff,,,
876ad2655ffffff,,,
876ade454ffffff,,,
876adec64ffffff,,,
876ac4241ffffff,,,
8796d2912ffffff,,,
876ad0040ffffff,,,
876ac60a3ffffff,,,
8796d38d5ffffff,,,
876ad1003ffffff,,,
876ad5b66ffffff,,,
876ac58f0ffffff,,,
876af1428ffffff,,,
876af328affffff,,,
876ad3551ffffff,,,
876ad53b3ffffff,,,
8796d380effffff,,,
876ad3618ffffff,,,
876ad17b6ffffff,,,
876ac0cc6ffffff,,,
876ac2b28ffffff,,,
876ac498affffff,,,
8796d2226ffffff,,,
8796d305bffffff,,,
876adc588ffffff,,,
876ac0513ffffff,,,
876ac2375ffffff,,,
8796d28a8ffffff,,,
876af1b71ffffff,,,
876af3b04ffffff,,,
8796d669dffffff,,,
8796d0293ffffff,,,
8796d20f5ffffff,,,
876ac5886ffffff,,,
876ac616affffff,,,
876ad1685ffffff,,,
876ac4308ffffff,,,
876ad5349ffffff,,,
876ac24a6ffffff,,,
876aeeda9ffffff,,,
876ac50d3ffffff,,,
8796d37a4ffffff,,,
876adccd1ffffff,,,
876ade51bffffff,,,
876adeb33ffffff,,,
876ac0c5cffffff,,,
876ac4920ffffff,,,
876ac6782ffffff,,,
876adc51effffff,,,
876ac691dffffff,,,
8796d318cffffff,,,
876ac04a9ffffff,,,
876ac416dffffff,,,
876ac2c59ffffff,,,
876af3969ffffff,,,
876ad5a92ffffff,,,
8796d0229ffffff,,,
876ae36f3ffffff,,,
8796d208bffffff,,,
876ac581cffffff,,,
876ad161bffffff,,,
876af1354ffffff,,,
876adecceffffff,,,
876ac5069ffffff,,,
876ad106dffffff,,,
876ac2a54ffffff,,,
876aee58cffffff,,,
876ac48b6ffffff,,,
876ac6718ffffff,,,
876adc4b4ffffff,,,
8796d6c4bffffff,,,
876ac4103ffffff,,,
876ad3682ffffff,,,
876ad1d64ffffff,,,
876af1a9dffffff,,,
876ad5a28ffffff,,,
876af1559ffffff,,,
876ad1820ffffff,,,
876ae3689ffffff,,,
876ac5a21ffffff,,,
8796d2290ffffff,,,
8796d2021ffffff,,,
876ac57b2ffffff,,,
8796d042effffff,,,
876af12eaffffff,,,
876ad15b1ffffff,,,
876ad3413ffffff,,,
876ad5275ffffff,,,
876aeecd5ffffff,,,
876adad9bffffff,,,
8796d36d0ffffff,,,
876af3b6effffff,,,
876ac0b88ffffff,,,
8796d2a43ffffff,,,
876aee522ffffff,,,
876ac4372ffffff,,,
876ac484cffffff,,,
876ad064bffffff,,,
876ac66aeffffff,,,
876ac2510ffffff,,,
876ac06aeffffff,,,
876ac4099ffffff,,,
8796d276affffff,,,
876ade585ffffff,,,
876af1a33ffffff,,,
876ad3b5cffffff,,,
876ac4b25ffffff,,,
876af1280ffffff,,,
876ad33a9ffffff,,,
876ad520bffffff,,,
876ac2cc3ffffff,,,
876aeec6bffffff,,,
8796d3666ffffff,,,
876ac0b1effffff,,,
876ac2980ffffff,,,
876ac6644ffffff,,,
8796d39a9ffffff,,,
8796d2700ffffff,,,
876ad1c90ffffff,,,
876ad3af2ffffff,,,
8796d00ebffffff,,,
876af1216ffffff,,,
876ad14ddffffff,,,
876aeec01ffffff,,,
876ac6d8dffffff,,,
876ad36ecffffff,,,
876ade98bffffff,,,
876ac0ab4ffffff,,,
876ac2916ffffff,,,
876ad188affffff,,,
876ada514ffffff,,,
876ac5a8bffffff,,,
8796d6b0dffffff,,,
8796d0498ffffff,,,
876ac2163ffffff,,,
8796d2696ffffff,,,
876ad1c26ffffff,,,
8796d635affffff,,,
876ad3a88ffffff,,,
8796d0081ffffff,,,
8796d6771ffffff,,,
876ad1473ffffff,,,
8796d3d45ffffff,,,
876ad32d5ffffff,,,
8796d2aadffffff,,,
8796d3592ffffff,,,
8796d0c4bffffff,,,
876ac6d23ffffff,,,
876ade921ffffff,,,
876ac28acffffff,,,
876ac0718ffffff,,,
876ac470effffff,,,
876ada4aaffffff,,,
876ac6570ffffff,,,
876ade16effffff,,,
8796d6aa3ffffff,,,
8796d262cffffff,,,
8796d448effffff,,,
8796d62f0ffffff,,,
876ad3a1effffff,,,
876ac2d2dffffff,,,
876ae34e1ffffff,,,
876ac560affffff,1.1178520187628345,2025-06,valid
876ac560affffff,0.1686054529646103,2026-01,valid
876ad1409ffffff,,,
8796d3cdbffffff,,,
876ad326bffffff,,,
876ad50cdffffff,,,
876adeda2ffffff,,,
8796d3528ffffff,,,
876ac2842ffffff,,,
876ac46a4ffffff,,,
876ad1141ffffff,,,
8796d2d75ffffff,,,
876ac6506ffffff,,,
876ae3219ffffff,,,
876ade104ffffff,,,
8796d0760ffffff,,,
876ac5d53ffffff,,,
876ad1b52ffffff,,,
8796d6286ffffff,,,
876ad3756ffffff,,,
8796d6028ffffff,,,
876ad39b4ffffff,,,
876ac55a0ffffff,,,
876af10d8ffffff,,,
876af162dffffff,,,
876ad18f4ffffff,,,
8796d3c71ffffff,,,
876ac5af5ffffff,,,
8796d2364ffffff,,,
876ad3201ffffff,,,
876ad5063ffffff,,,
8796d0502ffffff,,,
876ade84dffffff,,,
876ac0976ffffff,,,
8796d2d0bffffff,,,
876ac649cffffff,,,
876ad229bffffff,,,
876ade09affffff,0.04171203129716748,2026-07,valid
876ac2025ffffff,,,
8796d06f6ffffff,,,
876ac62a8ffffff,,,
876ad0245ffffff,,,
8796d2558ffffff,,,
876ac5ce9ffffff,,,
876ac4446ffffff,,,
8796d0cb5ffffff,,,
876ad1ae8ffffff,,,
8796d621cffffff,,,
876ad394affffff,,,
876ad57acffffff,,,
876ac0782ffffff,,,
876ae340dffffff,,,
876ac5536ffffff,,,
876ad1335ffffff,,,
876af106effffff,,,
876ac6a5bffffff,,,
876ac4d83ffffff,,,
8796d3454ffffff,,,
876adc981ffffff,,,
876ac090cffffff,,,
876ac276effffff,,,
8796d2ca1ffffff,,,
876ac6432ffffff,,,
876ade030ffffff,,,
8796d6965ffffff,,,
876ac0159ffffff,,,
876ad300dffffff,,,
8796d068cffffff,,,
8796d24eeffffff,,,
876ad38e0ffffff,,,
876ad11abffffff,,,
876ad5742ffffff,,,
876ac53acffffff,,,
876ac54ccffffff,,,
876ae3283ffffff,,,
876ad12cbffffff,,,
876ad312dffffff,,,
876ac4d19ffffff,,,
876ad5622ffffff,,,
876ac08a2ffffff,,,
8796d6092ffffff,,,
876ac2704ffffff,,,
876ac4566ffffff,,,
876ad0365ffffff,,,
876ad195effffff,,,
879689228ffffff,,,
8796d0622ffffff,,,
876ac3db3ffffff,,,
8796d056cffffff,,,
876ae3aecffffff,,,
8796d2484ffffff,,,
876ac5c15ffffff,,,
876ad1a14ffffff,,,
876af174dffffff,,,
8796d6148ffffff,,,
876ad3876ffffff,,,
876ad56d8ffffff,,,
8796d6845ffffff,,,
876ac5462ffffff,,,
876ad1261ffffff,,,
876adc0aeffffff,,,
876ac6312ffffff,,,
8796d2b81ffffff,,,
876ad30c3ffffff,,,
876ac44b0ffffff,,,
876aee186ffffff,,,
8796d3380ffffff,,,
876ac6b11ffffff,,,
876adc8adffffff,,,
876ac269affffff,,,
876ac635effffff,,,
8796d6891ffffff,,,
876ac0085ffffff,,,
876ac6ac5ffffff,,,
876ad0a62ffffff,,,
876ac4c63ffffff,,,
8796d241affffff,,,
876ac5babffffff,,,
876ad19aaffffff,,,
876af16e3ffffff,,,
8796d60deffffff,,,
876ad380cffffff,,,
876ad566effffff,,,
876ac3596ffffff,,,
876ad3059ffffff,,,
876ac4c45ffffff,,,
876ad0a44ffffff,,,
876ad1215ffffff,,,
876ac2630ffffff,,,
876ac5416ffffff,,,
876ac4492ffffff,,,
876ae32edffffff,,,
8796d2b63ffffff,,,
876ad0291ffffff,,,
876ac62f4ffffff,,,
876adc090ffffff,,,
876ac001bffffff,,,
876ad568cffffff,,,
8796d054effffff,,,
876ae3a18ffffff,,,
8796d23b0ffffff,,,
876ad382affffff,,,
876ad1940ffffff,,,
8796d6074ffffff,,,
876ad37a2ffffff,,,
876af1701ffffff,,,
876ad5604ffffff,,,
876ae3265ffffff,,,
876ad118dffffff,,,
876aee8b1ffffff,,,
876ac0764ffffff,,,
876ac00a3ffffff,,,
876ac4428ffffff,,,
876ac628affffff,,,
876adc118ffffff,,,
8796d04e4ffffff,,,
8796d2346ffffff,,,
876ad0319ffffff,,,
876ac451affffff,,,
876ad18d6ffffff,,,
8796d0d89ffffff,,,
8796d600affffff,,,
876ac5324ffffff,,,
876ac0856ffffff,,,
876ad1123ffffff,,,
876aded84ffffff,,,
876ac4b71ffffff,,,
8796d339effffff,,,
876ad0accffffff,,,
876ac4ccdffffff,,,
876ac255cffffff,,,
876ac6220ffffff,,,
8796d6753ffffff,,,
8796d22dcffffff,,,
876ad186cffffff,,,
876af15a5ffffff,,,
876ad36ceffffff,,,
876ad30e1ffffff,,,
8796d398bffffff,,,
876ac5480ffffff,,,
876aded1affffff,,,
876ac2ca5ffffff,,,
876ac6969ffffff,,,
876ad2768ffffff,,,
876ac0690ffffff,,,
876ac24f2ffffff,,,
876ad56f6ffffff,,,
876ac4354ffffff,,,
8796d2a25ffffff,,,
8796d6166ffffff,,,
876ad0153ffffff,,,
876ac61b6ffffff,,,
876af176bffffff,,,
876ad1a32ffffff,,,
876ac5c33ffffff,,,
8796d24a2ffffff,,,
8796d66e9ffffff,,,
876af3b50ffffff,,,
8796d0410ffffff,,,
8796d0640ffffff,,,
8796d2272ffffff,,,
876ac5a03ffffff,,,
876ad1802ffffff,,,
876ad3664ffffff,,,
876ac010dffffff,,,
8796d6919ffffff,,,
8796d3921ffffff,,,
876adecb0ffffff,,,
876adc182ffffff,,,
876ac4a9dffffff,,,
879689246ffffff,,,
876ad0383ffffff,,,
8796d2c55ffffff,,,
876ac4584ffffff,,,
876ac0626ffffff,,,
876ac2488ffffff,,,
876ac2722ffffff,,,
876ac42eaffffff,,,
876ad00e9ffffff,,,
876ac08c0ffffff,,,
876ac614cffffff,,,
876af3ae6ffffff,,,
8796d03a6ffffff,,,
8796d2208ffffff,,,
876ac5999ffffff,,,
876ad1798ffffff,,,
876ac6b99ffffff,,,
8796d3408ffffff,,,
876af14d1ffffff,,,
8796d15a6ffffff,,,
876adec46ffffff,,,
876ac4a33ffffff,,,
8796d3104ffffff,,,
876ac6895ffffff,,,
876ade493ffffff,,,
876ac241effffff,,,
876ad314bffffff,,,
876ac4280ffffff,,,
8796d2951ffffff,,,
876ac60e2ffffff,,,
876ad12e9ffffff,,,
876ac54eaffffff,,,
8796d6615ffffff,,,
876ad5ba5ffffff,,,
8796d219effffff,,,
876ad172effffff,,,
876af32c9ffffff,,,
876ad5760ffffff,,,
876ad3590ffffff,,,
876ac0d05ffffff,,,
876ad1a9cffffff,,,
8796d309affffff,,,
876ac5c9dffffff,,,
876ac682bffffff,,,
8796d250cffffff,,,
876ade429ffffff,,,
876ac0552ffffff,,,
8796d06aaffffff,,,
876ac23b4ffffff,,,
876ac4216ffffff,,,
876ad0015ffffff,,,
876af3a12ffffff,,,
8796d6983ffffff,,,
876ad3cd9ffffff,,,
8796d02d2ffffff,,,
8796d2134ffffff,,,
876ac6450ffffff,,,
876ac58c5ffffff,,,
876ad16c4ffffff,,,
876ad5388ffffff,,,
876ac278cffffff,,,
876ac5112ffffff,,,
876ac092affffff,,,
876adcd10ffffff,,,
876ade801ffffff,,,
876ac0c9bffffff,,,
876ad075effffff,,,
8796d3030ffffff,,,
876ac6c03ffffff,,,
8796d3472ffffff,,,
876adc55dffffff,,,
876ac4da1ffffff,,,
876ac04e8ffffff,,,
876ac41acffffff,,,
876ac600effffff,,,
876af1b46ffffff,,,
876ad5ad1ffffff,,,
8796d20caffffff,,,
876ac585bffffff,,,
876ad31b5ffffff,,,
876ad165affffff,,,
876af1393ffffff,,,
876ad531effffff,,,
8796d3c25ffffff,,,
876af108cffffff,,,
876ad1353ffffff,,,
876ac50a8ffffff,,,
876ac5554ffffff,,,
876adcca6ffffff,,,
876ac0c31ffffff,,,
876ac2a93ffffff,,,
876ac48f5ffffff,,,
876adc4f3ffffff,,,
876ad3968ffffff,,,
876ac4142ffffff,,,
876ad1b06ffffff,,,
8796d2813ffffff,,,
876af1adcffffff,,,
876ad1da3ffffff,,,
8796d2576ffffff,,,
876ae36c8ffffff,,,
8796d2060ffffff,,,
8796d0714ffffff,,,
876af1329ffffff,,,
876ad3452ffffff,,,
876ac2043ffffff,,,
876ad52b4ffffff,,,
876aeed14ffffff,,,
876ac2a29ffffff,,,
876aee561ffffff,,,
876ac488bffffff,,,
87968931affffff,,,
876ac66edffffff,,,
8796d2d29ffffff,,,
876adc489ffffff,,,
876ac4658ffffff,,,
876ac0414ffffff,,,
876ac40d8ffffff,,,
8796d27a9ffffff,,,
876ac0994ffffff,,,
876af1a72ffffff,,,
8796d646dffffff,,,
876ad3b9bffffff,,,
876ade86bffffff,,,
8796d0194ffffff,,,
876ae365effffff,,,
876ac6c6dffffff,,,
8796d34dcffffff,,,
876ad1586ffffff,,,
876ad524affffff,,,
876aeecaaffffff,,,
8796d36a5ffffff,,,
876ac0b5dffffff,0.007026601062702795,2026-06,valid
876ac4821ffffff,,,
876ad0620ffffff,,,
876ac6683ffffff,,,
8796d6bb6ffffff,,,
876af10f6ffffff,,,
876ac406effffff,,,
8796d45a1ffffff,,,
876af1a08ffffff,,,
876ad3b31ffffff,,,
876af386affffff,,,
876ae3495ffffff,,,
876ac571dffffff,,,
876af1255ffffff,,,
876ad151cffffff,,,
876aeec40ffffff,,,
8796d62a4ffffff,,,
876ad1b70ffffff,,,
876ac0af3ffffff,,,
876ac5d71ffffff,,,
876ac2955ffffff,,,
876ae268effffff,,,
876aee48dffffff,,,
876ac6619ffffff,,,
876ac20adffffff,,,
876ac21a2ffffff,,,
876ac4004ffffff,,,
8796d26d5ffffff,,,
876ad1c65ffffff,,,
876ade122ffffff,,,
8796d6399ffffff,,,
876ad5929ffffff,,,
8796d00c0ffffff,,,
876ac6524ffffff,,,
8796d2d93ffffff,0.15500053970118957,2026-07,valid
876ae358affffff,,,
876ac46c2ffffff,,,
876ac56b3ffffff,,,
876ad14b2ffffff,,,
8796d3d84ffffff,,,
876ac2860ffffff,,,
876ad3314ffffff,,,
876adac9cffffff,0.03999999999998836,2026-07,valid
876ac6d62ffffff,,,
876ade960ffffff,,,
876ade8d5ffffff,,,
876ac0a89ffffff,,,
876ac28ebffffff,,,
876aee423ffffff,,,
876ac474dffffff,,,
8796d3546ffffff,,,
876adac11ffffff,,,
876ade1adffffff,,,
8796d6ae2ffffff,,,
876ad50ebffffff,,,
8796d266bffffff,,,
876ad3a5dffffff,,,
876ad3289ffffff,,,
8796d0056ffffff,,,
876ad1448ffffff,,,
8796d3d1affffff,,,
876ad32aaffffff,,,
876adac32ffffff,,,
876ade8f6ffffff,,,
876ac2881ffffff,,,
876ac46e3ffffff,,,
8796d2db4ffffff,,,
876ac6545ffffff,,,
8796d630effffff,,,
876ade143ffffff,,,
8796d44acffffff,,,
876ac20ceffffff,,,
8796d2601ffffff,,,
876ac5d92ffffff,,,
8796d264affffff,,,
876ad1b91ffffff,,,
8796d62c5ffffff,,,
876ae34b6ffffff,,,
8796d3cb0ffffff,,,
876ad3240ffffff,,,
8796d6ac1ffffff,,,
876ade18cffffff,,,
876ad238dffffff,,,
876ac6c8effffff,,,
876ac658effffff,,,
876ac472cffffff,,,
876aee402ffffff,,,
876ade88cffffff,,,
876ae2603ffffff,,,
876ac28caffffff,,,
876ac09b5ffffff,,,
8796d2d4affffff,,,
876ac64dbffffff,,,
876ad22daffffff,,,
8796d6a0effffff,,,
876ac2064ffffff,,,
876ac6d41ffffff,,,
8796d35b0ffffff,,,
8796d0735ffffff,,,
876ac5d28ffffff,,,
8796d625bffffff,,,
876ad3989ffffff,,,
876ac5575ffffff,,,
876ad1374ffffff,,,
8796d3c46ffffff,,,
8796d3493ffffff,,,
876ac6c24ffffff,,,
876ad32f3ffffff,,,
876ade822ffffff,,,
8796d3d63ffffff,,,
876ad1491ffffff,,,
876ac094bffffff,,,
876ac27adffffff,,,
8796d2ce0ffffff,,,
876ac6471ffffff,,,
8796892d1ffffff,,,
876ac0198ffffff,,,
8796d06cbffffff,,,
876ad3aa6ffffff,,,
8796d252dffffff,,,
876ad5781ffffff,,,
8796d4516ffffff,,,
876ad1c44ffffff,,,
876ac550bffffff,,,
876ad130affffff,,,
8796d26b4ffffff,,,
876af1043ffffff,,,
876ad316cffffff,,,
876ac4d58ffffff,,,
8796d3429ffffff,,,
876ac2181ffffff,,,
876adc956ffffff,,,
876ac08e1ffffff,,,
876ac2743ffffff,,,
876ac45a5ffffff,,,
8796d2c76ffffff,,,
876ad03a4ffffff,,,
8796d6b2bffffff,,,
876adc1a3ffffff,,,
876ade005ffffff,,,
876ada532ffffff,,,
876ac012effffff,,,
876ac4796ffffff,,,
8796d0661ffffff,,,
8796d24c3ffffff,,,
876ac5c54ffffff,,,
876ac2934ffffff,,,
876ad1a53ffffff,,,
876af178cffffff,,,
876ad38b5ffffff,,,
876ac54a1ffffff,,,
876ade9a9ffffff,,,
876ad12a0ffffff,,,
876ad3102ffffff,,,
876ac6dabffffff,,,
8796d361affffff,,,
876adace5ffffff,,,
876ac4ceeffffff,,,
876ad0aedffffff,,,
876ac6b50ffffff,,,
876ac26d9ffffff,,,
8796d0daaffffff,,,
8796d2c0cffffff,,,
876ac639dffffff,,,
8796d68d0ffffff,,,
876ac00c4ffffff,,,
876ad335dffffff,,,
876ae3ac1ffffff,,,
8796d2459ffffff,,,
876af1234ffffff,,,
876af1722ffffff,,,
8796d611dffffff,,,
876ad384bffffff,,,
876ad56adffffff,,,
876ae330effffff,,,
876ad1236ffffff,,,
876ad3098ffffff,,,
876ac4c84ffffff,,,
876ad0a83ffffff,,,
876ac6ae6ffffff,,,
876adc882ffffff,,,
876ad3b10ffffff,,,
876ac080dffffff,,,
8796d4580ffffff,,,
876ad1caeffffff,,,
8796d271effffff,,,
876ac44d1ffffff,,,
8796d2ba2ffffff,,,
876ac404dffffff,,,
876ad02d0ffffff,,,
876ac6333ffffff,,,
8796d6866ffffff,,,
876ac005affffff,,,
8796d058dffffff,,,
876ac5b80ffffff,,,
8796d6b95ffffff,,,
8796d60b3ffffff,,,
876ad5643ffffff,,,
876ae32a4ffffff,,,
876ac6662ffffff,,,
876ada59cffffff,0.23294617840066417,2026-07,valid
876ad302effffff,,,
876ac4800ffffff,,,
876aee4d6ffffff,,,
876ac299effffff,,,
876ac4c1affffff,,,
876adc818ffffff,,,
876ac07a3ffffff,,,
876ac2605ffffff,,,
8796d0cd6ffffff,,,
876ad0266ffffff,,,
876ac62c9ffffff,,,
8796d3684ffffff,,,
876aeec89ffffff,,,
8796d0523ffffff,,,
8796d2385ffffff,,,
876ac5b16ffffff,,,
876af164effffff,,,
876ad1915ffffff,,,
876ad5229ffffff,,,
8796d6049ffffff,,,
876ad1162ffffff,,,
876ad1565ffffff,,,
876af129effffff,,,
876ac2d4effffff,,,
876ac5766ffffff,,,
876aee886ffffff,,,
876ac4bb0ffffff,,,
876ac6a12ffffff,,,
876ac259bffffff,,,
876ae22d4ffffff,,,
8796d2aceffffff,,,
8796d644cffffff,,,
8796d6792ffffff,,,
876af1a51ffffff,,,
876ad1d18ffffff,,,
8796d2788ffffff,,,
8796d231bffffff,,,
876ac5aacffffff,,,
876ad18abffffff,,,
876ad370dffffff,,,
876aded59ffffff,,,
876ac2ce4ffffff,,,
876ac4b46ffffff,,,
876ac69a8ffffff,,,
876adc468ffffff,,,
876ac66ccffffff,,,
876ad0669ffffff,,,
876ac486affffff,,,
876ade5a6ffffff,,,
876aee540ffffff,,,
876ac2a08ffffff,,,
876ac2531ffffff,,,
876ac0ba6ffffff,,,
8796d0c02ffffff,,,
876ac4393ffffff,,,
8796d2a64ffffff,,,
876adcc1bffffff,,,
8796d6728ffffff,,,
8796d22b1ffffff,,,
8796d36eeffffff,,,
876ad1841ffffff,,,
876ac501dffffff,,,
876aeecf3ffffff,,,
876ad36a3ffffff,,,
876ad108effffff,,,
8796d3960ffffff,,,
876ac4adcffffff,,,
8796d31adffffff,,,
876ad5293ffffff,,,
876ad3431ffffff,,,
876af1308ffffff,,,
876ac4329ffffff,,,
876ac618bffffff,,,
876af1cc3ffffff,,,
876af3b25ffffff,,,
876af1510ffffff,,,
876ad5a46ffffff,,,
876ad1024ffffff,,,
8796d38f6ffffff,,,
876ad1d82ffffff,,,
876adec85ffffff,,,
876ac0daeffffff,,,
876ac2c10ffffff,,,
876ac4a72ffffff,,,
8796d3143ffffff,,,
876ac4121ffffff,,,
876ac68d4ffffff,,,
876ade4d2ffffff,,,
876ac245dffffff,,,
876ac045dffffff,,,
8796d2990ffffff,,,
8796d6c69ffffff,,,
876ac6121ffffff,,,
8796d6654ffffff,,,
876ac6736ffffff,,,
876ac596effffff,,,
876ac48d4ffffff,,,
876aee5aaffffff,,,
876ad176dffffff,,,
876ac2a72ffffff,,,
876ac0c10ffffff,,,
8796d388cffffff,,,
876adec1bffffff,,,
876ac0d44ffffff,,,
876ac2ba6ffffff,,,
876adcc85ffffff,,,
876ac4a08ffffff,,,
8796d3758ffffff,,,
8796d30d9ffffff,,,
876ac686affffff,,,
876aeed5dffffff,,,
876ad2669ffffff,,,
876ade468ffffff,,,
876ac0591ffffff,,,
876ac4255ffffff,,,
8796d2926ffffff,,,
876ad0054ffffff,,,
876af3a51ffffff,,,
8796d0311ffffff,,,
876ad349bffffff,,,
8796d2173ffffff,,,
876ac5904ffffff,,,
876af1372ffffff,,,
876ad1703ffffff,,,
876af329effffff,,,
8796d20a9ffffff,,,
876ad3565ffffff,,,
876ac5151ffffff,,,
8796d3822ffffff,,,
876adebb1ffffff,,,
876ac0cdaffffff,,,
876ad5ab0ffffff,,,
876ac499effffff,,,
876ac6800ffffff,,,
876adc59cffffff,,,
876ac2389ffffff,,,
876af1b25ffffff,,,
876ac604dffffff,,,
8796d285cffffff,,,
876ac418bffffff,,,
876ad5b10ffffff,,,
876ac2329ffffff,,,
8796d2109ffffff,,,
876ac589affffff,,,
876ad1699ffffff,,,
876ad535dffffff,,,
876adcce5ffffff,,,
876ac67a0ffffff,,,
876ac0c70ffffff,,,
876ac2ad2ffffff,,,
876ac4934ffffff,,,
876ad0733ffffff,,,
8796d3005ffffff,,,
876ac2adcffffff,,,
876ac6796ffffff,,,
876adc532ffffff,,,
876ac4181ffffff,,,
8796d2852ffffff,,,
876af1b1bffffff,,,
876ad5aa6ffffff,,,
876ac5830ffffff,,,
876af1368ffffff,,,
876ac50f1ffffff,,,
876ad3491ffffff,,,
876ad52f3ffffff,,,
876aeed53ffffff,,,
8796d374effffff,,,
876ac0c06ffffff,,,
876ac2a68ffffff,,,
876aee5a0ffffff,,,
876ac48caffffff,,,
876ad06c9ffffff,,,
876ad3505ffffff,,,
876ac672cffffff,,,
876ad16a3ffffff,,,
876ac0453ffffff,,,
876ac58a4ffffff,,,
8796d2113ffffff,,,
876ac22b5ffffff,,,
8796d02b1ffffff,,,
876af1ab1ffffff,,,
876ae369dffffff,,,
876ad5b1affffff,,,
8796d2035ffffff,,,
876ad5289ffffff,,,
876aeece9ffffff,,,
876ac5013ffffff,,,
8796d36e4ffffff,,,
876adcc11ffffff,,,
8796d28c6ffffff,,,
876ac0b9cffffff,,,
876aee536ffffff,,,
876ac4860ffffff,,,
876ac66c2ffffff,,,
876ac2393ffffff,,,
876adc45effffff,,,
876ac0531ffffff,,,
876ac40adffffff,,,
876ade408ffffff,,,
876ad1d0effffff,,,
876ad2609ffffff,,,
8796d6442ffffff,0.02,2026-07,valid
876adc5a6ffffff,,,
876ad3b70ffffff,,,
876ac680affffff,,,
876ac49a8ffffff,,,
876af1294ffffff,,,
876ad155bffffff,,,
876ac2b46ffffff,,,
876ac0ce4ffffff,,,
876ac0b32ffffff,,,
876ac2994ffffff,,,
876ae26cdffffff,,,
876aee4ccffffff,,,
876adcd59ffffff,,,
876ada592ffffff,,,
876ac6658ffffff,,,
8796d382cffffff,,,
876ac515bffffff,,,
8796d6b8bffffff,,,
876ac4043ffffff,,,
8796d2714ffffff,,,
876ad1ca4ffffff,,,
876ad3b06ffffff,,,
876ad5968ffffff,,,
876af122affffff,,,
876ad14f1ffffff,,,
876ad3353ffffff,,,
876aeec15ffffff,,,
876adacdbffffff,,,
876af1446ffffff,,,
876ad170dffffff,,,
8796d3610ffffff,,,
876ac590effffff,,,
876ac6da1ffffff,,,
8796d031bffffff,,,
876ac292affffff,,,
876aee462ffffff,,,
876ad5b84ffffff,,,
876ac478cffffff,,,
876ada528ffffff,,,
876af3a5bffffff,,,
8796d6b21ffffff,,,
8796d26aaffffff,,,
876ac60c1ffffff,,,
876ad005effffff,,,
8796d2930ffffff,,,
8796d636effffff,,,
876ad3a9cffffff,,,
8796d0095ffffff,,,
8796d3d59ffffff,,,
876ad32e9ffffff,,,
876ac059bffffff,,,
876ad514bffffff,,,
876ade472ffffff,,,
8796d35a6ffffff,,,
876ad2673ffffff,,,
876ac6874ffffff,,,
8796d30e3ffffff,,,
876ac4a12ffffff,,,
876ade935ffffff,,,
876ac0a5effffff,,,
876ac2bb0ffffff,,,
876ac28c0ffffff,,,
876ac4722ffffff,,,
876ac0d4effffff,,,
876ac6584ffffff,,,
876ad2383ffffff,,,
876adec25ffffff,,,
876ade182ffffff,,,
876ac210dffffff,,,
8796d2640ffffff,,,
8796d44a2ffffff,,,
8796d3896ffffff,,,
8796d6304ffffff,,,
876ad3a32ffffff,,,
876ae34f5ffffff,,,
876ac561effffff,,,
876ad141dffffff,,,
876ac6ccdffffff,,,
876ade8cbffffff,,,
876ac2856ffffff,,,
8796d2d89ffffff,,,
876af14b0ffffff,,,
876ac651affffff,,,
876ade118ffffff,,,
876ac20a3ffffff,,,
8796d0774ffffff,,,
8796d0385ffffff,,,
876ad1b66ffffff,,,
8796d629affffff,,,
876ae348bffffff,,,
876ac55b4ffffff,,,
876ad13b3ffffff,,,
876af10ecffffff,,,
8796d3c85ffffff,,,
876af3ac5ffffff,,,
8796d665effffff,,,
876ad3215ffffff,,,
8796d34d2ffffff,,,
876ac612bffffff,,,
876ad00c8ffffff,,,
8796d299affffff,,,
876ac42c9ffffff,,,
876ac6c63ffffff,,,
876ade861ffffff,,,
876ac098affffff,,,
876ac0605ffffff,,,
876ac464effffff,,,
876ade4dcffffff,,,
876ac64b0ffffff,,,
876ad26ddffffff,,,
876ac68deffffff,,,
876ade0aeffffff,,,
8796d070affffff,,,
8796d256cffffff,,,
8796d6230ffffff,,,
876ac2c1affffff,,,
876ad395effffff,,,
876ac554affffff,,,
876ad1349ffffff,,,
876af1082ffffff,,,
8796d3c1bffffff,,,
876ad31abffffff,,,
8796d3468ffffff,,,
876adc995ffffff,,,
8796d3900ffffff,,,
876ad102effffff,,,
876ac0920ffffff,,,
876ac2782ffffff,,,
8796d2cb5ffffff,,,
876ac6446ffffff,,,
876ade044ffffff,,,
876ac016dffffff,,,
8796d06a0ffffff,,,
8796d2502ffffff,,,
876ac5c93ffffff,,,
876ad1a92ffffff,,,
876ad3643ffffff,,,
876ad38f4ffffff,,,
876ad5756ffffff,,,
876ac54e0ffffff,,,
876af151affffff,,,
8796d2251ffffff,,,
876ad3141ffffff,,,
8796d159cffffff,,,
876ac4d2dffffff,,,
876ac08b6ffffff,,,
876ac2718ffffff,,,
8796d66c8ffffff,,,
8796d2c4bffffff,,,
876ac0103ffffff,,,
8796d0636ffffff,,,
876ac6195ffffff,,,
8796d2498ffffff,,,
8796d2a04ffffff,,,
876ac5c29ffffff,,,
876ac4333ffffff,,,
876ad1a28ffffff,,,
876af1761ffffff,,,
8796d615cffffff,,,
876ad388affffff,,,
876ac24d1ffffff,,,
876ad56ecffffff,,,
876ae334dffffff,,,
876ac5476ffffff,,,
876ad1275ffffff,,,
876ade546ffffff,,,
876aee999ffffff,,,
876ac6948ffffff,,,
876ac4cc3ffffff,,,
876ac4ae6ffffff,,,
876ad0ac2ffffff,,,
8796d3394ffffff,,,
876ac6b25ffffff,,,
876ac2c84ffffff,,,
876ac084cffffff,,,
876ac26aeffffff,,,
876ac4510ffffff,,,
876ac6372ffffff,,,
8796d68a5ffffff,,,
876ac0099ffffff,,,
8796d242effffff,,,
8796d396affffff,,,
876ad1098ffffff,,,
8796d60f2ffffff,,,
876ad3820ffffff,,,
876ad5682ffffff,,,
876ae32e3ffffff,,,
876ac540cffffff,,,
876ad120bffffff,,,
876ad306dffffff,,,
876ac4c59ffffff,,,
876ad0a58ffffff,,,
876ad36adffffff,,,
876ac2644ffffff,,,
876ac44a6ffffff,,,
876ad02a5ffffff,,,
876ad184bffffff,,,
876ac6308ffffff,,,
876adc0a4ffffff,,,
8796d0562ffffff,,,
876ac5b55ffffff,,,
876ad1954ffffff,,,
8796d0459ffffff,,,
876af168dffffff,,,
8796d6088ffffff,,,
876ad37b6ffffff,,,
876ad5618ffffff,,,
876ac53a2ffffff,,,
8796d6732ffffff,,,
876ad11a1ffffff,,,
876ad3003ffffff,,,
876ac2d8dffffff,,,
876ac6a51ffffff,,,
8796d2a6effffff,,,
876ac439dffffff,,,
8796d0c0cffffff,,,
8796d0cabffffff,,,
8796d2b0dffffff,,,
876ac629effffff,,,
8796d235affffff,,,
876ade5b0ffffff,,,
876ad18eaffffff,,,
876af1623ffffff,,,
8796d601effffff,,,
876ac69b2ffffff,,,
876ad374cffffff,,,
876ac4b50ffffff,,,
876ac2ceeffffff,,,
876aded98ffffff,,,
876ac2d23ffffff,,,
876ac4b85ffffff,,,
876aded63ffffff,,,
876ac070effffff,,,
876ac2570ffffff,,,
8796d2aa3ffffff,,,
876ac6234ffffff,,,
876ad1102ffffff,,,
876ac5303ffffff,,,
8796d048effffff,,,
8796d22f0ffffff,,,
876ac5a81ffffff,,,
876ad1880ffffff,,,
876ad36e2ffffff,,,
876ad10cdffffff,,,
876aded2effffff,,,
876ac4b1bffffff,,,
876ad18b5ffffff,,,
876ac5ab6ffffff,,,
8796d2325ffffff,,,
876ac06a4ffffff,,,
876ac2506ffffff,,,
8796d04c3ffffff,,,
876ac4368ffffff,,,
876af3b64ffffff,,,
8796d0424ffffff,,,
8796d2286ffffff,,,
8796d679cffffff,,,
876ad1816ffffff,,,
876ac6269ffffff,,,
876ad0206ffffff,,,
8796d2ad8ffffff,,,
8796d0c76ffffff,,,
876ad1063ffffff,,,
876ae22deffffff,,,
876ac25a5ffffff,,,
8796d3935ffffff,,,
876ac0743ffffff,,,
876adecc4ffffff,,,
876ac4ab1ffffff,,,
8796d3182ffffff,,,
876ac6913ffffff,,,
876ade511ffffff,,,
876ac249cffffff,,,
876ac6a1cffffff,,,
876ac6160ffffff,,,
876af1c98ffffff,,,
876aee890ffffff,,,
876ac2d58ffffff,,,
8796d6693ffffff,,,
8796d221cffffff,,,
876ac59adffffff,,,
876ad17acffffff,,,
876af14e5ffffff,,,
876ad360effffff,,,
876ad116cffffff,,,
8796d38cbffffff,,,
876adec5affffff,,,
876ac0d83ffffff,,,
876ae3244ffffff,,,
8796d3118ffffff,,,
876ac68a9ffffff,,,
876ac2432ffffff,,,
876ac4294ffffff,,,
8796d2965ffffff,,,
876ad3781ffffff,,,
8796d6053ffffff,,,
876ad0093ffffff,,,
876ac60f6ffffff,,,
876af1658ffffff,,,
8796d6629ffffff,,,
876ac5b20ffffff,,,
8796d21b2ffffff,,,
876ac5943ffffff,,,
876ad1742ffffff,,,
8796d052dffffff,,,
876af32ddffffff,,,
876ad35a4ffffff,,,
876ac5190ffffff,,,
876adcd8effffff,,,
8796d6806ffffff,,,
876ac0d19ffffff,,,
8796d30aeffffff,,,
876ac0566ffffff,,,
876ac62d3ffffff,,,
876ad0270ffffff,,,
8796d2b42ffffff,,,
876ac4471ffffff,,,
8796d0ce0ffffff,,,
876ac422affffff,,,
876ad0029ffffff,,,
876ac608cffffff,,,
876af3a26ffffff,,,
876ac07adffffff,,,
8796d02e6ffffff,,,
8796d2148ffffff,,,
876ac58d9ffffff,,,
876ad16d8ffffff,,,
876af3273ffffff,,,
876adc822ffffff,,,
876ad539cffffff,,,
876ac6a86ffffff,,,
876ac4c24ffffff,,,
876ac5126ffffff,,,
876adcd24ffffff,,,
876ac2b11ffffff,,,
876ac4973ffffff,,,
876ad0772ffffff,,,
8796d3044ffffff,,,
876adc571ffffff,,,
8796d2891ffffff,,,
876ac6022ffffff,,,
876af1b5affffff,,,
876ad5ae5ffffff,,,
8796d20deffffff,,,
876ad166effffff,,,
876af3209ffffff,,,
876ae32aeffffff,,,
876ad34d0ffffff,,,
876ad5332ffffff,,,
876aeed92ffffff,,,
8796d378dffffff,,,
876ac0c45ffffff,,,
876ad564dffffff,,,
876ac4909ffffff,,,
876ad0708ffffff,,,
876ac676bffffff,,,
876af16c2ffffff,,,
876ad1989ffffff,,,
876ac5b8affffff,,,
876ac0492ffffff,,,
876ac4156ffffff,,,
876ae3a61ffffff,,,
876af1af0ffffff,,,
8796d64ebffffff,,,
8796d0212ffffff,,,
876ae36dcffffff,,,
876ac0064ffffff,,,
8796d2074ffffff,,,
876ac5805ffffff,,,
8796d6870ffffff,,,
876ad1604ffffff,,,
876ad3466ffffff,,,
876ad52c8ffffff,,,
876aeed28ffffff,,,
876ac5052ffffff,,,
876ad02daffffff,,,
8796d2bacffffff,,,
8796d3723ffffff,,,
876ac44dbffffff,,,
876aee1b1ffffff,,,
876adcc50ffffff,,,
876aee575ffffff,,,
876ac6701ffffff,,,
876adc49dffffff,,,
876adc88cffffff,,,
876ac6af0ffffff,,,
876ac0428ffffff,,,
876ac4c8effffff,,,
876ac40ecffffff,,,
876ad1d4dffffff,,,
876af1a86ffffff,,,
876ad5a11ffffff,,,
8796d01a8ffffff,,,
876ae3672ffffff,,,
8796d200affffff,,,
876ac579bffffff,,,
876af12d3ffffff,,,
876ad159affffff,,,
876ad525effffff,,,
876ad30a2ffffff,,,
876adad84ffffff,,,
876ad1240ffffff,,,
876ac5441ffffff,,,
876ac0b71ffffff,,,
876ae3318ffffff,,,
876aee50bffffff,,,
876ac4835ffffff,,,
876adc433ffffff,,,
876ac4082ffffff,,,
8796d2753ffffff,,,
876ad1ce3ffffff,,,
876ad3855ffffff,,,
8796d45b5ffffff,,,
876af1a1cffffff,,,
876ad3b45ffffff,,,
876af172cffffff,,,
876ae3608ffffff,,,
8796d2463ffffff,,,
876ac5731ffffff,,,
876af1269ffffff,,,
876ae3acbffffff,,,
876ac3d92ffffff,,,
8796d0601ffffff,,,
876ad1530ffffff,,,
876ad3392ffffff,,,
876aeec54ffffff,,,
876adad1affffff,,,
876ac00ceffffff,,,
8796d68daffffff,,,
876ac2969ffffff,,,
876ae26a2ffffff,,,
876aee4a1ffffff,,,
876ac662dffffff,,,
876ad0344ffffff,,,
8796d2c16ffffff,,,
876ac4545ffffff,,,
8796d0db4ffffff,,,
876ac26e3ffffff,,,
876ac21b6ffffff,,,
876ac4018ffffff,,,
876ac0881ffffff,,,
8796d26e9ffffff,,,
8796d63adffffff,,,
876ad3adbffffff,,,
876adc8f6ffffff,,,
8796d00d4ffffff,,,
876ac6b5affffff,,,
876ae359effffff,,,
876ad14c6ffffff,,,
8796d3d98ffffff,,,
876ad3328ffffff,,,
876adacb0ffffff,,,
876ac6d76ffffff,,,
876ade974ffffff,,,
876ac0a9dffffff,,,
876ac4761ffffff,,,
876ad310cffffff,,,
8796d6af6ffffff,,,
876ac214cffffff,,,
876ad12aaffffff,,,
876ac54abffffff,,,
8796d6343ffffff,,,
876ad3a71ffffff,,,
876ad145cffffff,,,
8796d3d2effffff,,,
8796d6191ffffff,,,
876ac6d0cffffff,,,
876af1796ffffff,,,
876ad1a5dffffff,,,
876ac5c5effffff,,,
8796d24cdffffff,,,
876ade90affffff,,,
876ac0a33ffffff,,,
876ac2895ffffff,,,
8796d066bffffff,,,
876ada493ffffff,0.029999999999959254,2026-07,valid
876ac6559ffffff,,,
8796d6a8cffffff,,,
876ac20e2ffffff,,,
8796d07b3ffffff,,,
8796d2615ffffff,,,
8796d6944ffffff,,,
876ac5da6ffffff,,,
876ad1ba5ffffff,,,
876ad2210ffffff,,,
876adc1adffffff,,,
879689271ffffff,,,
876ac6411ffffff,,,
876ad03aeffffff,,,
8796d2c80ffffff,,,
8796d62d9ffffff,,,
876ad5869ffffff,,,
876ac274dffffff,,,
876ac08ebffffff,,,
8796d3cc4ffffff,,,
876ad3254ffffff,,,
8796d3511ffffff,,,
876ac6ca2ffffff,,,
876adc960ffffff,,,
8796d3433ffffff,,,
876ad0b61ffffff,,,
876ade8a0ffffff,,,
876ac282bffffff,,,
876ac4d62ffffff,,,
876ac468dffffff,,,
8796d2d5effffff,,,
876ad22eeffffff,,,
876ade0edffffff,,,
8796d6a22ffffff,,,
8796d0749ffffff,,,
8796d25abffffff,,,
876ad3176ffffff,,,
876ad399dffffff,,,
876af104dffffff,,,
876ad1314ffffff,,,
876ac5589ffffff,,,
876ad1388ffffff,,,
876ac5515ffffff,,,
876af10c1ffffff,,,
8796d3c5affffff,,,
876ad504cffffff,,,
876ade836ffffff,,,
876ad578bffffff,,,
876ac4623ffffff,,,
8796d2cf4ffffff,,,
876ad3929ffffff,,,
876ac6485ffffff,,,
8796892e5ffffff,,,
876ac5cc8ffffff,,,
876ad2284ffffff,,,
876ade083ffffff,,,
876ac01acffffff,,,
876ac200effffff,,,
8796d06d5ffffff,,,
8796d2541ffffff,,,
876ac5cd2ffffff,,,
876ac2004ffffff,,,
876ad1ad1ffffff,,,
8796d6205ffffff,,,
876ac01a2ffffff,,,
876ad3933ffffff,,,
8796d69aeffffff,,,
876ad5795ffffff,,,
876ad131effffff,,,
876ad3180ffffff,,,
8796892dbffffff,,,
8796d2ceaffffff,,,
876ac4619ffffff,,,
876ac4d6cffffff,,,
876ad0b6bffffff,,,
876ac08f5ffffff,,,
876ac0955ffffff,,,
8796d2c8affffff,,,
876ade82cffffff,,,
876ac641bffffff,,,
876ad221affffff,,,
876ade019ffffff,,,
876ac6c2effffff,,,
8796d349dffffff,,,
8796d694effffff,,,
876ac0142ffffff,,,
8796d0675ffffff,,,
876ac5c68ffffff,,,
876af17a0ffffff,,,
8796d619bffffff,,,
876ad38c9ffffff,,,
876ad572bffffff,,,
876ae338cffffff,,,
876ad5042ffffff,,,
876ac54b5ffffff,,,
876ad12b4ffffff,,,
876ac4d02ffffff,,,
8796d3c50ffffff,,,
876ac6b64ffffff,,,
876ac088bffffff,,,
876ac26edffffff,,,
876ae3456ffffff,,,
8796d2c20ffffff,,,
876ad034effffff,,,
876ac63b1ffffff,,,
879689211ffffff,,,
8796d68e4ffffff,,,
876ac00d8ffffff,,,
8796d060bffffff,,,
876ad3993ffffff,,,
8796d6265ffffff,,,
876ac3d9cffffff,,,
876ae3ad5ffffff,,,
876ad1b31ffffff,,,
8796d246dffffff,,,
876ac5d32ffffff,,,
8796d25a1ffffff,,,
876af1736ffffff,,,
8796d6131ffffff,,,
876ad56c1ffffff,,,
876ac206effffff,,,
876ac544bffffff,,,
876ad124affffff,,,
876ad30acffffff,,,
876ac4c98ffffff,,,
8796d6a18ffffff,,,
876ade0e3ffffff,,,
876adc896ffffff,,,
876ad22e4ffffff,,,
876ac64e5ffffff,,,
8796d2d54ffffff,,,
876ac0821ffffff,,,
876ac2683ffffff,,,
876ac4683ffffff,,,
876ac44e5ffffff,,,
8796d2bb6ffffff,,,
876ad02e4ffffff,,,
876ac2821ffffff,,,
876ac006effffff,,,
8796d05a1ffffff,,,
876ac3d32ffffff,,,
876ae3a6bffffff,,,
8796d2403ffffff,,,
876ade896ffffff,,,
876ac5b94ffffff,,,
876af16ccffffff,,,
876ad1993ffffff,,,
876ac6c98ffffff,,,
876ad3042ffffff,,,
876ac4c2effffff,,,
876ac6a90ffffff,,,
876adc82cffffff,,,
876ac2619ffffff,,,
876ad324affffff,,,
8796d0ceaffffff,,,
8796d2b4cffffff,,,
876ac62ddffffff,,,
8796d6810ffffff,,,
876ac0004ffffff,,,
876ae3a01ffffff,,,
876ae34c0ffffff,,,
8796d2399ffffff,,,
876ac5b2affffff,,,
876ad1929ffffff,,,
876af1662ffffff,,,
8796d605dffffff,,,
876ad378bffffff,,,
876ae324effffff,,,
876ad1176ffffff,,,
876ad1b9bffffff,,,
876ac5d9cffffff,,,
876ac2d62ffffff,,,
8796d260bffffff,,,
8796d3295ffffff,,,
8796d07a9ffffff,,,
876ac6a26ffffff,,,
876ac20d8ffffff,,,
876ac074dffffff,,,
876ae22e8ffffff,,,
8796d0c80ffffff,,,
876ac4411ffffff,,,
8796d2ae2ffffff,,,
8796d6a82ffffff,,,
876ad0210ffffff,,,
876ac6273ffffff,,,
8796d67a6ffffff,0.009999999999994178,2026-07,valid
876ac46edffffff,,,
8796d04cdffffff,,,
876ac5ac0ffffff,,,
876ac288bffffff,,,
876ad3721ffffff,,,
876ac0a29ffffff,,,
876ade900ffffff,,,
876ad110cffffff,,,
876aded6dffffff,,,
876ac4b5affffff,,,
876ac6d02ffffff,,,
8796d3571ffffff,,,
876ac2545ffffff,,,
8796d0c16ffffff,,,
876ac6209ffffff,,,
876ad32b4ffffff,,,
8796d0463ffffff,,,
8796d22c5ffffff,,,
876ac5a56ffffff,,,
876ad1855ffffff,,,
8796d3d24ffffff,,,
876ad1452ffffff,,,
876ad10a2ffffff,,,
8796d3974ffffff,,,
876aded03ffffff,,,
876ac2c8effffff,,,
876ac4af0ffffff,,,
876ac6952ffffff,,,
876ade550ffffff,,,
876ad1c05ffffff,,,
876ac24dbffffff,,,
8796d2675ffffff,,,
8796d2a0effffff,,,
8796d66d2ffffff,,,
876ac2142ffffff,,,
8796d225bffffff,,,
876af1524ffffff,,,
876ad364dffffff,,,
8796d6aecffffff,,,
8796d390affffff,,,
876adec99ffffff,,,
876ac2c24ffffff,,,
876ac4a86ffffff,,,
876aee42dffffff,,,
876ac68e8ffffff,,,
876ac28f5ffffff,,,
876ade4e6ffffff,,,
876ac0a93ffffff,,,
876ac2471ffffff,,,
876ade96affffff,,,
876ac42d3ffffff,,,
8796d29a4ffffff,,,
876ad00d2ffffff,,,
876ac6d6cffffff,,,
876ac6135ffffff,,,
876adaca6ffffff,,,
8796d6668ffffff,,,
876ac5982ffffff,,,
876ad1781ffffff,,,
8796d38a0ffffff,,,
876ac0d58ffffff,,,
876ad331effffff,,,
876ac4a1cffffff,,,
8796d30edffffff,,,
8796d3d8effffff,,,
876ac05a5ffffff,,,
876ac4269ffffff,,,
876ae3594ffffff,,,
8796d00caffffff,,,
876ad0068ffffff,,,
876ac60cbffffff,,,
876af3a65ffffff,,,
876ad5b8effffff,,,
876ad3ad1ffffff,,,
8796d63a3ffffff,,,
876ac5918ffffff,,,
876af1450ffffff,,,
876ac400effffff,,,
876ac5165ffffff,,,
8796d3836ffffff,,,
876adcd63ffffff,,,
876ac21acffffff,,,
876ac0ceeffffff,,,
876ac2b50ffffff,,,
876ac49b2ffffff,,,
8796d3083ffffff,,,
8796d6b56ffffff,,,
876ac6814ffffff,,,
876adc5b0ffffff,,,
876ac6623ffffff,,,
876ade412ffffff,,,
876ac239dffffff,,,
8796d28d0ffffff,,,
876ac6061ffffff,,,
876ae2698ffffff,,,
876ad3cc2ffffff,,,
876ad5b24ffffff,,,
8796d211dffffff,,,
876ac58aeffffff,,,
876ad16adffffff,,,
876af3248ffffff,,,
876ad5371ffffff,,,
876ac0c84ffffff,,,
876ac2ae6ffffff,,,
8796d3645ffffff,,,
876adad10ffffff,,,
876ac4948ffffff,,,
876aeec4affffff,,,
8796d3019ffffff,,,
876ac67aaffffff,,,
876adc546ffffff,,,
8796d6cddffffff,,,
876ac04d1ffffff,,,
876ac2333ffffff,,,
876ac4195ffffff,,,
8796d2866ffffff,,,
876ad3388ffffff,,,
876ad1526ffffff,,,
8796d0251ffffff,,,
8796d20b3ffffff,,,
876ac5844ffffff,,,
876ad1643ffffff,,,
876ad34a5ffffff,,,
876ac5091ffffff,,,
8796d3762ffffff,,,
876ac0c1affffff,,,
876aee5b4ffffff,,,
876af3874ffffff,,,
876ac48deffffff,,,
876ac6740ffffff,,,
876af1a12ffffff,,,
8796d45abffffff,,,
876ad1cd9ffffff,,,
8796d2749ffffff,,,
8796d6c73ffffff,,,
876ac22c9ffffff,,,
876ac412bffffff,,,
876af1ac5ffffff,,,
876ad1d8cffffff,,,
876ac03b4ffffff,,,
876ad5a50ffffff,,,
8796d2049ffffff,,,
876af1312ffffff,,,
876adc429ffffff,,,
876ad529dffffff,,,
876ac668dffffff,,,
876ad062affffff,,,
876ac482bffffff,,,
876adcc25ffffff,,,
876aee501ffffff,,,
876ac0bb0ffffff,,,
876ac2a12ffffff,,,
876ac4874ffffff,,,
876ad0673ffffff,,,
876ac66d6ffffff,,,
876adc472ffffff,,,
8796d6c09ffffff,0.02999999999998836,2026-07,valid
876ac40c1ffffff,,,
8796d2792ffffff,,,
876ad1d22ffffff,,,
876af1a5bffffff,,,
876aeecb4ffffff,,,
876ad3b84ffffff,,,
876ac5770ffffff,,,
876af12a8ffffff,,,
876ad5233ffffff,,,
876aeec93ffffff,,,
876ad5254ffffff,,,
8796d368effffff,,,
876ac0b46ffffff,,,
876ac29a8ffffff,,,
876ae26e1ffffff,,,
876ad1590ffffff,,,
876af12c9ffffff,,,
876aee4e0ffffff,,,
876ac5791ffffff,,,
876ac480affffff,,,
8796d2000ffffff,,,
876ada5a6ffffff,,,
876ad0609ffffff,,,
876ae3668ffffff,,,
876ac666cffffff,,,
8796d019effffff,,,
876adc408ffffff,,,
876ac0393ffffff,,,
8796d2728ffffff,,,
8796d458affffff,,,
876ad3ba5ffffff,,,
876ad3b1affffff,,,
8796d0113ffffff,,,
876ad1d43ffffff,,,
876ac5706ffffff,,,
8796d27b3ffffff,,,
876ad1505ffffff,,,
876ac40e2ffffff,,,
876aeec29ffffff,,,
8796d3624ffffff,,,
876ac6db5ffffff,,,
876ac041effffff,,,
876ade9b3ffffff,,,
876aee476ffffff,,,
876adc493ffffff,,,
876ac47a0ffffff,,,
876af02d8ffffff,,,
876ac6602ffffff,,,
876ac4895ffffff,,,
8796d6b35ffffff,,,
876ac2a33ffffff,,,
876ac218bffffff,,,
876ad1c4effffff,,,
8796d6382ffffff,,,
876ad3ab0ffffff,,,
8796d00a9ffffff,,,
876adcc46ffffff,,,
876ad149bffffff,,,
8796d3d6dffffff,,,
8796d3719ffffff,,,
876ac5048ffffff,,,
876aeed1effffff,,,
876adac85ffffff,,,
876ac6d4bffffff,,,
876ade949ffffff,,,
876ac0a72ffffff,0.08988734443429168,2026-06,valid
876ac0a72ffffff,0.11747380564655815,2026-07,valid
876ac28d4ffffff,,,
876aee40cffffff,,,
876ac4736ffffff,,,
876af026effffff,,,
876ad345cffffff,,,
876ac6598ffffff,,,
876af1333ffffff,,,
876ade196ffffff,,,
8796d6acbffffff,,,
8796d206affffff,,,
876ac2121ffffff,,,
8796d2654ffffff,,,
8796d44b6ffffff,,,
876ae36d2ffffff,,,
8796d0208ffffff,,,
8796d6318ffffff,,,
876ad3a46ffffff,,,
876ac5632ffffff,,,
876ad1431ffffff,,,
876ad5a71ffffff,,,
8796d3d03ffffff,,,
876ad3293ffffff,,,
876af3948ffffff,,,
876adac1bffffff,,,
8796d3550ffffff,,,
876af1ae6ffffff,,,
876ad1dadffffff,,,
876ac6ce1ffffff,,,
8796d281dffffff,,,
876ac414cffffff,,,
876ac0a08ffffff,,,
876ac286affffff,,,
876ac46ccffffff,,,
8796d2d9dffffff,,,
876ac0488ffffff,,,
876ac652effffff,,,
876ade12cffffff,,,
8796d0788ffffff,,,
876ac6761ffffff,,,
8796d62aeffffff,,,
8796d3c99ffffff,,,
876ad3229ffffff,,,
876ac2a9dffffff,,,
8796d34e6ffffff,,,
876ade875ffffff,,,
876adeb12ffffff,,,
876ac099effffff,,,
876ac2800ffffff,,,
876adccb0ffffff,,,
876ac4662ffffff,,,
8796d3783ffffff,,,
8796d2d33ffffff,,,
876ac64c4ffffff,,,
876ac50b2ffffff,,,
876aeed88ffffff,,,
876ad22c3ffffff,,,
876ade0c2ffffff,,,
876ac204dffffff,,,
8796d071effffff,,,
8796d2580ffffff,,,
876ac5d11ffffff,,,
876ad1b10ffffff,,,
876ad5328ffffff,,,
8796d6244ffffff,,,
876ad3972ffffff,,,
876ad34c6ffffff,,,
876af139dffffff,,,
876ad1664ffffff,,,
876ac555effffff,,,
876ac5865ffffff,,,
8796d20d4ffffff,,,
876ad135dffffff,,,
876af1096ffffff,,,
8796d0272ffffff,,,
876ac4dabffffff,,,
876ac6c0dffffff,,,
876ad5adbffffff,,,
876adc9a9ffffff,,,
876ade80bffffff,,,
8796d654bffffff,,,
876ac0934ffffff,1.7598587524715217,2026-02,valid
876ac2796ffffff,,,
876af1b50ffffff,,,
876ac6018ffffff,,,
8796d2cc9ffffff,,,
876ac645affffff,,,
876ad2259ffffff,,,
876ac41b6ffffff,,,
8796d698dffffff,,,
876ac0181ffffff,,,
8796d06b4ffffff,,,
8796d2516ffffff,,,
876ac04f2ffffff,,,
876ad1aa6ffffff,,,
876ad3908ffffff,,,
876ad576affffff,,,
876ac54f4ffffff,,,
876ad12f3ffffff,,,
876ad0768ffffff,,,
876ad3155ffffff,,,
876ac4969ffffff,,,
8796d15b0ffffff,,,
876ac4d41ffffff,,,
8796d3412ffffff,,,
876ac6ba3ffffff,,,
876ac08caffffff,,,
876ac0ca5ffffff,,,
876ac272cffffff,,,
876ac458effffff,,,
876ad038dffffff,,,
879689250ffffff,,,
876adc18cffffff,,,
876adcd1affffff,,,
8796d6923ffffff,,,
8796d064affffff,,,
8796d24acffffff,,,
876ac511cffffff,,,
876af1775ffffff,,,
8796d6170ffffff,,,
876ad5700ffffff,,,
876ae3361ffffff,,,
876ac548affffff,,,
876ad1289ffffff,,,
876ad30ebffffff,,,
876ad5392ffffff,,,
876ad0ad6ffffff,,,
876af3269ffffff,,,
876adc8d5ffffff,,,
876ac0860ffffff,,,
876ad16ceffffff,,,
876ac26c2ffffff,,,
8796d0d93ffffff,,,
876ac4524ffffff,,,
876ad0323ffffff,,,
876ac6386ffffff,,,
876adc122ffffff,,,
8796d02dcffffff,,,
876ac00adffffff,,,
8796d2442ffffff,,,
876ad5b45ffffff,,,
876af170bffffff,,,
8796d6106ffffff,,,
876ad3834ffffff,,,
876af3a1cffffff,,,
876ad5696ffffff,,,
876ac5420ffffff,,,
876ac6082ffffff,,,
876ad3081ffffff,,,
8796d28f1ffffff,,,
876ac4220ffffff,,,
876ac4c6dffffff,,,
876ad0a6cffffff,,,
876ac2658ffffff,,,
876ac055cffffff,,,
876aee190ffffff,,,
8796d6d68ffffff,,,
8796d2b8bffffff,,,
876ade433ffffff,,,
876ac631cffffff,,,
876ac0043ffffff,,,
8796d0576ffffff,,,
876ae3a40ffffff,,,
876ac6835ffffff,,,
8796d30a4ffffff,,,
876ad1968ffffff,,,
876af16a1ffffff,,,
8796d609cffffff,,,
876ad562cffffff,,,
876ae328dffffff,,,
876ac2b71ffffff,,,
876ac53b6ffffff,,,
876ad11b5ffffff,,,
876ac2da1ffffff,,,
876ac4c03ffffff,,,
876ac6a65ffffff,,,
876adc801ffffff,,,
876adcd84ffffff,,,
876ac078cffffff,,,
876ac4450ffffff,,,
8796d2b21ffffff,,,
876ac5186ffffff,,,
876ac62b2ffffff,,,
8796d050cffffff,,,
8796d236effffff,,,
8796d6032ffffff,,,
876ad3760ffffff,,,
876ae3223ffffff,,,
876ad359affffff,,,
876af32d3ffffff,,,
876ad114bffffff,,,
876adedacffffff,,,
876af1471ffffff,,,
876ac4b99ffffff,,,
8796d21a8ffffff,,,
876ac0722ffffff,,,
876ac2584ffffff,,,
8796d0c55ffffff,,,
876ac6248ffffff,,,
8796d04a2ffffff,,,
8796d2304ffffff,,,
876ac5a95ffffff,,,
876ac60ecffffff,,,
876ad1894ffffff,,,
876ad0089ffffff,,,
8796d295bffffff,,,
876ac428affffff,,,
876ad36f6ffffff,,,
876ac2428ffffff,,,
876ad10e1ffffff,,,
8796d39b3ffffff,,,
876aded42ffffff,,,
876ac2ccdffffff,,,
876ade49dffffff,,,
876ac6991ffffff,,,
8796d310effffff,,,
876ac251affffff,,,
8796d2a4dffffff,,,
8796d6711ffffff,,,
8796d229affffff,,,
876ac5a2bffffff,,,
876ad182affffff,,,
876af1563ffffff,,,
876ad368cffffff,,,
876adec50ffffff,,,
876adecd8ffffff,,,
876ac2c63ffffff,,,
8796d38c1ffffff,,,
876ac4ac5ffffff,,,
8796d3196ffffff,,,
876ade525ffffff,,,
876ac24b0ffffff,,,
876ac4312ffffff,,,
876ac6174ffffff,,,
876af3b0effffff,,,
876ad3604ffffff,,,
8796d2230ffffff,,,
876af14dbffffff,,,
876ad17a2ffffff,,,
876ac59a3ffffff,,,
8796d2212ffffff,,,
876af335bffffff,,,
876ad3622ffffff,,,
8796d03b0ffffff,,,
876ad100dffffff,,,
876adec6effffff,,,
876ac4a5bffffff,,,
876af3af0ffffff,,,
8796d6689ffffff,,,
8796d312cffffff,,,
876ac2446ffffff,,,
876ac42a8ffffff,,,
876ac6156ffffff,,,
876ad00f3ffffff,,,
876ac610affffff,,,
876ac42f4ffffff,,,
876ac2492ffffff,,,
876ac0630ffffff,,,
876ad1756ffffff,,,
876ac51a4ffffff,,,
8796d3875ffffff,,,
876ac6909ffffff,,,
876adcda2ffffff,,,
876adec04ffffff,,,
876ac0d2dffffff,,,
8796d30c2ffffff,,,
876ac2c45ffffff,,,
876ac6853ffffff,,,
876ad2652ffffff,,,
876ade451ffffff,,,
876ac60a0ffffff,,,
876ad5b63ffffff,,,
8796d215cffffff,,,
876ac58edffffff,,,
8796d392bffffff,,,
876ad1059ffffff,,,
876ad16ecffffff,,,
876af1425ffffff,,,
876ad354effffff,,,
876ad53b0ffffff,,,
8796d380bffffff,,,
876ac0cc3ffffff,,,
876ac2b25ffffff,,,
8796d3058ffffff,,,
876ad366effffff,,,
876adc585ffffff,,,
876ac0510ffffff,,,
876af1545ffffff,,,
876ad180cffffff,,,
876ac5a0dffffff,,,
876ac2372ffffff,,,
8796d28a5ffffff,,,
8796d041affffff,,,
876ac6036ffffff,,,
876af1b6effffff,,,
8796d6569ffffff,,,
8796d0290ffffff,,,
8796d20f2ffffff,,,
876ac5883ffffff,,,
876ad1682ffffff,,,
876af3b5affffff,,,
8796d66f3ffffff,,,
876ad34e4ffffff,,,
876ad5346ffffff,,,
876aeeda6ffffff,,,
876ac50d0ffffff,,,
876ad015dffffff,,,
8796d37a1ffffff,,,
876ac435effffff,,,
876adccceffffff,,,
876adeb30ffffff,,,
876ac0c59ffffff,,,
876ac491dffffff,,,
876ad071cffffff,,,
876ac069affffff,,,
876adc51bffffff,,,
876ade571ffffff,,,
876ac04a6ffffff,,,
876ac416affffff,,,
876ac6973ffffff,,,
876ac4b11ffffff,,,
876af1b04ffffff,,,
876af3966ffffff,,,
8796d0226ffffff,,,
876ae36f0ffffff,,,
8796d2088ffffff,,,
876ac5819ffffff,,,
876ad1618ffffff,,,
876af1351ffffff,,,
876ad52dcffffff,,,
876aded24ffffff,,,
876ac5066ffffff,,,
876adcc64ffffff,,,
8796d3995ffffff,,,
876ad10c3ffffff,,,
876ac2a51ffffff,,,
876aee589ffffff,,,
876ac48b3ffffff,,,
876ac6715ffffff,,,
876adc4b1ffffff,,,
8796d6c48ffffff,,,
876ac4100ffffff,,,
876ad1d61ffffff,,,
876af1a9affffff,,,
876ad5a25ffffff,,,
876ad36d8ffffff,,,
876ae3686ffffff,,,
8796d201effffff,,,
876ad1876ffffff,,,
876ad15aeffffff,,,
8796d22e6ffffff,,,
876ad3410ffffff,,,
876ad5272ffffff,,,
8796d0484ffffff,,,
876aeecd2ffffff,,,
876adad98ffffff,,,
8796d36cdffffff,,,
876ac0b85ffffff,,,
8796d675dffffff,,,
876ac4849ffffff,,,
876ad0648ffffff,,,
876ac66abffffff,,,
876ac622affffff,,,
8796d2a99ffffff,,,
876ac2234ffffff,,,
876ac4096ffffff,,,
876af1a30ffffff,,,
876ac2566ffffff,,,
876ad3b59ffffff,,,
876ac0704ffffff,,,
876ad1544ffffff,,,
876ad33a6ffffff,,,
876ad5208ffffff,,,
876aeec68ffffff,,,
8796d3663ffffff,,,
876ac0b1bffffff,,,
876ae26b6ffffff,,,
876aee4b5ffffff,,,
876ac6641ffffff,,,
876ac2d19ffffff,,,
876ac402cffffff,,,
876aded8effffff,,,
876ad1c8dffffff,,,
8796d00e8ffffff,,,
876ae35b2ffffff,,,
876af1213ffffff,,,
876ad112dffffff,,,
876ad14daffffff,,,
8796d3dacffffff,,,
876ac532effffff,,,
876adacc4ffffff,,,
876ae3205ffffff,,,
876ac6d8affffff,,,
876ade988ffffff,,,
876ac0ab1ffffff,,,
876ac2913ffffff,,,
876ae264cffffff,,,
876ac4775ffffff,,,
876ada511ffffff,0.030000000000023282,2026-07,valid
876ad3742ffffff,,,
8796d6014ffffff,,,
876af1619ffffff,,,
876ad18e0ffffff,,,
876ac5ae1ffffff,,,
8796d2350ffffff,,,
8796d6b0affffff,,,
876ac2160ffffff,,,
8796d2693ffffff,,,
8796d04eeffffff,,,
876ad1c23ffffff,,,
876ad3a85ffffff,,,
876ad1470ffffff,,,
8796d3d42ffffff,,,
876ad32d2ffffff,,,
876adc030ffffff,,,
876ac6294ffffff,,,
876ad0231ffffff,,,
8796d2b03ffffff,,,
876ac6d20ffffff,,,
876ac4432ffffff,,,
876ade91effffff,,,
8796d0ca1ffffff,,,
876ac28a9ffffff,,,
876ac470bffffff,,,
876ac656dffffff,,,
876ac076effffff,,,
8796d6aa0ffffff,,,
876ac20f6ffffff,,,
8796d2629ffffff,,,
8796d448bffffff,,,
8796d62edffffff,,,
876ad3a1bffffff,,,
8796d32b6ffffff,,,
8796d0014ffffff,,,
876ae34deffffff,,,
876ad1406ffffff,,,
876ac2d83ffffff,,,
8796d3cd8ffffff,,,
876ad3268ffffff,,,
876ad50caffffff,,,
8796d3525ffffff,,,
876ac6cb6ffffff,,,
876ade8b4ffffff,,,
876ac46a1ffffff,,,
8796d2d72ffffff,,,
876ac6503ffffff,,,
876ade101ffffff,,,
8796d6a36ffffff,,,
876ac208cffffff,,,
8796d075dffffff,,,
876ac5d50ffffff,,,
8796d6283ffffff,,,
876ad39b1ffffff,,,
876ad560effffff,,,
876ac559dffffff,,,
876ad139cffffff,,,
876af10d5ffffff,,,
8796d3c6effffff,,,
876ad37acffffff,,,
876ad5060ffffff,,,
876af1683ffffff,,,
876ad194affffff,,,
876ac6c4cffffff,,,
876ade84affffff,,,
876ae3a22ffffff,,,
8796d0558ffffff,,,
876ac0973ffffff,,,
8796d2d08ffffff,,,
876ac6499ffffff,,,
876ac0025ffffff,,,
876ad2298ffffff,,,
8796d6831ffffff,,,
876ac2022ffffff,,,
8796d06f3ffffff,,,
8796d2555ffffff,,,
876ac5ce6ffffff,,,
876adc09affffff,,,
876ad1ae5ffffff,,,
876ad029bffffff,,,
8796d2b6dffffff,,,
8796d6219ffffff,,,
876ac449cffffff,,,
876ad57a9ffffff,,,
876ae340affffff,,,
876ac5533ffffff,,,
876ad1332ffffff,,,
876af106bffffff,,,
8796d3c04ffffff,,,
876ad3194ffffff,,,
876ac4d80ffffff,,,
8796d3451ffffff,,,
876ac6ab1ffffff,,,
876ad0a4effffff,,,
876ac0909ffffff,,,
876ac276bffffff,,,
8796d2c9effffff,,,
876ade02dffffff,,,
8796d6962ffffff,,,
876ac0156ffffff,,,
8796d0689ffffff,,,
8796d24ebffffff,,,
876af17b4ffffff,,,
876ad38ddffffff,,,
876ac54c9ffffff,,,
876ad3063ffffff,,,
876ad12c8ffffff,,,
876ad1201ffffff,,,
876ac5402ffffff,,,
876ad312affffff,,,
8796d1585ffffff,,,
876ae32d9ffffff,,,
876ac4d16ffffff,,,
876adc914ffffff,0.20785404870326604,2025-09,valid
876ac2701ffffff,,,
876ac4563ffffff,,,
8796d2c34ffffff,,,
876ad0362ffffff,,,
876ad3816ffffff,,,
8796d60e8ffffff,,,
876ad19b4ffffff,,,
876af16edffffff,,,
876ac5bb5ffffff,,,
8796d2424ffffff,,,
876ac00ecffffff,,,
876ac3db0ffffff,,,
876ae3ae9ffffff,,,
8796d2481ffffff,,,
876ac5c12ffffff,,,
876ad1a11ffffff,,,
876af174affffff,,,
8796d6145ffffff,,,
876ad3873ffffff,,,
876ad56d5ffffff,,,
8796d689bffffff,,,
876ad125effffff,,,
876ad30c0ffffff,,,
876adc104ffffff,,,
876ac6368ffffff,,,
876ad0305ffffff,,,
876ac4cacffffff,,,
876ac4506ffffff,,,
876ac6b0effffff,,,
876ac26a4ffffff,,,
876adc8aaffffff,,,
876ac0835ffffff,,,
876ac0842ffffff,,,
876ac635bffffff,,,
8796d688effffff,,,
876ac0082ffffff,,,
8796d05b5ffffff,,,
876ac6b1bffffff,,,
876ac5ba8ffffff,,,
8796d338affffff,,,
876af16e0ffffff,,,
8796d60dbffffff,,,
876ad3809ffffff,,,
876ad566bffffff,,,
876ae32ccffffff,,,
876ad3056ffffff,,,
876ac4c42ffffff,,,
876ad0a41ffffff,,,
876ac6aa4ffffff,,,
876ad30cdffffff,,,
876ad126bffffff,,,
876ac262dffffff,,,
876ac546cffffff,,,
8796d2b60ffffff,,,
876ad028effffff,,,
876ae3343ffffff,,,
876ac62f1ffffff,,,
8796d6824ffffff,,,
876ac0018ffffff,,,
876ad56e2ffffff,,,
8796d054bffffff,,,
876ae3a15ffffff,,,
876ad3880ffffff,,,
8796d6152ffffff,,,
8796d23adffffff,,,
876af1676ffffff,,,
876ad1a1effffff,,,
8796d6071ffffff,,,
876ad5601ffffff,,,
8796d248effffff,,,
876ae3262ffffff,,,
876ad118affffff,,,
876ae3af6ffffff,,,
8796d062cffffff,,,
876ac2d76ffffff,,,
876ac0761ffffff,,,
8796d0c94ffffff,,,
876ac4425ffffff,,,
8796d2af6ffffff,,,
876ad0224ffffff,,,
8796d6905ffffff,,,
879689232ffffff,,,
8796d04e1ffffff,,,
8796d2c41ffffff,,,
876ac4570ffffff,,,
8796d2343ffffff,,,
876ac5ad4ffffff,,,
876ad18d3ffffff,,,
876ac270effffff,,,
876af160cffffff,,,
876ad3735ffffff,,,
876ac08acffffff,,,
876ac5321ffffff,,,
876ad1120ffffff,,,
876aded81ffffff,,,
876ac2d0cffffff,,,
876ac4b6effffff,,,
876ac6b85ffffff,,,
876ac4d23ffffff,,,
8796d1592ffffff,,,
876ac2559ffffff,,,
8796d0c2affffff,,,
8796d2a8cffffff,,,
876ac621dffffff,,,
8796d6750ffffff,,,
8796d22d9ffffff,,,
876ad1869ffffff,,,
876ad36cbffffff,,,
876ad12d5ffffff,,,
876ac54d6ffffff,,,
876ad10b6ffffff,,,
876ae33adffffff,,,
8796d3988ffffff,,,
876ac2ca2ffffff,,,
876ac4b04ffffff,,,
876ac6966ffffff,,,
876ad574cffffff,,,
876ad2765ffffff,,,
876ade564ffffff,,,
876ad38eaffffff,,,
876ac068dffffff,,,
876ad1a88ffffff,,,
876ac4351ffffff,,,
8796d2a22ffffff,,,
876ac5c89ffffff,,,
876ac61b3ffffff,,,
8796d0696ffffff,,,
8796d66e6ffffff,,,
876af3b4dffffff,,,
8796d040dffffff,,,
876ac5a00ffffff,,,
876ac0163ffffff,,,
876ad3661ffffff,,,
876ad104cffffff,,,
8796d391effffff,,,
876adecadffffff,,,
8796d2cabffffff,,,
876ac4a9affffff,,,
876ac0623ffffff,,,
876ac2485ffffff,,,
876ac0916ffffff,,,
876ad00e6ffffff,,,
876ac6149ffffff,,,
876af3ae3ffffff,,,
876adc98bffffff,,,
8796d03a3ffffff,,,
8796d345effffff,,,
876ac4d8dffffff,,,
8796d2205ffffff,,,
876ac5996ffffff,,,
876ad1795ffffff,,,
876af14ceffffff,,,
8796d38b4ffffff,,,
876adec43ffffff,,,
876ac0d6cffffff,,,
876ac4a30ffffff,,,
8796d3101ffffff,,,
876ac6892ffffff,,,
876ade490ffffff,,,
8796d3c11ffffff,,,
876ac241bffffff,,,
876ac5540ffffff,,,
8796d294effffff,,,
8796d6612ffffff,,,
8796d219bffffff,,,
876ac592cffffff,,,
876ad172bffffff,,,
876af1464ffffff,,,
876af32c6ffffff,,,
876ad3954ffffff,,,
8796d6226ffffff,,,
876ad358dffffff,,,
876ad1af2ffffff,,,
876ac5cf3ffffff,,,
8796d2562ffffff,,,
8796d0700ffffff,,,
876ac0d02ffffff,,,
876ac2b64ffffff,,,
876ac6828ffffff,,,
876ade426ffffff,,,
8796d6d5bffffff,,,
876ac23b1ffffff,,,
876ade0a4ffffff,0.010732535395255309,2026-07,valid
876ac4213ffffff,,,
8796d28e4ffffff,,,
876ad22a5ffffff,,,
876ad0012ffffff,,,
876ac64a6ffffff,,,
8796d2d15ffffff,,,
876ac6075ffffff,,,
876ac4644ffffff,,,
876af1badffffff,,,
876ad3cd6ffffff,,,
8796d2131ffffff,,,
876ac58c2ffffff,,,
876ad16c1ffffff,,,
876ac0980ffffff,,,
876af325cffffff,,,
876ad5385ffffff,,,
876adcd0dffffff,,,
876ac0c98ffffff,,,
876ac6c59ffffff,,,
8796d34c8ffffff,,,
876ac495cffffff,,,
876ad075bffffff,,,
8796d302dffffff,,,
876adc55affffff,,,
8796d6cf1ffffff,0.00021078145050114754,2026-07,valid
876ac04e5ffffff,,,
876ac41a9ffffff,,,
876ad506dffffff,,,
876ac600bffffff,,,
876af1b43ffffff,,,
876ad320bffffff,,,
876ad5aceffffff,,,
876ad13a9ffffff,,,
876ac5858ffffff,,,
876ac55aaffffff,,,
876af1390ffffff,,,
876ad531bffffff,,,
876ae3481ffffff,,,
876ac50a5ffffff,,,
8796d3776ffffff,,,
876adcca3ffffff,,,
876ac0c2effffff,,,
876ac2a90ffffff,,,
876ac48f2ffffff,,,
876ac6754ffffff,,,
8796d6290ffffff,,,
876adc4f0ffffff,,,
876ad1b5cffffff,,,
876ac5d5dffffff,,,
8796d2810ffffff,,,
876af1ad9ffffff,,,
876ad1da0ffffff,,,
8796d076affffff,,,
876ad5a64ffffff,,,
876ac2099ffffff,,,
876ae36c5ffffff,,,
8796d205dffffff,,,
876af1326ffffff,,,
876ade10effffff,,,
876ad52b1ffffff,,,
876aeed11ffffff,,,
8796d370cffffff,,,
876ac6510ffffff,,,
876ac2a26ffffff,,,
876ac46aeffffff,,,
876aee55effffff,,,
876ac4888ffffff,,,
876ac66eaffffff,,,
876ac284cffffff,,,
876adc486ffffff,,,
876ac0411ffffff,,,
876ac40d5ffffff,,,
8796d27a6ffffff,,,
876ade8c1ffffff,,,
876ad1d36ffffff,,,
8796d646affffff,,,
876ac6cc3ffffff,,,
8796d3532ffffff,,,
876ad3b98ffffff,,,
8796d0191ffffff,,,
876ae365bffffff,,,
876ac5784ffffff,,,
876ad1583ffffff,,,
8796d36a2ffffff,,,
876ac0b5affffff,0.05356977879859679,2026-06,valid
876ae26f5ffffff,,,
876ad3275ffffff,,,
876aee4f4ffffff,,,
876ac481effffff,,,
876ac6680ffffff,,,
8796d3ce5ffffff,,,
876ad1413ffffff,,,
876ac5614ffffff,,,
876adc41cffffff,,,
8796d6bb3ffffff,,,
876ac406bffffff,,,
876ad1cccffffff,,,
8796d459effffff,,,
876af1a05ffffff,,,
876ad3b2effffff,,,
876ad3a28ffffff,,,
876ac571affffff,,,
876af1252ffffff,,,
8796d4498ffffff,,,
876ad1519ffffff,,,
876adad03ffffff,0.06531678460591882,2026-07,valid
8796d2636ffffff,,,
876ac0af0ffffff,,,
876ac2952ffffff,,,
876ac2103ffffff,,,
876ae268bffffff,,,
876aee48affffff,,,
876ac47b4ffffff,,,
876ada550ffffff,,,
876ac6616ffffff,,,
8796d6aadffffff,,,
876ac4001ffffff,,,
8796d26d2ffffff,,,
876ad1c62ffffff,,,
876ada4b4ffffff,0.12999999999992434,2026-07,valid
8796d4534ffffff,,,
876ac4718ffffff,,,
8796d6396ffffff,,,
876ad3ac4ffffff,,,
876ad5926ffffff,,,
876ac28b6ffffff,,,
876ac56b0ffffff,,,
8796d3d81ffffff,,,
876ad3311ffffff,,,
876ac0a54ffffff,,,
876adac99ffffff,,,
876ade92bffffff,,,
876ade95dffffff,,,
876ac0a86ffffff,,,
876ac6d2dffffff,,,
8796d359cffffff,,,
876ac28e8ffffff,,,
876aee420ffffff,,,
876ac474affffff,,,
876ac65acffffff,,,
876ade1aaffffff,,,
876ac2135ffffff,,,
8796d2668ffffff,,,
8796d632cffffff,,,
876ad3a5affffff,,,
8796d0053ffffff,,,
8796d008bffffff,,,
876ad1445ffffff,,,
8796d3564ffffff,,,
876ac6cf5ffffff,,,
876ade8f3ffffff,,,
876ac0a1cffffff,,,
876ad3a92ffffff,,,
8796d6364ffffff,,,
876ac46e0ffffff,,,
8796d2db1ffffff,,,
876ad1c30ffffff,,,
876ac6542ffffff,,,
8796d26a0ffffff,,,
876ade140ffffff,,,
8796d6a75ffffff,,,
876ac20cbffffff,,,
8796d079cffffff,,,
876ac216dffffff,,,
876ad1b8effffff,,,
8796d62c2ffffff,,,
876ae34b3ffffff,,,
8796d3cadffffff,,,
876ada51effffff,,,
876ac4782ffffff,,,
876ac6c8bffffff,,,
876ade889ffffff,,,
876ae2659ffffff,,,
876ac2920ffffff,,,
876ac09b2ffffff,,,
876ac2814ffffff,,,
876ac4676ffffff,,,
876ada412ffffff,0.012017021890228309,2026-07,valid
876ac64d8ffffff,,,
876ade995ffffff,,,
876ade0d6ffffff,,,
8796d6a0bffffff,,,
8796d3606ffffff,,,
876adacd1ffffff,,,
876ac2061ffffff,,,
8796d0732ffffff,,,
876aeec0bffffff,,,
8796d2594ffffff,,,
876ac5d25ffffff,,,
876ad1b24ffffff,,,
8796d6258ffffff,,,
876ad3986ffffff,,,
876ac5572ffffff,,,
876ad1371ffffff,,,
876af10aaffffff,,,
8796d3c43ffffff,,,
876ad3349ffffff,,,
876af1220ffffff,,,
8796d3490ffffff,,,
876ac6c21ffffff,,,
876ac0948ffffff,,,
8796d00f5ffffff,,,
876ac27aaffffff,,,
876ac460cffffff,,,
8796d2cddffffff,,,
876ac646effffff,,,
8796892ceffffff,,,
8796d69a1ffffff,,,
876ac0195ffffff,,,
876ad1c9affffff,,,
8796d06c8ffffff,,,
8796d252affffff,,,
8796d270affffff,,,
876ad391cffffff,,,
876ac5508ffffff,,,
876af1040ffffff,,,
876ad3169ffffff,,,
876ac4d55ffffff,,,
8796d6b81ffffff,,,
8796d3426ffffff,,,
876adc953ffffff,,,
876ade7b5ffffff,,,
876ac08deffffff,,,
876ac2740ffffff,,,
876ac664effffff,,,
876ada588ffffff,,,
876ac45a2ffffff,,,
8796d2c73ffffff,,,
876ad03a1ffffff,,,
876aee4c2ffffff,,,
876ac6404ffffff,,,
876ae26c3ffffff,,,
876ac298affffff,,,
879689264ffffff,,,
876adc1a0ffffff,,,
876ac0b28ffffff,,,
876ade002ffffff,,,
876ac012bffffff,,,
8796d065effffff,,,
8796d24c0ffffff,,,
876ac5c51ffffff,,,
8796d3670ffffff,,,
876ad1a50ffffff,,,
876af1789ffffff,,,
8796d6184ffffff,,,
876aeec75ffffff,,,
876ae3375ffffff,,,
876ac549effffff,,,
876ad129dffffff,,,
876ac4cebffffff,,,
876ad0aeaffffff,,,
876ac6b4dffffff,,,
876ad5215ffffff,,,
876ac0874ffffff,,,
876ad33b3ffffff,,,
876ac26d6ffffff,,,
876ad1551ffffff,,,
876af128affffff,,,
8796d2c09ffffff,,,
876ac5752ffffff,,,
876ac639affffff,,,
876adc136ffffff,,,
8796d68cdffffff,,,
876ac00c1ffffff,,,
876ac3d85ffffff,,,
8796d2456ffffff,,,
8796d611affffff,,,
876ad3848ffffff,,,
876ad56aaffffff,,,
876ae330bffffff,,,
876ac5434ffffff,,,
876ad3b66ffffff,,,
876ad1233ffffff,,,
876ad3095ffffff,,,
876ad1d04ffffff,,,
876ac4c81ffffff,,,
8796d2774ffffff,,,
876ac6ae3ffffff,,,
876ac40a3ffffff,,,
876ac080affffff,,,
876aee1a4ffffff,,,
876ac44ceffffff,,,
876ad02cdffffff,,,
876ac6330ffffff,,,
876adc454ffffff,,,
8796d6863ffffff,,,
876ad0655ffffff,,,
8796d058affffff,,,
876ac4856ffffff,,,
876ae3a54ffffff,,,
876aee52cffffff,,,
876af16b5ffffff,,,
8796d60b0ffffff,,,
876ad5640ffffff,,,
876ae32a1ffffff,,,
876ac0b92ffffff,,,
876ad302bffffff,,,
876ac2db5ffffff,,,
8796d36daffffff,,,
876adada5ffffff,,,
876ac5009ffffff,,,
876adc815ffffff,,,
876ac07a0ffffff,,,
876ac2602ffffff,,,
8796d0cd3ffffff,,,
876ac4464ffffff,,,
8796d2b35ffffff,,,
876ad0263ffffff,,,
876ac62c6ffffff,,,
8796d0520ffffff,,,
876ad341dffffff,,,
8796d2382ffffff,,,
876ac5b13ffffff,,,
876af164bffffff,,,
876af12f4ffffff,,,
876ad1912ffffff,,,
8796d6046ffffff,,,
8796d202bffffff,,,
876ad3774ffffff,,,
876ae3693ffffff,,,
876ac2d4bffffff,,,
876ac4badffffff,,,
876ad5a32ffffff,,,
876ac0736ffffff,,,
876ac2598ffffff,,,
876ad1d6effffff,,,
876ae22d1ffffff,,,
8796d2acbffffff,,,
876ac625cffffff,,,
876ac410dffffff,,,
8796d04b6ffffff,,,
8796d2318ffffff,,,
876ac5aa9ffffff,,,
876ad18a8ffffff,,,
876ad370affffff,,,
876ac0449ffffff,,,
8796d6c55ffffff,0.011036650867235029,2026-07,valid
876ad10f5ffffff,,,
876ac6722ffffff,,,
876aded56ffffff,,,
876ac2ce1ffffff,,,
876ac48c0ffffff,,,
876aee596ffffff,,,
876ac4b43ffffff,,,
876ac2a5effffff,,,
876ac69a5ffffff,,,
876ade5a3ffffff,,,
876ac252effffff,,,
876ac4390ffffff,,,
8796d2a61ffffff,,,
876adcc71ffffff,,,
8796d3744ffffff,,,
8796d6725ffffff,,,
876ac5073ffffff,,,
876aeed49ffffff,,,
8796d044cffffff,,,
8796d22aeffffff,,,
876ad36a0ffffff,,,
876ad108bffffff,,,
876ad52e9ffffff,,,
8796d395dffffff,,,
876adececffffff,,,
876ac4ad9ffffff,,,
876af135effffff,,,
876ad1625ffffff,,,
8796d31aaffffff,,,
876ac5826ffffff,,,
8796d2095ffffff,,,
876ac24c4ffffff,,,
8796d0233ffffff,,,
876ac4326ffffff,,,
876ac6188ffffff,,,
876ad5a9cffffff,,,
876af3b22ffffff,,,
876af3973ffffff,,,
8796d2244ffffff,,,
876af1b11ffffff,,,
876af150dffffff,,,
876ad3636ffffff,,,
8796d2848ffffff,,,
876ad1021ffffff,,,
8796d38f3ffffff,,,
876ac2315ffffff,,,
876adec82ffffff,,,
876ac0dabffffff,,,
876ac04b3ffffff,,,
876ac2c0dffffff,,,
8796d3140ffffff,,,
876ac68d1ffffff,,,
876adc528ffffff,,,
876ac678cffffff,,,
876ad0729ffffff,,,
876ac245affffff,,,
876ac492affffff,,,
8796d298dffffff,,,
876ac2ac8ffffff,,,
876ac611effffff,,,
8796d6651ffffff,,,
876ac0c66ffffff,,,
876ac596bffffff,,,
876ad176affffff,,,
876af14a3ffffff,,,
876adccdbffffff,,,
8796d3889ffffff,,,
876adcdb6ffffff,,,
8796d37aeffffff,,,
876adec18ffffff,,,
876ac50ddffffff,,,
876ac0d41ffffff,,,
876aeedb3ffffff,,,
876ac2ba3ffffff,,,
876ac4a05ffffff,,,
8796d30d6ffffff,,,
876ad2666ffffff,,,
876ade465ffffff,,,
876ad5353ffffff,,,
876ac058effffff,,,
876ad34f1ffffff,,,
876ac4252ffffff,,,
8796d2923ffffff,,,
876ad0051ffffff,,,
876ac60b4ffffff,,,
876ac5890ffffff,,,
876af3a4effffff,,,
8796d2170ffffff,,,
876ac5901ffffff,,,
8796d029dffffff,,,
876ad1700ffffff,,,
876af329bffffff,,,
876ad3562ffffff,,,
876ad5b06ffffff,,,
876ac514effffff,,,
876adcd4cffffff,,,
876ac499bffffff,,,
876ac6043ffffff,,,
8796d28b2ffffff,,,
876adc599ffffff,,,
876ac0524ffffff,,,
876ac2386ffffff,,,
876ac604affffff,,,
876ad3cabffffff,,,
876ad5b0dffffff,,,
8796d02a4ffffff,,,
876ac051dffffff,,,
8796d2106ffffff,,,
876ad1696ffffff,,,
876ad535affffff,,,
876adc592ffffff,,,
876ac50e4ffffff,,,
8796d37b5ffffff,,,
876ac4994ffffff,,,
876adcce2ffffff,,,
876ac2b32ffffff,,,
876ac0c6dffffff,,,
876ac4931ffffff,,,
876ad0730ffffff,,,
876ac0cd0ffffff,,,
8796d3002ffffff,,,
876ac6793ffffff,,,
8796d6cc6ffffff,0.060089494646620105,2026-07,valid
876ac231cffffff,,,
876adcd45ffffff,,,
876af1b18ffffff,,,
8796d3818ffffff,,,
876ad5aa3ffffff,,,
8796d209cffffff,,,
876ac582dffffff,,,
876ad162cffffff,,,
876af1365ffffff,,,
876ad348effffff,,,
876ad52f0ffffff,,,
876aeed50ffffff,,,
8796d374bffffff,,,
876ad355bffffff,,,
876ac0c03ffffff,,,
876ac2a65ffffff,,,
876af1432ffffff,,,
876ae279effffff,,,
876aee59dffffff,,,
8796d2169ffffff,,,
876ac6729ffffff,,,
876ac0450ffffff,,,
876ac22b2ffffff,,,
876ad5b70ffffff,,,
876ac4114ffffff,,,
876ad1d75ffffff,,,
876af1aaeffffff,,,
876ae369affffff,,,
8796d2032ffffff,,,
876ac60adffffff,,,
876ad004affffff,,,
8796d291cffffff,,,
876ad3424ffffff,,,
876ac424bffffff,,,
876ad5286ffffff,,,
876aeece6ffffff,,,
876ac5010ffffff,,,
876adadacffffff,,,
8796d36e1ffffff,,,
876adcc0effffff,,,
876ade45effffff,,,
876ac0b99ffffff,,,
876aee533ffffff,,,
876ac485dffffff,,,
876ad065cffffff,,,
876ac6860ffffff,,,
876ac40aaffffff,,,
876ac2b9cffffff,,,
876ad1d0bffffff,,,
876af1a44ffffff,,,
876ad3b6dffffff,,,
876af1291ffffff,,,
876ad1558ffffff,,,
876adec11ffffff,,,
876ad521cffffff,,,
8796d3882ffffff,,,
876ac51b1ffffff,,,
876ac2991ffffff,,,
876ae26caffffff,,,
876aee4c9ffffff,,,
876ac6655ffffff,,,
8796d6b88ffffff,,,
876ac4040ffffff,,,
8796d2711ffffff,,,
876ad1ca1ffffff,,,
876ad3b03ffffff,,,
876ad5965ffffff,,,
876af149cffffff,,,
876ad1763ffffff,,,
876ac5964ffffff,,,
876ad14eeffffff,,,
876ad3350ffffff,,,
876aeec12ffffff,,,
876adacd8ffffff,,,
8796d360dffffff,,,
876ac6d9effffff,,,
876ade99cffffff,,,
876ac0ac5ffffff,,,
8796d664affffff,,,
876ac4789ffffff,,,
876ada525ffffff,,,
8796d6b1effffff,,,
8796d2986ffffff,,,
876ac42b5ffffff,,,
876ac2174ffffff,,,
876ac2453ffffff,,,
8796d636bffffff,,,
876ad3a99ffffff,,,
8796d0092ffffff,,,
876ac5685ffffff,,,
876ade4c8ffffff,,,
876ad1484ffffff,,,
8796d3d56ffffff,,,
876ad26c9ffffff,,,
876ad32e6ffffff,,,
876ad5148ffffff,,,
876ac68caffffff,,,
876ac4a68ffffff,,,
8796d35a3ffffff,,,
876ac2c06ffffff,,,
876ac6d34ffffff,,,
876ac0da4ffffff,,,
876ade932ffffff,,,
876ac6581ffffff,,,
8796d6ab4ffffff,,,
876ac210affffff,,,
8796d38ecffffff,,,
876ad101affffff,,,
8796d6301ffffff,,,
876ae34f2ffffff,,,
876ac561bffffff,,,
876ad141affffff,,,
8796d3cecffffff,,,
876ad50deffffff,,,
876adac04ffffff,,,
876ac6ccaffffff,,,
876af3368ffffff,,,
876ade8c8ffffff,,,
876ac2853ffffff,,,
876af1506ffffff,,,
876ac46b5ffffff,,,
8796d2d86ffffff,,,
876ade115ffffff,,,
876ac20a0ffffff,,,
8796d0771ffffff,,,
876ac5d64ffffff,,,
876ad1b63ffffff,,,
876ae3488ffffff,,,
876ac55b1ffffff,,,
876ad13b0ffffff,,,
876af10e9ffffff,,,
8796d3c82ffffff,,,
876af3b1bffffff,,,
8796d66b4ffffff,,,
876ad3212ffffff,,,
876ac6c60ffffff,,,
876ac6181ffffff,,,
876ade85effffff,,,
876ac464bffffff,,,
8796d2d1cffffff,,,
876ac64adffffff,,,
876ad22acffffff,,,
876ade0abffffff,,,
876ade532ffffff,,,
876ac2036ffffff,,,
8796d2569ffffff,,,
876ac6934ffffff,,,
8796d31a3ffffff,,,
876ac4ad2ffffff,,,
8796d622dffffff,,,
876ad395bffffff,,,
876ac2c70ffffff,,,
876ae341effffff,,,
876ad1346ffffff,,,
8796d3c18ffffff,,,
876ad31a8ffffff,,,
876adece5ffffff,,,
876ac4d94ffffff,,,
8796d3465ffffff,,,
876adc992ffffff,,,
8796d3956ffffff,,,
876ad1084ffffff,,,
876ac091dffffff,,,
8796d2cb2ffffff,0.005607544360053478,2026-07,valid
876ac6443ffffff,,,
8796892a3ffffff,,,
8796d6976ffffff,,,
876ac016affffff,,,
8796d069dffffff,,,
876ac5c90ffffff,,,
876ad38f1ffffff,,,
876ad3699ffffff,,,
876ad5753ffffff,,,
876af1570ffffff,,,
876ac54ddffffff,,,
876ad12dcffffff,,,
8796d0445ffffff,,,
876ac4d2affffff,,,
876ac6b8cffffff,,,
876ac08b3ffffff,,,
876ac2715ffffff,,,
8796d671effffff,,,
8796d2c48ffffff,,,
876ad0376ffffff,,,
8796d2a5affffff,,,
876ac4389ffffff,,,
8796d690cffffff,,,
876ac0100ffffff,,,
8796d0633ffffff,,,
8796d2495ffffff,,,
876ac5c26ffffff,,,
876ad1a25ffffff,,,
876af175effffff,,,
8796d6159ffffff,,,
876ad56e9ffffff,,,
876ade59cffffff,,,
876ae334affffff,,,
876ac5473ffffff,,,
876ad1272ffffff,,,
876ac699effffff,,,
876ad30d4ffffff,,,
876ac4cc0ffffff,,,
8796d3391ffffff,,,
876ac6b22ffffff,,,
876ac2cdaffffff,,,
876ade720ffffff,,,
876ac0849ffffff,,,
876ac26abffffff,,,
876ac450dffffff,,,
876ad030cffffff,,,
8796d68a2ffffff,,,
876ac0096ffffff,,,
8796d242bffffff,,,
876ad10eeffffff,,,
876af16f4ffffff,,,
876ad381dffffff,,,
876ae32e0ffffff,,,
876ac5409ffffff,,,
876ad1208ffffff,,,
876ad306affffff,,,
876ac4c56ffffff,,,
876ad0a55ffffff,,,
876ade6b6ffffff,,,
876ad3703ffffff,,,
876ac44a3ffffff,,,
876ad18a1ffffff,,,
8796d2b74ffffff,,,
876ad02a2ffffff,,,
876ac5aa2ffffff,,,
8796d2311ffffff,,,
876ac6305ffffff,,,
876adc0a1ffffff,,,
876ac002cffffff,,,
876ae3a29ffffff,,,
876ac5b52ffffff,,,
876ad1951ffffff,,,
876af168affffff,,,
8796d6085ffffff,,,
876ad37b3ffffff,,,
876ad5615ffffff,,,
8796d6788ffffff,,,
876ae3276ffffff,,,
876ad119effffff,,,
876ad3000ffffff,,,
876ac6255ffffff,,,
8796d2ac4ffffff,,,
876ac2d8affffff,,,
876ac6a4effffff,,,
876ae22caffffff,,,
876ac2591ffffff,,,
876ac0775ffffff,,,
8796d0ca8ffffff,,,
8796d2b0affffff,,,
876ac629bffffff,,,
8796d04f5ffffff,,,
876ac6a08ffffff,,,
876ac4ba6ffffff,,,
876af1620ffffff,,,
876ac2d44ffffff,,,
8796d601bffffff,,,
876ad3749ffffff,,,
876ae320cffffff,,,
876ac5335ffffff,,,
876ad1134ffffff,,,
876aded95ffffff,,,
876ac2d20ffffff,,,
876ac4b82ffffff,,,
876ad1158ffffff,,,
876ac070bffffff,,,
876ac256dffffff,,,
876ae3230ffffff,,,
8796d2aa0ffffff,,,
876ac6231ffffff,,,
8796d6764ffffff,,,
8796d048bffffff,,,
8796d22edffffff,,,
876ad376dffffff,,,
876af1644ffffff,,,
876ad190bffffff,,,
876ac5b0cffffff,,,
876ad10caffffff,,,
8796d399cffffff,,,
876aded2bffffff,,,
8796d0519ffffff,,,
876ac2cb6ffffff,,,
876ac4b18ffffff,,,
876ac06a1ffffff,,,
876ac2503ffffff,,,
876ac4365ffffff,,,
8796d2a36ffffff,,,
876af3b61ffffff,,,
8796d0421ffffff,,,
876ad025cffffff,,,
8796d2b2effffff,,,
8796d2283ffffff,,,
876ac445dffffff,,,
8796d0cccffffff,,,
876ac5a14ffffff,,,
876ad1813ffffff,,,
876af154cffffff,,,
876ad3675ffffff,,,
876ac0799ffffff,,,
876ad1060ffffff,,,
8796d3932ffffff,,,
876adc80effffff,,,
876ac6a72ffffff,,,
876adecc1ffffff,,,
876ac4c10ffffff,,,
876ac2c4cffffff,,,
876ac4aaeffffff,,,
876ac2daeffffff,,,
876ac6910ffffff,,,
876ade50effffff,,,
876ac2499ffffff,,,
876ac615dffffff,,,
8796d6690ffffff,,,
876ad3024ffffff,,,
8796d2219ffffff,,,
876ac59aaffffff,,,
876ad17a9ffffff,,,
876af14e2ffffff,,,
876ad360bffffff,,,
876ae329affffff,,,
8796d38c8ffffff,,,
876ac0d80ffffff,,,
876ac4a44ffffff,,,
8796d3115ffffff,,,
8796d60a9ffffff,,,
876ac68a6ffffff,,,
876af16aeffffff,,,
876ad1975ffffff,,,
876ade4a4ffffff,,,
876ac5b76ffffff,,,
876ac4291ffffff,,,
8796d2962ffffff,,,
876ae3a4dffffff,,,
876ac3d14ffffff,,,
8796d0583ffffff,,,
876ac60f3ffffff,,,
8796d6626ffffff,,,
876ac0050ffffff,,,
8796d685cffffff,,,
876ac5940ffffff,,,
876af32daffffff,,,
876ad35a1ffffff,,,
876ac6329ffffff,,,
876ad02c6ffffff,,,
8796d2b98ffffff,,,
876ac518dffffff,,,
8796d385effffff,,,
876adcd8bffffff,,,
876ac0d16ffffff,,,
876ac0803ffffff,,,
8796d30abffffff,,,
876ac0563ffffff,,,
876ad0026ffffff,,,
876ac6089ffffff,,,
876ac6adcffffff,,,
876af3a23ffffff,,,
876ad3ceaffffff,,,
876ad5b4cffffff,,,
8796d02e3ffffff,,,
8796d2145ffffff,,,
876ac58d6ffffff,,,
876ad16d5ffffff,,,
876af140effffff,,,
876af3270ffffff,,,
876ad5399ffffff,,,
876ac5123ffffff,,,
876adcd21ffffff,,,
876ac0cacffffff,,,
876ac2b0effffff,,,
876ad308effffff,,,
876ac4970ffffff,,,
876ad122cffffff,,,
876adc56effffff,,,
876ac542dffffff,,,
8796d288effffff,,,
876ad5ae2ffffff,,,
876ad56a3ffffff,,,
8796d20dbffffff,,,
876ac586cffffff,,,
876ad166bffffff,,,
876ad3841ffffff,,,
8796d6113ffffff,,,
876af13a4ffffff,,,
876ad34cdffffff,,,
876af1718ffffff,,,
8796d378affffff,,,
876ac0c42ffffff,,,
876ac2aa4ffffff,,,
876ac4906ffffff,,,
876ad0705ffffff,,,
876ac6768ffffff,,,
876adc504ffffff,,,
876ac4153ffffff,,,
8796d2824ffffff,,,
8796d68c6ffffff,,,
876af1aedffffff,,,
876ad1db4ffffff,,,
8796d64e8ffffff,0.009279687135178264,2026-07,valid
876ae36d9ffffff,,,
876ac6393ffffff,,,
876ad0330ffffff,,,
8796d2c02ffffff,,,
876ac4531ffffff,,,
8796d2071ffffff,,,
8796d0da0ffffff,,,
876ac5802ffffff,,,
876ad1601ffffff,,,
876ad3463ffffff,,,
876ac086dffffff,,,
876ad52c5ffffff,,,
8796d3720ffffff,,,
876adcc4dffffff,,,
876adc8e2ffffff,,,
876ac6b46ffffff,,,
8796d33b5ffffff,,,
876ad0ae3ffffff,,,
876ac4ce4ffffff,,,
876aee572ffffff,,,
876ac489cffffff,,,
876adc49affffff,,,
876ac0425ffffff,,,
876ac40e9ffffff,,,
876ad1d4affffff,,,
876af1a83ffffff,,,
876ad3bacffffff,,,
876ad5a0effffff,,,
8796d01a5ffffff,,,
876ac5798ffffff,,,
876af12d0ffffff,,,
876ad1296ffffff,,,
876ad525bffffff,,,
876adad81ffffff,,,
8796d36b6ffffff,,,
876ae336effffff,,,
876ac0b6effffff,,,
876aee508ffffff,,,
876ac4832ffffff,,,
876ad570dffffff,,,
876ad0631ffffff,,,
876ac6694ffffff,,,
876adc430ffffff,,,
876ad38abffffff,,,
876af1782ffffff,,,
876ad1a49ffffff,,,
876ac5c4affffff,,,
8796d2750ffffff,,,
876ad1ce0ffffff,,,
8796d45b2ffffff,,,
876af1a19ffffff,,,
876ad3b42ffffff,,,
876ac572effffff,,,
876af1266ffffff,,,
876ad152dffffff,,,
876ac0124ffffff,,,
876aeec51ffffff,,,
8796d6930ffffff,,,
8796d364cffffff,,,
876ac0b04ffffff,,,
876adc199ffffff,,,
876ac2966ffffff,,,
87968925dffffff,,,
876ad039affffff,,,
8796d2c6cffffff,,,
876aee49effffff,,,
876ac459bffffff,,,
876ac662affffff,,,
876ac21b3ffffff,,,
876ac4015ffffff,,,
8796d26e6ffffff,,,
876ad1c76ffffff,,,
8796d63aaffffff,,,
876ac6bb0ffffff,,,
876ad0b4dffffff,,,
876ad3ad8ffffff,,,
876ac4d4effffff,,,
8796d00d1ffffff,,,
876ae359bffffff,,,
876ad14c3ffffff,,,
8796d3d95ffffff,,,
876ad3325ffffff,,,
876adacadffffff,,,
876ac6d73ffffff,,,
876ade971ffffff,,,
876ac0a9affffff,,,
876ad3162ffffff,,,
876aee434ffffff,,,
876ac475effffff,,,
876ad1300ffffff,,,
876ac5501ffffff,,,
8796d6af3ffffff,,,
876ac2149ffffff,,,
876ad1c0cffffff,,,
8796d6340ffffff,,,
876ad3a6effffff,,,
876ad3915ffffff,,,
876ad1459ffffff,,,
876ad1ab3ffffff,,,
876af1192ffffff,,,
8796d3d2bffffff,,,
876ac5cb4ffffff,,,
8796d2523ffffff,,,
8796d06c1ffffff,,,
876ac6d09ffffff,,,
876ac018effffff,,,
876ac0a30ffffff,,,
876ac2892ffffff,,,
8796d699affffff,,,
876ac46f4ffffff,,,
876ada490ffffff,,,
876ac6556ffffff,,,
8796d2cd6ffffff,,,
876ac4605ffffff,,,
876ade154ffffff,,,
8796d6a89ffffff,,,
8796d07b0ffffff,,,
876ac27a3ffffff,,,
8796d2612ffffff,,,
876ac5da3ffffff,,,
876ad1ba2ffffff,0.002345943618073665,2026-07,valid
876ac0941ffffff,,,
8796d62d6ffffff,,,
876ad3a04ffffff,,,
876ade818ffffff,,,
876adc9b6ffffff,,,
876ac6c1affffff,,,
8796d3cc1ffffff,,,
8796d3489ffffff,,,
876ad3251ffffff,,,
8796d350effffff,,,
876ade89dffffff,,,
876ac2828ffffff,,,
876ac468affffff,,,
876ada426ffffff,,,
8796d2d5bffffff,,,
876ac64ecffffff,,,
876ad22ebffffff,,,
876ade0eaffffff,,,
876ac2075ffffff,,,
8796d0746ffffff,,,
876af10a3ffffff,,,
876ad136affffff,,,
8796d25a8ffffff,,,
876ac556bffffff,,,
8796d626cffffff,,,
876ad399affffff,,,
876ac5586ffffff,,,
876ad1385ffffff,,,
876ad5049ffffff,,,
8796d34a4ffffff,,,
8796d6251ffffff,,,
876ac6c35ffffff,,,
876ad1b1dffffff,,,
876ade833ffffff,,,
876ac5d1effffff,,,
876ac095cffffff,,,
8796d258dffffff,,,
876ac4620ffffff,,,
8796d2cf1ffffff,,,
8796d072bffffff,,,
876ac6482ffffff,,,
8796892e2ffffff,,,
876ac205affffff,,,
876ad2281ffffff,,,
876ade080ffffff,,,
876ac01a9ffffff,,,
876ac200bffffff,,,
8796d6a04ffffff,,,
8796d06dcffffff,,,
876ad1aceffffff,,,
8796d6202ffffff,,,
876ad22d0ffffff,,,
876ac64d1ffffff,,,
8796d2d40ffffff,,,
876ad3930ffffff,,,
876ad5792ffffff,,,
876ac551cffffff,,,
876ad131bffffff,,,
876ac280dffffff,,,
876ac09abffffff,,,
876ac4d69ffffff,,,
876ade882ffffff,0.1420975863322588,2026-07,valid
876ad0b68ffffff,,,
876ac6c84ffffff,,,
8796d34f3ffffff,,,
876ac08f2ffffff,,,
876ac2754ffffff,,,
876ac45b6ffffff,,,
876ad03b5ffffff,,,
876ac6418ffffff,,,
876adc1b4ffffff,,,
876ade016ffffff,,,
8796d694bffffff,,,
8796d0672ffffff,,,
8796d24d4ffffff,,,
876ac5c65ffffff,,,
876ad3236ffffff,,,
876ad1a64ffffff,,,
876af179dffffff,,,
8796d6198ffffff,,,
876ad38c6ffffff,,,
8796d3ca6ffffff,,,
876ad5728ffffff,,,
876ae3389ffffff,,,
876ac54b2ffffff,,,
876ad12b1ffffff,,,
876ae34acffffff,,,
876ad3113ffffff,,,
876ac6b61ffffff,,,
876ad584bffffff,,,
876ac0888ffffff,,,
876ac26eaffffff,,,
876ac454cffffff,,,
8796d2c1dffffff,,,
876ad034bffffff,,,
876ac5d88ffffff,,,
876ac63aeffffff,,,
87968920effffff,,,
8796d68e1ffffff,,,
8796d0795ffffff,,,
876ac00d5ffffff,,,
8796d0608ffffff,,,
876ac20c4ffffff,,,
876ae3ad2ffffff,,,
8796d246affffff,,,
876af1733ffffff,,,
8796d612effffff,,,
876ad385cffffff,,,
876ac5448ffffff,,,
876ad30a9ffffff,,,
876ac4c95ffffff,,,
876ad0a94ffffff,,,
8796d2daaffffff,,,
876ac46d9ffffff,,,
876adc893ffffff,,,
876ac081effffff,,,
876ac2680ffffff,,,
876ac44e2ffffff,,,
876ac0a15ffffff,,,
8796d2bb3ffffff,,,
876ad02e1ffffff,,,
876ac6344ffffff,,,
876ade8ecffffff,,,
876ac6ceeffffff,,,
8796d355dffffff,,,
876ac006bffffff,,,
8796d059effffff,,,
876ae3a68ffffff,,,
8796d2400ffffff,,,
876ac5b91ffffff,,,
876af16c9ffffff,,,
876ad1990ffffff,,,
8796d60c4ffffff,,,
876ad5654ffffff,,,
876ae32b5ffffff,,,
876ac4c2bffffff,,,
876ad32a0ffffff,,,
876ac6a8dffffff,,,
8796d3d10ffffff,,,
876ac07b4ffffff,,,
876ac2616ffffff,,,
8796d2b49ffffff,,,
876ac62daffffff,,,
8796d680dffffff,,,
876ac0001ffffff,,,
8796d0534ffffff,,,
8796d2396ffffff,,,
876ad1926ffffff,,,
8796d605affffff,,,
876ad3a53ffffff,,,
8796d6325ffffff,,,
876ad3788ffffff,,,
876ae324bffffff,,,
8796d2661ffffff,,,
876ad1173ffffff,,,
8796d3292ffffff,,,
876ac6a23ffffff,,,
876ac212effffff,,,
876ac074affffff,,,
876ac25acffffff,,,
876ac440effffff,,,
8796d6ad8ffffff,,,
876ade1a3ffffff,,,
876ad020dffffff,,,
876ac6270ffffff,,,
876ac65a5ffffff,,,
876ac4743ffffff,,,
8796d67a3ffffff,,,
876aee419ffffff,,,
8796d04caffffff,,,
876ae261affffff,,,
876ac28e1ffffff,,,
8796d232cffffff,,,
876ad371effffff,,,
876ade956ffffff,,,
876ad1109ffffff,,,
876aded6affffff,0.0040371432423731805,2026-07,valid
876ac6d58ffffff,,,
876ac2cf5ffffff,,,
876adac92ffffff,,,
876ac2542ffffff,,,
8796d0c13ffffff,,,
876ac43a4ffffff,,,
8796d2a75ffffff,,,
876ac6206ffffff,,,
876ad330affffff,,,
8796d0460ffffff,,,
8796d22c2ffffff,,,
876ad14a8ffffff,,,
876ad1852ffffff,,,
876ac56a9ffffff,,,
876ad36b4ffffff,,,
876ae3580ffffff,,,
8796d00b6ffffff,,,
8796d3971ffffff,,,
876aded00ffffff,,,
876ac2c8bffffff,,,
876ac4aedffffff,,,
876ad274effffff,,,
876ade54dffffff,0.5823180034219249,2026-07,valid
876ac0676ffffff,,,
876ac24d8ffffff,,,
876ad1c5bffffff,,,
8796d2a0bffffff,,,
8796d26cbffffff,,,
876ac619cffffff,,,
876af1cd4ffffff,,,
876ac2198ffffff,,,
876af3b36ffffff,,,
8796d2258ffffff,,,
876af1521ffffff,,,
876ad364affffff,,,
876ad1035ffffff,,,
876ac47adffffff,,,
876aee483ffffff,,,
876adec96ffffff,,,
876ae2684ffffff,,,
876ac294bffffff,,,
876ac2c21ffffff,,,
876ac4a83ffffff,,,
8796d3154ffffff,,,
876ac68e5ffffff,,,
876ade4e3ffffff,,,
876ac060cffffff,,,
876ac246effffff,,,
876ac42d0ffffff,,,
8796d3631ffffff,,,
8796d29a1ffffff,,,
876ac6132ffffff,,,
876aeec36ffffff,,,
8796d6665ffffff,,,
876af3accffffff,,,
8796d038cffffff,,,
8796d389dffffff,,,
876adec2cffffff,,,
876ad3374ffffff,,,
876ac0d55ffffff,,,
876ac4a19ffffff,,,
876ad1512ffffff,,,
876af124bffffff,,,
876ac5713ffffff,,,
8796d30eaffffff,,,
876ac05a2ffffff,,,
876ac2404ffffff,,,
876ac4266ffffff,,,
876ad0065ffffff,,,
876ac60c8ffffff,,,
876af3a62ffffff,,,
876af3860ffffff,,,
876ad5b8bffffff,,,
8796d2184ffffff,,,
876ad1cc5ffffff,,,
876ac5915ffffff,,,
876ad1714ffffff,,,
8796d2735ffffff,,,
876af144dffffff,,,
876ac4064ffffff,,,
876ad3576ffffff,,,
876ac5162ffffff,,,
8796d3833ffffff,,,
876adcd60ffffff,,,
876ac03a0ffffff,,,
876ac0cebffffff,,,
876ac2b4dffffff,,,
8796d6bacffffff,,,
8796d3080ffffff,,,
876ac6811ffffff,,,
876adc415ffffff,,,
876adc5adffffff,,,
876ada5b3ffffff,,,
876ac239affffff,,,
876aee4edffffff,,,
876ae26eeffffff,,,
876ac29b5ffffff,,,
8796d28cdffffff,,,
876ac605effffff,,,
876ac0b53ffffff,,,
876ad5b21ffffff,,,
8796d211affffff,,,
876ac58abffffff,,,
876ad16aaffffff,,,
876af3245ffffff,,,
8796d369bffffff,,,
876ad350cffffff,,,
876ad536effffff,,,
876aeeca0ffffff,,,
876adccf6ffffff,,,
876ac0c81ffffff,,,
876ac2ae3ffffff,,,
876ac4945ffffff,,,
876ad0744ffffff,,,
876ad5240ffffff,,,
8796d3016ffffff,,,
876adc543ffffff,,,
876ac04ceffffff,,,
876ac2330ffffff,,,
876af12b5ffffff,,,
876ac4192ffffff,,,
8796d2863ffffff,,,
876af1b2cffffff,,,
876ae3654ffffff,,,
8796d018affffff,,,
8796d20b0ffffff,,,
876ac5841ffffff,,,
876ad1640ffffff,,,
876ad34a2ffffff,,,
876ad5304ffffff,,,
876ac508effffff,,,
876ad3b91ffffff,,,
8796d6463ffffff,,,
876adcc8cffffff,,,
876af1a68ffffff,,,
876aee5b1ffffff,,,
876ac40ceffffff,,,
876ac48dbffffff,,,
8796d6c70ffffff,,,
876ac0464ffffff,,,
876ac040affffff,,,
876ac4128ffffff,,,
876af1ac2ffffff,,,
876ad1d89ffffff,,,
876ad5a4dffffff,,,
876ac66e3ffffff,,,
876ac4881ffffff,,,
8796d2046ffffff,,,
876ad529affffff,,,
876ac5024ffffff,,,
8796d36f5ffffff,,,
876adcc22ffffff,,,
876ac0badffffff,,,
876ac4871ffffff,,,
876ad0670ffffff,,,
876adcc32ffffff,,,
876ac66d3ffffff,,,
8796d3705ffffff,,,
876ac5034ffffff,,,
876aeed0affffff,,,
876af1a58ffffff,,,
876ad3b81ffffff,,,
876ae3644ffffff,,,
876ad52aaffffff,,,
876af12a5ffffff,,,
876ad156cffffff,,,
876ad5230ffffff,,,
876ad3448ffffff,,,
876aeec90ffffff,,,
8796d368bffffff,,,
8796d2056ffffff,,,
876ac0b43ffffff,0.030000000000011642,2026-06,valid
876ac29a5ffffff,,,
876ae26deffffff,,,
876aee4ddffffff,,,
876ada5a3ffffff,,,
876ac6669ffffff,,,
876adc405ffffff,,,
8796d6b9cffffff,,,
876ad5a5dffffff,,,
876ac0390ffffff,,,
876ac4054ffffff,,,
8796d64cdffffff,,,
8796d2725ffffff,,,
876ad1d99ffffff,,,
876af1ad2ffffff,,,
876ad1cb5ffffff,,,
8796d2809ffffff,,,
876ac5703ffffff,,,
876ad1502ffffff,,,
876ad3364ffffff,,,
876aeec26ffffff,,,
876adacecffffff,,,
8796d3621ffffff,,,
876ac0474ffffff,,,
876ac6db2ffffff,,,
876ade9b0ffffff,,,
876ac674dffffff,,,
876ad06eaffffff,,,
876aee473ffffff,,,
876ac479dffffff,,,
876ac48ebffffff,,,
876ac2a89ffffff,,,
8796d6b32ffffff,,,
876ac2188ffffff,,,
876ad1c4bffffff,,,
876ad3aadffffff,,,
8796d00a6ffffff,,,
876adcc9cffffff,,,
876ad1498ffffff,,,
8796d3d6affffff,,,
876ac509effffff,,,
876aeed74ffffff,,,
876adac82ffffff,0.01,2026-07,valid
876ac6d48ffffff,,,
876ade946ffffff,,,
876ac28d1ffffff,,,
876ae260affffff,,,
876ad5314ffffff,,,
876aee409ffffff,,,
876ac4733ffffff,,,
876af026bffffff,,,
876ad34b2ffffff,,,
876ac6595ffffff,,,
876ad2394ffffff,,,
876af1389ffffff,,,
876ad1650ffffff,,,
876ade193ffffff,0.029999999999976715,2026-07,valid
8796d6ac8ffffff,,,
876ac5851ffffff,,,
8796d20c0ffffff,,,
876ac211effffff,,,
8796d2651ffffff,,,
8796d025effffff,,,
8796d44b3ffffff,,,
8796d6315ffffff,,,
876ad3a43ffffff,,,
876ad142effffff,,,
8796d3d00ffffff,,,
876ad3290ffffff,,,
876adac18ffffff,,,
8796d354dffffff,,,
876ac6cdeffffff,,,
876ac6004ffffff,,,
8796d2873ffffff,,,
876ade8dcffffff,,,
876ac41a2ffffff,,,
876ac0a05ffffff,0.0009176609821002023,2026-06,valid
876ac46c9ffffff,,,
8796d2d9affffff,,,
876ac04deffffff,,,
876ac652bffffff,,,
8796d6ceaffffff,,,
876ade129ffffff,,,
8796d6a5effffff,,,
876ac20b4ffffff,,,
8796d0785ffffff,,,
876adc553ffffff,,,
8796d3026ffffff,,,
876ad0754ffffff,,,
876ac4955ffffff,,,
8796d62abffffff,,,
876ae349cffffff,,,
876ac2af3ffffff,,,
8796d3c96ffffff,,,
876ad3226ffffff,,,
876ac0c91ffffff,,,
8796d34e3ffffff,,,
876ac6c74ffffff,,,
876adcd06ffffff,,,
876ade872ffffff,,,
876ac099bffffff,,,
876ac5108ffffff,,,
8796d2d30ffffff,,,
876ac64c1ffffff,,,
876ad22c0ffffff,,,
876ac204affffff,,,
8796d071bffffff,,,
876ac5d0effffff,,,
876ad1b0dffffff,,,
8796d6241ffffff,,,
876ad351cffffff,,,
876af3255ffffff,,,
876ac555bffffff,,,
876ad135affffff,,,
876af1093ffffff,,,
8796d3c2cffffff,,,
8796d212affffff,,,
876ac4da8ffffff,,,
876ac6c0affffff,,,
8796d02c8ffffff,,,
876adc9a6ffffff,,,
876ade808ffffff,,,
876ad5b31ffffff,,,
876ac0931ffffff,,,
876ac2793ffffff,,,
8796d2cc6ffffff,,,
876af3a08ffffff,,,
876ade055ffffff,,,
8796d698affffff,,,
876ac606effffff,,,
876ad000bffffff,,,
8796d28ddffffff,,,
8796d06b1ffffff,,,
876ac420cffffff,,,
8796d2513ffffff,,,
876ac5ca4ffffff,,,
876ad1aa3ffffff,,,
876ac23aaffffff,,,
876ad3905ffffff,,,
876ac0548ffffff,,,
876ac54f1ffffff,,,
876ad12f0ffffff,,,
876ad3152ffffff,,,
876ac6821ffffff,,,
8796d3090ffffff,,,
876ac6ba0ffffff,,,
876ade79effffff,,,
876ac2729ffffff,,,
876ac2b5dffffff,,,
876ac458bffffff,,,
8796d2c5cffffff,,,
876ad038affffff,,,
87968924dffffff,,,
876adc189ffffff,,,
8796d6920ffffff,,,
876ac0114ffffff,,,
8796d24a9ffffff,,,
876af1772ffffff,,,
8796d616dffffff,,,
876adcd70ffffff,,,
876ad389bffffff,,,
8796d3843ffffff,,,
876ae335effffff,,,
876ad1286ffffff,,,
876ac5172ffffff,,,
876ad30e8ffffff,,,
876ac4cd4ffffff,,,
876ad0ad3ffffff,,,
8796d33a5ffffff,,,
876ac6b36ffffff,,,
876adc8d2ffffff,,,
876ade734ffffff,,,
876ac085dffffff,,,
8796d0d90ffffff,,,
876ad3586ffffff,,,
876ac4521ffffff,,,
876ad0320ffffff,,,
876ac6383ffffff,,,
876af145dffffff,,,
876ad1724ffffff,,,
876ac5925ffffff,,,
8796d2194ffffff,,,
8796d68b6ffffff,,,
876ac00aaffffff,,,
876af1708ffffff,,,
8796d6103ffffff,,,
876ad3831ffffff,,,
876ad5b9bffffff,,,
876ad5693ffffff,,,
876ae32f4ffffff,,,
876ac541dffffff,,,
876af3a72ffffff,,,
8796d660bffffff,,,
876ad121cffffff,,,
876ac4c6affffff,,,
876ac60d8ffffff,,,
876ad0075ffffff,,,
876ad0a69ffffff,,,
876ac4276ffffff,,,
876ac6accffffff,,,
876ac2414ffffff,,,
876ac05b2ffffff,,,
876ac2655ffffff,,,
876ade489ffffff,,,
8796d2b88ffffff,,,
876ad02b6ffffff,,,
876ac6319ffffff,,,
876adc0b5ffffff,,,
8796d684cffffff,,,
876ac688bffffff,,,
876ac0040ffffff,,,
8796d0573ffffff,,,
876ac4a29ffffff,,,
876ac5b66ffffff,,,
876ad1965ffffff,,,
876af169effffff,,,
8796d6099ffffff,,,
876ad5629ffffff,,,
876ac0d65ffffff,,,
876ae328affffff,,,
876ac53b3ffffff,,,
876ad11b2ffffff,,,
876ad3014ffffff,,,
876ac2d9effffff,,,
876ac4c00ffffff,,,
876ac6a62ffffff,,,
8796d38adffffff,,,
876ac0789ffffff,,,
876ac444dffffff,,,
8796d2b1effffff,,,
876ad024cffffff,,,
8796d0509ffffff,,,
8796d236bffffff,,,
876af1634ffffff,,,
876ad375dffffff,,,
876ae3220ffffff,,,
876ad178effffff,,,
876ad1148ffffff,,,
876adeda9ffffff,,,
876ac2d34ffffff,,,
8796d039cffffff,,,
876ac4b96ffffff,,,
876ac2581ffffff,,,
8796d0c52ffffff,,,
8796d6675ffffff,,,
8796d2ab4ffffff,,,
876ac6245ffffff,,,
876ac6142ffffff,,,
8796d29b1ffffff,,,
876ac42e0ffffff,,,
8796d2301ffffff,,,
876ac5a92ffffff,,,
876ad1891ffffff,,,
876ad36f3ffffff,,,
876ac061cffffff,,,
876ad10deffffff,,,
8796d39b0ffffff,,,
876ade4f3ffffff,,,
876ac2ccaffffff,,,
876ac68f5ffffff,,,
8796d3164ffffff,,,
876ac4b2cffffff,,,
876ac4a93ffffff,,,
876ac698effffff,,,
876ac2c31ffffff,,,
876ade58cffffff,,,
876ac06b5ffffff,,,
8796d2a4affffff,,,
876adeca6ffffff,,,
8796d670effffff,,,
876af3b75ffffff,,,
8796d0435ffffff,,,
876ac5a28ffffff,,,
876ad1045ffffff,,,
876af1560ffffff,,,
876ad3689ffffff,,,
876ad1074ffffff,,,
8796d3946ffffff,,,
876adecd5ffffff,,,
876ac2c60ffffff,,,
876ac4ac2ffffff,,,
8796d3193ffffff,,,
876ac6924ffffff,,,
876ad365affffff,,,
876ade522ffffff,,,
876af1531ffffff,,,
876ac24adffffff,,,
8796d2268ffffff,,,
876ac6171ffffff,,,
8796d0406ffffff,,,
8796d66a4ffffff,,,
876af3b0bffffff,,,
8796d222dffffff,,,
876af14f6ffffff,,,
876af3358ffffff,,,
876af3b46ffffff,,,
876ad100affffff,,,
8796d38dcffffff,,,
876adec6bffffff,,,
876ac0d94ffffff,,,
876ac61acffffff,,,
876ad0149ffffff,,,
8796d2a1bffffff,,,
876ac434affffff,,,
876ac4a58ffffff,,,
8796d3129ffffff,,,
876ac24e8ffffff,,,
876ac2443ffffff,,,
876ac0686ffffff,,,
876ac42a5ffffff,,,
8796d2976ffffff,,,
876ade55dffffff,,,
876af3aa1ffffff,,,
876ad275effffff,,,
876ac5954ffffff,,,
876ad1753ffffff,,,
876af148cffffff,,,
876af32eeffffff,,,
876ac2c9bffffff,,,
876ad35b5ffffff,,,
876ac51a1ffffff,,,
8796d3872ffffff,,,
876adec01ffffff,,,
876ac0d2affffff,,,
876aded10ffffff,,,
876ac2b8cffffff,,,
876ac6850ffffff,,,
876ade44effffff,,,
8796d3981ffffff,,,
8796d290cffffff,,,
876ac609dffffff,,,
876ad5b60ffffff,,,
8796d2159ffffff,,,
876ac58eaffffff,,,
876ad16e9ffffff,,,
876af1422ffffff,,,
876ad354bffffff,,,
876ad53adffffff,,,
876ad36c4ffffff,,,
8796d3808ffffff,,,
876ad1862ffffff,,,
876adcd35ffffff,,,
8796d22d2ffffff,,,
876ac0cc0ffffff,,,
876ac2b22ffffff,,,
8796d0470ffffff,,,
876ac4984ffffff,0.0003406990189070729,2026-02,valid
8796d3055ffffff,,,
876adc582ffffff,,,
876ac050dffffff,,,
8796d6749ffffff,,,
8796d28a2ffffff,,,
876ac6033ffffff,,,
876af1b6bffffff,,,
876ac6216ffffff,,,
8796d2a85ffffff,,,
876ad5af6ffffff,,,
876ac43b4ffffff,,,
8796d028dffffff,,,
8796d0c23ffffff,,,
876ac5880ffffff,,,
876ae228bffffff,,,
876ac2552ffffff,,,
876ac06f0ffffff,,,
876ad34e1ffffff,,,
876ad5343ffffff,,,
876aeeda3ffffff,,,
876ac50cdffffff,,,
8796d379effffff,,,
876adcccbffffff,,,
876ac0c56ffffff,,,
876ac491affffff,,,
876ad0719ffffff,,,
876ac2d05ffffff,,,
876adc518ffffff,,,
876ac04a3ffffff,,,
876ac2305ffffff,,,
876af1b01ffffff,,,
876af3963ffffff,,,
876ad5a8cffffff,,,
8796d0223ffffff,,,
876ae36edffffff,,,
8796d2085ffffff,,,
876ac5816ffffff,,,
876ad1615ffffff,,,
876af134effffff,,,
876ad1119ffffff,,,
876ad52d9ffffff,,,
876ac5063ffffff,,,
8796d3734ffffff,,,
876adcc61ffffff,,,
876ac2a4effffff,,,
876aee586ffffff,,,
876ac48b0ffffff,,,
876ac6712ffffff,,,
876ad372effffff,,,
8796d6000ffffff,,,
876adc4aeffffff,,,
876af1605ffffff,,,
876ad18ccffffff,,,
876ad1d5effffff,,,
876ad5a22ffffff,,,
8796d04daffffff,,,
8796d201bffffff,,,
876ac57acffffff,,,
876af12e4ffffff,,,
876ad15abffffff,,,
876ad340dffffff,,,
8796d67b3ffffff,,,
876adad95ffffff,,,
8796d36caffffff,,,
876ac6280ffffff,,,
876ad021dffffff,,,
876ac0b82ffffff,,,
876ac441effffff,,,
8796d0c8dffffff,,,
876aee51cffffff,,,
876ac4846ffffff,,,
876ad0645ffffff,,,
876ac66a8ffffff,,,
876adc444ffffff,,,
876ac075affffff,,,
876ac4093ffffff,,,
8796d2764ffffff,,,
876ad1cf4ffffff,,,
876af1a2dffffff,,,
876ac6a33ffffff,,,
876ad3b56ffffff,,,
876ae3619ffffff,,,
876ad1541ffffff,,,
876ad33a3ffffff,,,
876ad5205ffffff,,,
876aeec65ffffff,,,
8796d3660ffffff,,,
876ac0b18ffffff,,,
876ae26b3ffffff,,,
876aee4b2ffffff,,,
876ad1183ffffff,,,
876ac5384ffffff,,,
876ae325bffffff,,,
876ac4029ffffff,,,
876ad1c8affffff,,,
876ad3aecffffff,,,
876ad594effffff,,,
8796d00e5ffffff,,,
876af1210ffffff,,,
876ad3798ffffff,,,
8796d606affffff,,,
8796d3da9ffffff,,,
876ad1936ffffff,,,
8796d23a6ffffff,,,
876adacc1ffffff,,,
876ae3a0effffff,,,
8796d0544ffffff,,,
876ade985ffffff,,,
876ac0aaeffffff,,,
876ac2910ffffff,,,
876ac0011ffffff,,,
876ae2649ffffff,,,
876ac4772ffffff,,,
8796d681dffffff,,,
876ada50effffff,,,
876adc086ffffff,,,
876ac62eaffffff,,,
8796d2b59ffffff,,,
876ac4488ffffff,,,
876ac215dffffff,,,
8796d2690ffffff,,,
8796d44f2ffffff,,,
876ad1c20ffffff,,,
876ac2626ffffff,,,
8796d6354ffffff,,,
876ad3a82ffffff,,,
876ad146dffffff,,,
876ade69bffffff,0.10999999999991851,2026-07,valid
876ac6a9dffffff,,,
8796d358cffffff,,,
876ac6d1dffffff,,,
876ade91bffffff,,,
876ac0a44ffffff,0.0021273037436664766,2026-07,valid
876ac28a6ffffff,,,
876ac4708ffffff,,,
876ada4a4ffffff,,,
876ac656affffff,,,
8796d6a9dffffff,,,
876ac20f3ffffff,,,
8796d2626ffffff,,,
876ad1bb6ffffff,,,
8796d4488ffffff,,,
8796d62eaffffff,,,
876ad3a18ffffff,,,
8796d0011ffffff,,,
876ae34dbffffff,,,
876ad1403ffffff,,,
8796d3cd5ffffff,,,
876ad3265ffffff,,,
876ae32c5ffffff,,,
8796d3522ffffff,,,
876ac6cb3ffffff,,,
876ad5664ffffff,,,
876ade8b1ffffff,,,
876ad3802ffffff,,,
8796d60d4ffffff,,,
876ac469effffff,,,
876ac6500ffffff,,,
876af16d9ffffff,,,
876ad19a0ffffff,,,
876ac5ba1ffffff,,,
8796d2410ffffff,,,
8796d6a33ffffff,,,
876ac2089ffffff,,,
8796d075affffff,,,
8796d05aeffffff,,,
876ac5d4dffffff,,,
876ad1b4cffffff,,,
8796d6280ffffff,,,
876ad39aeffffff,,,
876ae3471ffffff,,,
876ac559affffff,,,
876ad1399ffffff,,,
876af10d2ffffff,,,
8796d3c6bffffff,,,
876ad505dffffff,,,
876ac6354ffffff,,,
876ad02f1ffffff,,,
876ac44f2ffffff,,,
876ac6c49ffffff,,,
876ac2690ffffff,,,
876ac0970ffffff,,,
876ac082effffff,,,
876ac4634ffffff,,,
8796d2d05ffffff,,,
876ac6496ffffff,,,
8796892f6ffffff,,,
876ad2295ffffff,,,
876adc8a3ffffff,,,
876ade094ffffff,,,
8796d06f0ffffff,,,
876ac4ca5ffffff,,,
8796d2552ffffff,,,
876ac5ce3ffffff,,,
876ad1ae2ffffff,,,
8796d6216ffffff,,,
876ad3944ffffff,,,
876ac5530ffffff,,,
876af1068ffffff,,,
8796d3c01ffffff,,,
876ad3191ffffff,,,
8796d344effffff,,,
876ac0906ffffff,,,
876ac2768ffffff,,,
876ac5458ffffff,,,
8796d2c9bffffff,,,
876ac642cffffff,,,
87968928cffffff,,,
876ade02affffff,,,
876ac0153ffffff,,,
8796d0686ffffff,,,
8796d24e8ffffff,,,
876af17b1ffffff,,,
876ad56ceffffff,,,
8796d61acffffff,,,
876ad38daffffff,,,
876ad386cffffff,,,
876ac54c6ffffff,,,
876af1743ffffff,,,
876ad1a0affffff,,,
876ac5c0bffffff,,,
876ad12c5ffffff,,,
8796d1582ffffff,,,
876ac4d13ffffff,,,
876ae3ae2ffffff,,,
8796d0618ffffff,,,
876ac6b75ffffff,,,
876adc911ffffff,,,
876ac089cffffff,,,
876ac4560ffffff,,,
876ac00e5ffffff,,,
8796d2c31ffffff,,,
879689222ffffff,,,
8796d68f1ffffff,,,
8796d68f5ffffff,,,
87968921effffff,,,
876ac00e9ffffff,,,
876ad035bffffff,,,
8796d2c2dffffff,,,
8796d061cffffff,,,
876ac455cffffff,,,
876ae3ae6ffffff,,,
876ad1a0effffff,,,
8796d6142ffffff,,,
876ad3870ffffff,,,
876ad56d2ffffff,,,
876ac0898ffffff,,,
876ac545cffffff,,,
876ad125bffffff,,,
876ac4ca9ffffff,,,
876adc90dffffff,,,
876ac6b71ffffff,,,
876ac6b0bffffff,,,
876ac0832ffffff,,,
876ac2694ffffff,,,
876ac44f6ffffff,,,
876ad02f5ffffff,,,
876ac6358ffffff,,,
8796d688bffffff,,,
8796d05b2ffffff,,,
8796d2414ffffff,,,
876ac5ba5ffffff,,,
876ad3123ffffff,,,
876ad19a4ffffff,,,
876af16ddffffff,,,
876ad12c1ffffff,,,
8796d60d8ffffff,,,
876ad3806ffffff,,,
876ac54c2ffffff,,,
876ad5668ffffff,,,
876ae3399ffffff,,,
876ae32c9ffffff,,,
876ad3053ffffff,,,
876ac6aa1ffffff,,,
876ac262affffff,,,
876ad38d6ffffff,,,
8796d61a8ffffff,,,
876ac448cffffff,,,
8796d2b5dffffff,,,
876ad028bffffff,,,
876af17adffffff,,,
876ad1a74ffffff,,,
876ac62eeffffff,,,
876ac5c75ffffff,,,
8796d24e4ffffff,,,
876adc08affffff,,,
8796d6821ffffff,,,
8796d0682ffffff,,,
876ac0015ffffff,,,
8796d0548ffffff,,,
876ae3a12ffffff,,,
8796d23aaffffff,,,
876af1673ffffff,,,
8796d606effffff,,,
876ad379cffffff,,,
8796d695bffffff,,,
876ade026ffffff,,,
876ac2d73ffffff,,,
879689288ffffff,,,
876ac6428ffffff,,,
8796d32a6ffffff,,,
876ac075effffff,,,
876ac2764ffffff,,,
8796d0c91ffffff,,,
876ac4422ffffff,,,
8796d2af3ffffff,,,
876ad0221ffffff,,,
876ac0902ffffff,,,
876ac6284ffffff,,,
8796d04deffffff,,,
8796d2340ffffff,,,
876ac5ad1ffffff,,,
876ad18d0ffffff,,,
876af1609ffffff,,,
8796d6004ffffff,,,
8796d344affffff,,,
876ad3732ffffff,,,
876ad111dffffff,,,
876ac2d09ffffff,,,
876ac4b6bffffff,,,
876ac06f4ffffff,,,
876ac2556ffffff,,,
876ad318dffffff,,,
8796d2a89ffffff,,,
876ac621affffff,,,
876ad132bffffff,,,
876ac552cffffff,,,
8796d674dffffff,,,
876ae3403ffffff,,,
8796d0474ffffff,,,
8796d22d6ffffff,,,
876ad1866ffffff,,,
876ad36c8ffffff,,,
876ad3940ffffff,,,
8796d6212ffffff,,,
876ad10b3ffffff,,,
8796d3985ffffff,,,
876ad1adeffffff,,,
876aded14ffffff,,,
876ac4b01ffffff,,,
8796d254effffff,,,
876ac6963ffffff,,,
8796d06ecffffff,,,
876ade561ffffff,,,
876ac068affffff,,,
876ac24ecffffff,,,
876ac201bffffff,,,
876ac434effffff,,,
876ad014dffffff,,,
876ac61b0ffffff,,,
876ade090ffffff,,,
876ad2291ffffff,,,
8796d66e3ffffff,,,
8796892f2ffffff,,,
876ac6492ffffff,,,
8796d2d01ffffff,,,
876af3b4affffff,,,
876ac4630ffffff,,,
8796d040affffff,,,
8796d226cffffff,,,
876af1535ffffff,,,
876ad365effffff,,,
876ac096cffffff,,,
876ad1049ffffff,,,
876ade843ffffff,,,
8796d391bffffff,,,
876adecaaffffff,,,
876ac2c35ffffff,,,
876ac6c45ffffff,,,
8796d34b4ffffff,,,
876ac0620ffffff,,,
876ac2482ffffff,,,
876ac42e4ffffff,,,
8796d29b5ffffff,,,
876ad00e3ffffff,,,
876ac6146ffffff,,,
876ad5059ffffff,,,
876af3ae0ffffff,,,
8796d03a0ffffff,,,
8796d2202ffffff,,,
876ac5993ffffff,,,
876ad1792ffffff,,,
876af14cbffffff,,,
876af10ceffffff,,,
876ad1395ffffff,,,
876ac5596ffffff,,,
8796d38b1ffffff,,,
876adec40ffffff,,,
876ac0d69ffffff,,,
876ac4a2dffffff,,,
876ade48dffffff,,,
876ac05b6ffffff,,,
876ac2418ffffff,,,
876ad39aaffffff,,,
8796d294bffffff,,,
8796d441affffff,,,
876ad1b48ffffff,,,
876ac5d49ffffff,,,
876ac60dcffffff,,,
8796d0756ffffff,,,
876af3a76ffffff,,,
876ac2085ffffff,,,
8796d2198ffffff,,,
876ac5929ffffff,,,
876ad1728ffffff,,,
876af1461ffffff,,,
876af32c3ffffff,,,
876ad358affffff,,,
876ac5176ffffff,,,
876adcd74ffffff,,,
876ac2b61ffffff,,,
8796d2d6bffffff,,,
876ada436ffffff,,,
8796d3094ffffff,,,
876ac469affffff,,,
876ac6825ffffff,,,
876ade423ffffff,,,
8796d6d58ffffff,0.07198311755621116,2026-07,valid
876ac054cffffff,,,
876ac23aeffffff,,,
876ac4210ffffff,,,
8796d28e1ffffff,,,
876ac6072ffffff,,,
876ade8adffffff,,,
876af3a0cffffff,,,
876ad3cd3ffffff,,,
876ad5b35ffffff,,,
8796d02ccffffff,,,
8796d351effffff,,,
8796d212effffff,,,
876af3259ffffff,,,
876ad5382ffffff,,,
876ac510cffffff,,,
876adcd0affffff,,,
876ac0c95ffffff,,,
876ac4959ffffff,,,
876ad0758ffffff,,,
8796d302affffff,,,
876ad50c3ffffff,,,
8796d6ceeffffff,,,
876ac04e2ffffff,,,
876ac2344ffffff,,,
876ad3261ffffff,,,
876ac41a6ffffff,,,
8796d3cd1ffffff,,,
876ac6008ffffff,,,
876af1b40ffffff,,,
876ad5acbffffff,,,
8796d0262ffffff,,,
8796d000dffffff,,,
8796d20c4ffffff,,,
876ac5855ffffff,,,
876ad1654ffffff,,,
876af138dffffff,,,
876ad34b6ffffff,,,
876ad5318ffffff,,,
876ac50a2ffffff,,,
876ad3a14ffffff,,,
8796d62e6ffffff,,,
8796d3773ffffff,,,
8796d4484ffffff,,,
876ad1bb2ffffff,,,
876ac5db3ffffff,,,
8796d2622ffffff,,,
876adcca0ffffff,,,
876ac0c2bffffff,,,
876ac2a8dffffff,,,
876ad06eeffffff,,,
876ac6751ffffff,,,
876adc4edffffff,,,
8796d6a99ffffff,,,
876ade164ffffff,,,
8796d280dffffff,,,
876af1ad6ffffff,,,
876ad1d9dffffff,,,
876ac6566ffffff,,,
876ad5a61ffffff,,,
876ada4a0ffffff,,,
876ae36c2ffffff,,,
876ac4704ffffff,,,
8796d205affffff,,,
876af1323ffffff,,,
876ad344cffffff,,,
876ac28a2ffffff,,,
876ad52aeffffff,,,
876aeed0effffff,,,
8796d3709ffffff,,,
876adcc36ffffff,,,
876ac2a23ffffff,,,
876aee55bffffff,,,
876ac4885ffffff,,,
876ac6d19ffffff,,,
8796d3588ffffff,,,
876adc483ffffff,,,
876ac040effffff,,,
876ac40d2ffffff,,,
8796d27a3ffffff,,,
876ad1d33ffffff,,,
876af1a6cffffff,,,
876ad3b95ffffff,,,
8796d018effffff,,,
876ad32cbffffff,,,
876ae3658ffffff,,,
876ac5781ffffff,,,
876ad1469ffffff,,,
876ad1580ffffff,,,
876ad5244ffffff,,,
876aeeca4ffffff,,,
876ae26f2ffffff,,,
876aee4f1ffffff,,,
876ac481bffffff,,,
8796d6350ffffff,,,
876adc419ffffff,,,
876ad1c1cffffff,,,
8796d6bb0ffffff,,,
876ac03a4ffffff,,,
8796d268cffffff,,,
876ac4068ffffff,,,
876ad1cc9ffffff,,,
8796d459bffffff,,,
876ac2159ffffff,,,
876af1a02ffffff,,,
876ad3b2bffffff,,,
876af3864ffffff,,,
876ad1516ffffff,,,
8796d6b03ffffff,,,
876adad00ffffff,,,
8796d3635ffffff,,,
876ada50affffff,,,
876ac476effffff,,,
876aee444ffffff,,,
876ac290cffffff,,,
876ae2688ffffff,,,
876ac47b1ffffff,,,
876ac0aaaffffff,,,
876ac6613ffffff,,,
876ade981ffffff,,,
876ac6d83ffffff,,,
876ac219cffffff,,,
8796d6393ffffff,,,
876ad3ac1ffffff,,,
876ad5923ffffff,,,
876ac56adffffff,,,
876ad14acffffff,,,
876ad330effffff,,,
876adac96ffffff,,,
876ac6d5cffffff,,,
876ade95affffff,,,
876ad3335ffffff,,,
876ac0a83ffffff,,,
876ac28e5ffffff,,,
876ae261effffff,,,
8796d3da5ffffff,,,
876ad14d3ffffff,,,
876af120cffffff,,,
876aee41dffffff,,,
876ac65a9ffffff,,,
8796d00e1ffffff,,,
8796d6adcffffff,,,
876ac2132ffffff,,,
876ad594affffff,,,
8796d2665ffffff,,,
876ad3ae8ffffff,,,
8796d6329ffffff,,,
876ad1c86ffffff,,,
8796d0050ffffff,,,
8796d26f6ffffff,,,
876ad1442ffffff,,,
8796d3d14ffffff,,,
876ac4025ffffff,,,
876ad32a4ffffff,,,
8796d3561ffffff,,,
876ac6cf2ffffff,,,
876ade8f0ffffff,,,
876ac0a19ffffff,,,
876ac46ddffffff,,,
8796d2daeffffff,,,
876ada574ffffff,,,
8796d6a72ffffff,,,
876aee4aeffffff,,,
876ac20c8ffffff,,,
8796d0799ffffff,,,
876ac2976ffffff,,,
876ac5d8cffffff,,,
876ad1b8bffffff,,,
876ac0b14ffffff,,,
876ae34b0ffffff,,,
8796d3caaffffff,,,
8796d365cffffff,,,
876ac6c88ffffff,,,
876aeec61ffffff,,,
876ade886ffffff,,,
876ac2811ffffff,,,
876ac4673ffffff,,,
8796d2d44ffffff,,,
876ad5201ffffff,,,
876ac64d5ffffff,,,
876ad22d4ffffff,,,
8796d6a08ffffff,,,
876af1276ffffff,,,
876ac205effffff,,,
8796d2591ffffff,,,
876ac5d22ffffff,,,
876ad1b21ffffff,,,
8796d6255ffffff,,,
876ad3983ffffff,,,
876ae3446ffffff,,,
876ad136effffff,,,
8796d3c40ffffff,,,
876ad3b52ffffff,,,
8796d348dffffff,,,
876af1a29ffffff,,,
876ad1cf0ffffff,,,
876ac6c1effffff,,,
8796d2760ffffff,,,
876ade81cffffff,,,
876ac0945ffffff,,,
876ac4609ffffff,,,
8796d2cdaffffff,,,
876ac646bffffff,,,
8796892cbffffff,,,
8796d699effffff,,,
876ac0192ffffff,,,
8796d06c5ffffff,,,
876adc440ffffff,,,
876ac66a4ffffff,,,
876ad0641ffffff,,,
876ad3919ffffff,,,
876ac4842ffffff,,,
876aee518ffffff,,,
876ac5505ffffff,,,
876ad1304ffffff,,,
876ad3166ffffff,,,
876ac4d52ffffff,,,
8796d3423ffffff,,,
876ac6bb4ffffff,,,
876adc950ffffff,,,
876ade7b2ffffff,0.5741623836996728,2026-07,valid
876ac08dbffffff,,,
8796d36c6ffffff,,,
876adad91ffffff,,,
8796d2c70ffffff,,,
876aeeccbffffff,,,
876ad039effffff,,,
876ac6401ffffff,,,
879689261ffffff,,,
876adc19dffffff,,,
8796d6934ffffff,,,
876ac0128ffffff,,,
8796d065bffffff,,,
876ad526bffffff,,,
876ac5c4effffff,,,
876ad1a4dffffff,,,
876af1786ffffff,,,
876ad3409ffffff,,,
8796d6181ffffff,,,
876ad5711ffffff,,,
876af12e0ffffff,,,
876ae3372ffffff,,,
876ac57a8ffffff,,,
876ac549bffffff,,,
876ad129affffff,,,
876ac4ce8ffffff,,,
8796d01b5ffffff,,,
876ac6b4affffff,,,
876adc8e6ffffff,,,
876ad5a1effffff,,,
876ac0871ffffff,,,
876ac26d3ffffff,,,
8796d0da4ffffff,,,
876ac4535ffffff,,,
8796d2c06ffffff,,,
876af1a93ffffff,,,
876ad1d5affffff,,,
876ad0334ffffff,,,
876adc133ffffff,,,
8796d68caffffff,,,
876ac3d82ffffff,,,
8796d2453ffffff,,,
876af171cffffff,,,
876ad3845ffffff,,,
876ae3308ffffff,,,
876ac0435ffffff,,,
876ac5431ffffff,,,
876ad1230ffffff,,,
876ad3092ffffff,,,
876adc4aaffffff,,,
876ac6ae0ffffff,,,
876ac670effffff,,,
876ac48acffffff,,,
876aee582ffffff,,,
876ac2a4affffff,,,
876ac44cbffffff,,,
8796d2b9cffffff,,,
876ad02caffffff,,,
876ac632dffffff,,,
8796d6860ffffff,,,
876ac0054ffffff,,,
876adcc5dffffff,,,
876ae3a51ffffff,,,
8796d3730ffffff,,,
876af16b2ffffff,,,
8796d60adffffff,,,
876aeed35ffffff,,,
876ae329effffff,,,
876ad3028ffffff,,,
876ac2db2ffffff,,,
876ac4c14ffffff,,,
876ad52d5ffffff,,,
876ac6a76ffffff,,,
876ad3473ffffff,,,
876adc812ffffff,,,
876af134affffff,,,
876ad1611ffffff,,,
876ac5812ffffff,,,
8796d2081ffffff,,,
876ac079dffffff,,,
8796d0cd0ffffff,,,
876ae36e9ffffff,,,
876ac4461ffffff,,,
8796d2b32ffffff,,,
876ad0260ffffff,,,
876ac62c3ffffff,,,
876ad5a88ffffff,,,
8796d051dffffff,,,
876ac5b10ffffff,,,
876af1648ffffff,,,
8796d6043ffffff,,,
876ad3771ffffff,,,
876ae3234ffffff,,,
876ad115cffffff,,,
8796d2834ffffff,,,
876ac2d48ffffff,,,
876ac4163ffffff,,,
876ac4baaffffff,,,
876ac2301ffffff,,,
876ac6a0cffffff,,,
876ac0733ffffff,,,
876ac2595ffffff,,,
876ae22ceffffff,,,
876adc514ffffff,,,
8796d2ac8ffffff,,,
876ac6259ffffff,,,
876ad0715ffffff,,,
876ac4916ffffff,,,
8796d678cffffff,,,
8796d04b3ffffff,,,
876ac2ab4ffffff,,,
8796d2315ffffff,,,
876ac5aa6ffffff,,,
876ac0c52ffffff,,,
876ad18a5ffffff,,,
876ad10f2ffffff,,,
8796d379affffff,,,
876aded53ffffff,,,
876ac2cdeffffff,,,
876ac50c9ffffff,,,
876ac4b40ffffff,,,
876ac69a2ffffff,,,
876ade5a0ffffff,,,
876ac252bffffff,,,
876ac438dffffff,,,
8796d2a5effffff,,,
8796d6722ffffff,,,
876af3b89ffffff,,,
876ad34ddffffff,,,
8796d0449ffffff,,,
8796d22abffffff,,,
876af13b4ffffff,,,
876af1574ffffff,,,
8796d20ebffffff,,,
876ad369dffffff,,,
8796d0289ffffff,,,
876ad1088ffffff,,,
8796d395affffff,,,
876adece9ffffff,,,
876ad5af2ffffff,,,
876ac2c74ffffff,,,
876ac4ad6ffffff,,,
876ade536ffffff,,,
876ac24c1ffffff,,,
8796d289effffff,,,
876ac4323ffffff,,,
876ac6185ffffff,,,
8796d2241ffffff,,,
876ac0509ffffff,,,
876af150affffff,,,
876af336cffffff,,,
876ad3633ffffff,,,
876ad101effffff,,,
8796d38f0ffffff,,,
8796d3051ffffff,,,
876ac0da8ffffff,,,
876ac2c0affffff,,,
876ac4980ffffff,,,
876ac4a6cffffff,,,
876ac68ceffffff,,,
876ac2b1effffff,,,
876ad26cdffffff,,,
876ade4ccffffff,,,
8796d298affffff,,,
876ac611bffffff,,,
8796d664effffff,,,
876adcd31ffffff,,,
8796d3804ffffff,,,
876ac5968ffffff,,,
876ac5133ffffff,,,
876ac51b5ffffff,,,
8796d3886ffffff,,,
876adcdb3ffffff,,,
876ad53a9ffffff,,,
876adec15ffffff,,,
876ac2ba0ffffff,,,
876ac4a02ffffff,,,
8796d30d3ffffff,,,
876ad16e5ffffff,,,
876ac6864ffffff,,,
876ac58e6ffffff,,,
8796d2155ffffff,,,
876ad2663ffffff,,,
8796d02f3ffffff,,,
876ade462ffffff,,,
876ac058bffffff,,,
8796d2920ffffff,,,
876ad004effffff,,,
876ad5b5cffffff,,,
876ac60b1ffffff,,,
876af3a4bffffff,,,
876af3a33ffffff,,,
876ad5b74ffffff,,,
8796d216dffffff,,,
876af1436ffffff,,,
876af3298ffffff,,,
876ac6099ffffff,,,
8796d2908ffffff,,,
876ac514bffffff,,,
8796d381cffffff,,,
876adcd49ffffff,,,
876ac0cd4ffffff,,,
876ac2b36ffffff,,,
876ac4998ffffff,,,
876ac0573ffffff,,,
876adc596ffffff,,,
876ac0521ffffff,,,
876ade44affffff,0.35287679485142825,2026-07,valid
876ac2383ffffff,,,
876ad264bffffff,,,
8796d28b6ffffff,,,
876ac684cffffff,,,
876ad5b0affffff,,,
8796d02a1ffffff,,,
8796d2103ffffff,,,
876ac5894ffffff,,,
876ac2b88ffffff,,,
876ad1693ffffff,,,
876ad34f5ffffff,,,
876ac0d26ffffff,,,
876ac50e1ffffff,,,
8796d37b2ffffff,,,
876adcd9bffffff,,,
876ac0c6affffff,,,
876ac2accffffff,,,
876ac492effffff,,,
876ac519dffffff,,,
876ad072dffffff,,,
876ac6790ffffff,,,
876adc52cffffff,,,
8796d6cc3ffffff,0.012136186024498898,2026-07,valid
876ac2319ffffff,,,
8796d284cffffff,,,
876af1b15ffffff,,,
876ad5aa0ffffff,,,
876ad35b1ffffff,,,
876af32eaffffff,,,
8796d2099ffffff,,,
876ac582affffff,,,
876af1488ffffff,,,
876ad1629ffffff,,,
876ac5950ffffff,,,
876af1362ffffff,,,
876ad348bffffff,,,
876ad52edffffff,,,
876aeed4dffffff,,,
8796d3748ffffff,,,
876adcc75ffffff,,,
876ac0c00ffffff,,,
876ac2a62ffffff,,,
876ae279bffffff,,,
876aee59affffff,,,
8796d6636ffffff,,,
876ac48c4ffffff,,,
876ac6726ffffff,,,
876ac6103ffffff,,,
8796d2972ffffff,,,
876ac42a1ffffff,,,
8796d6c59ffffff,,,
876ac044dffffff,,,
876ac4111ffffff,,,
876ad1d72ffffff,,,
876af1aabffffff,,,
876ad5a36ffffff,,,
876ade4b4ffffff,,,
876ad3421ffffff,,,
876ad5283ffffff,,,
876aeece3ffffff,,,
876ac68b6ffffff,,,
8796d3125ffffff,,,
876ac500dffffff,,,
876adada9ffffff,,,
876ac4a54ffffff,,,
8796d36deffffff,,,
876adcc0bffffff,,,
876ac0b96ffffff,,,
876ac0d90ffffff,,,
876aee530ffffff,,,
876ac485affffff,,,
876ad0659ffffff,,,
876adc458ffffff,,,
876ad1d08ffffff,,,
876af1a41ffffff,,,
8796d38d8ffffff,,,
876ad1006ffffff,,,
876ad3b6affffff,,,
876ac5756ffffff,,,
876af128effffff,,,
876ad1555ffffff,,,
876ad5219ffffff,,,
8796d3674ffffff,,,
876ad361bffffff,,,
876ac0b2cffffff,,,
876ac298effffff,,,
876af14f2ffffff,,,
876aee4c6ffffff,,,
8796d2229ffffff,,,
876ada58cffffff,,,
876ac6652ffffff,,,
8796d6b85ffffff,,,
8796d270effffff,,,
876ad1c9effffff,,,
876ad3b00ffffff,,,
8796d66a0ffffff,,,
876ad5962ffffff,,,
876ad14ebffffff,,,
876af1224ffffff,,,
876ac616dffffff,,,
876ad334dffffff,,,
876adacd5ffffff,,,
876ac430bffffff,,,
8796d360affffff,,,
876ac6d9bffffff,,,
876ac24a9ffffff,,,
876ade999ffffff,,,
876ac0ac2ffffff,0.11000000000021537,2026-07,valid
876ac2924ffffff,,,
876ae265dffffff,,,
876aee45cffffff,,,
876ac4786ffffff,,,
876ada522ffffff,,,
876ade51effffff,,,
8796d6b1bffffff,,,
876ac2171ffffff,,,
876ac6920ffffff,,,
8796d26a4ffffff,,,
876ad1c34ffffff,,,
8796d6368ffffff,,,
876ad3a96ffffff,,,
876ac2c5cffffff,,,
876ac5682ffffff,,,
876ad1481ffffff,,,
8796d3d53ffffff,,,
876ad32e3ffffff,,,
876adecd1ffffff,,,
8796d35a0ffffff,,,
876ac6d31ffffff,,,
8796d3942ffffff,,,
876ad1070ffffff,,,
876ac471cffffff,,,
8796d6ab1ffffff,,,
8796d449cffffff,,,
876ad3a2cffffff,,,
876ad3685ffffff,,,
876ac5618ffffff,0.12999999999995343,2026-01,valid
8796d3ce9ffffff,,,
876af155cffffff,,,
876ad1823ffffff,,,
876ac5a24ffffff,,,
8796d2293ffffff,,,
876ad50dbffffff,,,
876adac01ffffff,,,
8796d0431ffffff,,,
8796d3536ffffff,,,
876ade8c5ffffff,,,
876ac2850ffffff,,,
876ac46b2ffffff,,,
876af3b71ffffff,,,
8796d670affffff,,,
8796d2d83ffffff,,,
876ac6514ffffff,,,
876ade112ffffff,,,
876ac209dffffff,,,
8796d2a46ffffff,,,
8796d076effffff,,,
876ac4375ffffff,,,
876ac5d61ffffff,,,
876ad1b60ffffff,,,
8796d4432ffffff,,,
8796d6294ffffff,,,
876ac2513ffffff,,,
876ae3485ffffff,,,
876ac06b1ffffff,,,
876ac55aeffffff,,,
876ad13adffffff,,,
876ade588ffffff,,,
876adc726ffffff,,,
876ac698affffff,,,
8796d34ccffffff,,,
876ac6c5dffffff,,,
876ac4b28ffffff,,,
876ade85bffffff,,,
876ac0984ffffff,,,
876ac2cc6ffffff,,,
876ac4648ffffff,,,
8796d2d19ffffff,,,
876ac64aaffffff,,,
876ad22a9ffffff,,,
876ade0a8ffffff,,,
876ac2033ffffff,,,
8796d0704ffffff,,,
8796d2566ffffff,,,
876ad1af6ffffff,,,
8796d622affffff,,,
876ad3958ffffff,,,
8796d39acffffff,,,
876ad10daffffff,,,
876ae341bffffff,,,
876ac5544ffffff,,,
876ad1343ffffff,,,
8796d3c15ffffff,,,
876ac4d91ffffff,,,
8796d3462ffffff,,,
876ac091affffff,,,
876ac6440ffffff,,,
876ad188dffffff,,,
8796d6973ffffff,,,
876ac5a8effffff,,,
8796d069affffff,,,
876ac5c8dffffff,,,
876ad1a8cffffff,,,
8796d049bffffff,,,
876ad38eeffffff,,,
876ad5750ffffff,,,
876ac54daffffff,,,
876ad12d9ffffff,,,
8796d6774ffffff,,,
8796d1596ffffff,,,
876ac6b89ffffff,,,
876ac6241ffffff,,,
8796d2ab0ffffff,,,
876ac08b0ffffff,,,
876ac2712ffffff,,,
876ac4574ffffff,,,
8796d2c45ffffff,,,
876ad0373ffffff,,,
879689236ffffff,,,
876ac071bffffff,,,
8796d6909ffffff,,,
8796d0630ffffff,,,
8796d2492ffffff,,,
876ac5c23ffffff,,,
876ad1a22ffffff,,,
876af175bffffff,,,
8796d6156ffffff,,,
876ac4b92ffffff,,,
876ad3884ffffff,,,
876ad56e6ffffff,,,
876ac2d30ffffff,,,
876ac5470ffffff,,,
876ad30d1ffffff,,,
876aee993ffffff,,,
8796d338effffff,,,
876adeda5ffffff,,,
876ac0846ffffff,,,
876ac26a8ffffff,,,
876ac450affffff,,,
876ad0309ffffff,,,
876ac636cffffff,,,
876ad1144ffffff,,,
876ac0093ffffff,,,
8796d2428ffffff,,,
876ae321cffffff,,,
876af16f1ffffff,,,
8796d60ecffffff,,,
876ad381affffff,,,
876ae32ddffffff,,,
876ac5406ffffff,,,
876ad3759ffffff,,,
8796d602bffffff,,,
876ad1205ffffff,,,
876af1630ffffff,,,
876ac4c53ffffff,,,
876ad0a52ffffff,,,
876ac6ab5ffffff,,,
8796d0505ffffff,,,
876ac44a0ffffff,,,
8796d2b71ffffff,,,
876ac6302ffffff,,,
876adc09effffff,,,
8796d6835ffffff,,,
876ac0029ffffff,,,
8796d055cffffff,,,
876ad194effffff,,,
8796d6082ffffff,,,
876ad37b0ffffff,,,
876ad5612ffffff,,,
876ac62abffffff,,,
876ad0248ffffff,,,
8796d2b1affffff,,,
876ae3273ffffff,,,
876ac4449ffffff,,,
876ad119bffffff,,,
876ac6a4bffffff,,,
876ac0785ffffff,,,
876ac0772ffffff,,,
8796d0ca5ffffff,,,
876ac6a5effffff,,,
876ac4436ffffff,,,
876ad0235ffffff,,,
876ac6298ffffff,,,
876adc034ffffff,,,
876ac2d9affffff,,,
8796d04f2ffffff,,,
8796d2354ffffff,,,
876ac5ae5ffffff,,,
876ad18e4ffffff,,,
876af161dffffff,,,
8796d6018ffffff,,,
876ad3746ffffff,,,
876ad3010ffffff,,,
876ae3209ffffff,,,
876ac5332ffffff,,,
876ad1131ffffff,,,
876ad11aeffffff,,,
876aded92ffffff,,,
876ac2d1dffffff,,,
876ae3286ffffff,,,
876ac0708ffffff,,,
876ac256affffff,,,
8796d2a9dffffff,,,
876ad5625ffffff,,,
876ac622effffff,,,
8796d6761ffffff,,,
8796d6095ffffff,,,
8796d0488ffffff,,,
8796d22eaffffff,,,
876af169affffff,,,
876ad1961ffffff,,,
876ac5b62ffffff,,,
876ad36dcffffff,,,
8796d3999ffffff,,,
876aded28ffffff,,,
876ac2cb3ffffff,,,
876ac4b15ffffff,,,
876ade575ffffff,,,
876ac069effffff,,,
876ac2500ffffff,,,
8796d6848ffffff,,,
876ac4362ffffff,,,
8796d2a33ffffff,,,
876adc0b1ffffff,,,
876af3b5effffff,,,
876ac6315ffffff,,,
876ad02b2ffffff,,,
8796d2b84ffffff,,,
8796d041effffff,,,
876ac44b3ffffff,,,
8796d2280ffffff,,,
876ac5a11ffffff,,,
876ac2651ffffff,,,
876ad1810ffffff,,,
876af1549ffffff,,,
876ad3672ffffff,,,
876ad105dffffff,,,
876ac6ac8ffffff,,,
876ad0a65ffffff,,,
876ac4c66ffffff,,,
876ac2c49ffffff,,,
876ac4aabffffff,,,
876ac690dffffff,,,
876ade50bffffff,,,
876ac0634ffffff,,,
876ac2496ffffff,,,
876ac615affffff,,,
876af1c92ffffff,,,
8796d668dffffff,,,
876af3af4ffffff,,,
8796d03b4ffffff,,,
8796d2216ffffff,,,
876ad1218ffffff,,,
876ad17a6ffffff,,,
876ac5419ffffff,0.04,2026-06,valid
876af3341ffffff,,,
876ad3608ffffff,,,
876ae32f0ffffff,,,
8796d38c5ffffff,,,
876adec54ffffff,,,
876ac4a41ffffff,,,
8796d3112ffffff,,,
876ac68a3ffffff,,,
876ade4a1ffffff,,,
876ac242cffffff,,,
876ad382dffffff,,,
876ac428effffff,,,
876ad008dffffff,,,
876af1704ffffff,,,
876ac60f0ffffff,,,
8796d6623ffffff,,,
8796d21acffffff,,,
876af1475ffffff,,,
876ad359effffff,,,
876ac00a6ffffff,,,
8796d68b2ffffff,,,
876ac518affffff,,,
8796d385bffffff,,,
876adcd88ffffff,,,
876adc11bffffff,,,
876ac0d13ffffff,,,
876ac2b75ffffff,,,
876ad031cffffff,,,
876ac451dffffff,,,
8796d30a8ffffff,,,
8796d0d8cffffff,,,
8796d6d6cffffff,,,
876ac0560ffffff,,,
876ac4224ffffff,,,
8796d28f5ffffff,,,
876ad0023ffffff,,,
876ac0859ffffff,,,
876ac6086ffffff,,,
876af3a20ffffff,,,
876ad5b49ffffff,,,
876ade730ffffff,,,
8796d02e0ffffff,,,
8796d2142ffffff,,,
876ac58d3ffffff,,,
876ac6b32ffffff,,,
876ac4cd0ffffff,,,
876ad16d2ffffff,,,
876af140bffffff,,,
876af326dffffff,,,
876ad5396ffffff,,,
876ac5120ffffff,,,
876adcd1effffff,,,
876ac0ca9ffffff,,,
876ac2b0bffffff,,,
876ac496dffffff,,,
876ad076cffffff,,,
876adc56bffffff,,,
876ad30e4ffffff,,,
876ac04f6ffffff,,,
876ad1282ffffff,,,
876ac5483ffffff,,,
8796d288bffffff,,,
876ac601cffffff,,,
876ae335affffff,,,
876af1b54ffffff,,,
8796d0276ffffff,,,
8796d20d8ffffff,,,
876ac5869ffffff,,,
876ad1668ffffff,,,
876af13a1ffffff,,,
8796d6169ffffff,,,
876ad34caffffff,,,
876ad532cffffff,,,
876af176effffff,,,
876ad1a35ffffff,,,
876aeed8cffffff,,,
876ac5c36ffffff,,,
8796d24a5ffffff,,,
876ac50b6ffffff,,,
876adccb4ffffff,,,
876adeb16ffffff,,,
876ac2aa1ffffff,,,
8796d0643ffffff,,,
876ac4903ffffff,,,
876ad0702ffffff,,,
876ac6765ffffff,,,
876adc501ffffff,,,
876ac048cffffff,,,
876ac0110ffffff,,,
876ac4150ffffff,,,
8796d2821ffffff,,,
8796d691cffffff,,,
876af1aeaffffff,,,
876adc185ffffff,,,
876ad1db1ffffff,,,
879689249ffffff,,,
876ad0386ffffff,,,
8796d2c58ffffff,,,
876af394cffffff,,,
876ad5a75ffffff,,,
8796d020cffffff,,,
876ae36d6ffffff,,,
876ac2725ffffff,,,
8796d206effffff,,,
876ad3460ffffff,,,
876ac08c3ffffff,,,
876ad52c2ffffff,,,
876aeed22ffffff,,,
876ade79affffff,,,
876ac504cffffff,,,
8796d371dffffff,,,
876adcc4affffff,,,
876ac6b9cffffff,,,
8796d340bffffff,,,
876ac4899ffffff,,,
876ac0422ffffff,,,
876ac40e6ffffff,,,
876af1a80ffffff,,,
876ad3ba9ffffff,,,
876ad5a0bffffff,,,
876ad314effffff,,,
8796d01a2ffffff,,,
876ae366cffffff,,,
8796d2004ffffff,,,
876ad12ecffffff,,,
876ac5795ffffff,,,
876ac54edffffff,,,
876af12cdffffff,,,
876ad1594ffffff,,,
876ad5258ffffff,,,
8796d36b3ffffff,,,
876ad5763ffffff,,,
876ac0b6bffffff,0.030000000000040744,2026-06,valid
876aee505ffffff,,,
876ad3901ffffff,,,
876ad062effffff,,,
876ac6691ffffff,,,
876adc42dffffff,,,
876ac5ca0ffffff,,,
8796d274dffffff,,,
8796d06adffffff,,,
876ad1cddffffff,,,
876af1a16ffffff,,,
876ac572bffffff,,,
876af1263ffffff,,,
876ad152affffff,,,
876ad338cffffff,,,
8796d6986ffffff,,,
876ade051ffffff,,,
876aeec4effffff,,,
876adad14ffffff,,,
876ad2252ffffff,,,
8796d3649ffffff,,,
876ac6453ffffff,,,
8796d2cc2ffffff,,,
876ac0b01ffffff,,,
876ac2963ffffff,,,
876ae269cffffff,,,
876aee49bffffff,,,
876ac092dffffff,,,
876ac21b0ffffff,,,
876ade804ffffff,,,
876ac4012ffffff,,,
876adc9a2ffffff,,,
876ac6c06ffffff,,,
8796d3475ffffff,,,
876ac4da4ffffff,,,
8796d26e3ffffff,,,
876ad1c73ffffff,,,
876ad3ad5ffffff,,,
8796d00ceffffff,,,
876ae3598ffffff,,,
876ad14c0ffffff,,,
8796d3d92ffffff,,,
876ad3322ffffff,,,
876adacaaffffff,,,
876ac6d70ffffff,,,
8796d3c28ffffff,,,
876ad1356ffffff,,,
876ade96effffff,,,
876aee431ffffff,,,
876ac475bffffff,,,
8796d6af0ffffff,,,
876ac2146ffffff,,,
876ad1c09ffffff,,,
876ad396bffffff,,,
876ad3a6bffffff,,,
876ad1b09ffffff,,,
876ac5d0affffff,,,
876ad1456ffffff,,,
8796d3d28ffffff,,,
876ac2046ffffff,,,
8796d3575ffffff,,,
876ac6d06ffffff,,,
876ade904ffffff,,,
876ac0a2dffffff,0.17296734210060907,2026-06,valid
876ac46f1ffffff,,,
876ac6553ffffff,,,
8796d2d2cffffff,,,
876ade151ffffff,,,
876ac465bffffff,,,
8796d6a86ffffff,,,
876ac20dcffffff,,,
8796d07adffffff,,,
876ac5da0ffffff,,,
8796d62d3ffffff,,,
876ad3a01ffffff,,,
876ad5863ffffff,,,
876ae34c4ffffff,,,
876ade86effffff,,,
876ad324effffff,,,
876ac6c70ffffff,,,
8796d350bffffff,,,
876ac6c9cffffff,,,
876ade89affffff,,,
876ac2825ffffff,,,
876ada423ffffff,1.081749880372692,2026-07,valid
8796d2d58ffffff,,,
876ac64e9ffffff,,,
876ad22e8ffffff,,,
876ad3222ffffff,,,
8796d6a1cffffff,,,
876ac2072ffffff,,,
8796d3c92ffffff,,,
8796d0743ffffff,,,
8796d25a5ffffff,,,
876ac5d36ffffff,,,
876ad1b35ffffff,,,
876ae3498ffffff,,,
8796d6269ffffff,,,
876ac5583ffffff,,,
876ad1382ffffff,,,
8796d3c54ffffff,,,
8796d34a1ffffff,,,
876ac6c32ffffff,,,
876ad1b73ffffff,,,
876ac5d74ffffff,,,
876ade830ffffff,,,
876ac0959ffffff,,,
876ac461dffffff,,,
8796d0781ffffff,,,
8796d2ceeffffff,,,
876ac20b0ffffff,,,
8796d69b2ffffff,0.2600000000000524,2026-07,valid
876ac01a6ffffff,,,
876ac2008ffffff,,,
8796d06d9ffffff,,,
8796d6a5affffff,,,
876ade125ffffff,,,
876ac5cccffffff,,,
876ad1acbffffff,,,
876ad392dffffff,,,
8796d2d96ffffff,,,
876ac46c5ffffff,,,
876ac5519ffffff,,,
876ad1318ffffff,,,
876af1051ffffff,,,
876ac2863ffffff,,,
876ac4d66ffffff,,,
876ad0b65ffffff,,,
876ac0a01ffffff,,,
876adc964ffffff,,,
876ade8d8ffffff,,,
876ac2751ffffff,,,
876ae248affffff,,,
876ac45b3ffffff,,,
876ac6cdaffffff,,,
8796d2c84ffffff,,,
8796d3549ffffff,,,
876adac14ffffff,,,
876ad03b2ffffff,,,
876ac6415ffffff,,,
879689275ffffff,,,
876adc1b1ffffff,,,
876ad2214ffffff,,,
876ade013ffffff,,,
8796d6948ffffff,,,
8796d24d1ffffff,,,
876ac5c62ffffff,,,
876ad1a61ffffff,,,
876af179affffff,,,
876ad328cffffff,,,
876ad38c3ffffff,,,
876ad142affffff,,,
876ad12aeffffff,,,
876ad3110ffffff,,,
876ac6b5effffff,,,
876ac0885ffffff,,,
876ac4549ffffff,,,
8796d2c1affffff,,,
876ad0348ffffff,,,
8796d6311ffffff,,,
876ac63abffffff,,,
87968920bffffff,,,
8796d68deffffff,,,
876ac00d2ffffff,,,
8796d0605ffffff,,,
876ac3d96ffffff,,,
8796d264dffffff,,,
876af1730ffffff,,,
8796d612bffffff,,,
876ad3859ffffff,,,
876ae331cffffff,,,
876ac211affffff,,,
876ac5445ffffff,,,
876ad1244ffffff,,,
876ad30a6ffffff,,,
876ac4c92ffffff,,,
8796d6ac4ffffff,,,
876ad0a91ffffff,,,
876ac6af4ffffff,,,
876ad2390ffffff,,,
876adc890ffffff,,,
876ac6591ffffff,,,
876ac081bffffff,,,
876aee405ffffff,,,
876ac28cdffffff,,,
876aee1b5ffffff,,,
8796d2bb0ffffff,,,
876ad02deffffff,,,
876ac6341ffffff,,,
876ade942ffffff,,,
8796d6874ffffff,,,
876ac0068ffffff,,,
876ac6d44ffffff,,,
8796d35b3ffffff,,,
8796d059bffffff,,,
876ac5b8effffff,,,
876ad198dffffff,,,
876af16c6ffffff,,,
8796d60c1ffffff,,,
876ad5651ffffff,,,
876ae32b2ffffff,,,
876ac4c28ffffff,,,
876ac6a8affffff,,,
876adc826ffffff,,,
876ad32f6ffffff,,,
876ac07b1ffffff,,,
8796d3d66ffffff,,,
876ad1494ffffff,,,
876ac2613ffffff,,,
876ac5695ffffff,0.011357555204358312,2026-06,valid
8796d0ce4ffffff,,,
876ac4475ffffff,,,
8796d2b46ffffff,,,
8796d00a2ffffff,,,
876ad0274ffffff,,,
8796d680affffff,,,
8796d0531ffffff,,,
8796d2393ffffff,,,
876ad3aa9ffffff,,,
876ac5b24ffffff,,,
876ad1923ffffff,,,
876af165cffffff,,,
876ad3785ffffff,,,
876ae3248ffffff,,,
876ad1170ffffff,,,
876ac2d5cffffff,,,
876aee894ffffff,,,
876ac2184ffffff,,,
876ac6a20ffffff,,,
876ac25a9ffffff,,,
8796d6b2effffff,,,
876ac440bffffff,,,
8796d2adcffffff,,,
876ad020affffff,,,
876ac626dffffff,,,
876ada535ffffff,0.010000000000023284,2026-07,valid
876ac4799ffffff,,,
8796d67a0ffffff,,,
8796d2329ffffff,,,
876ad371bffffff,,,
876ac0ad5ffffff,0.020000000000023284,2026-07,valid
876ad1106ffffff,,,
876ade9acffffff,,,
876ac2cf2ffffff,,,
876ac4b54ffffff,,,
876ac6daeffffff,,,
8796d361dffffff,,,
876adace8ffffff,,,
876aeec22ffffff,,,
876ac69b6ffffff,,,
876ade5b4ffffff,,,
8796d0c10ffffff,,,
876ac43a1ffffff,,,
8796d2a72ffffff,,,
876ac6203ffffff,,,
876ad3360ffffff,,,
8796d6736ffffff,,,
8796d045dffffff,,,
876ad36b1ffffff,,,
876ad109cffffff,,,
8796d396effffff,,,
876ac2c88ffffff,,,
876ac4aeaffffff,,,
876ad5975ffffff,,,
876ac694cffffff,,,
876ad3b13ffffff,,,
876ad274bffffff,,,
876ade54affffff,0.04675647752719387,2026-07,valid
876ad1cb1ffffff,,,
8796d4583ffffff,,,
876ac24d5ffffff,,,
8796d2721ffffff,,,
876ac4050ffffff,,,
8796d2a08ffffff,,,
876ac6199ffffff,,,
876af1cd1ffffff,,,
8796d66ccffffff,,,
876af3b33ffffff,,,
8796d6b98ffffff,,,
8796d2255ffffff,,,
876af151effffff,,,
876adc401ffffff,,,
876ac6665ffffff,,,
876ac4803ffffff,,,
876aee4d9ffffff,,,
876ad1032ffffff,,,
8796d3904ffffff,,,
876ae26daffffff,,,
876ac29a1ffffff,,,
876adec93ffffff,,,
876ac2c1effffff,,,
876ac4a80ffffff,,,
8796d3151ffffff,,,
876ac68e2ffffff,,,
876ad26e1ffffff,,,
876ade4e0ffffff,,,
876ac246bffffff,,,
876ac42cdffffff,,,
8796d299effffff,,,
876ad00ccffffff,,,
8796d6662ffffff,,,
876aeec8cffffff,,,
876af3ac9ffffff,,,
8796d0389ffffff,,,
876af14b4ffffff,,,
876ad522cffffff,,,
8796d389affffff,,,
876adec29ffffff,,,
876ac0d52ffffff,,,
876ac2bb4ffffff,,,
876ac4a16ffffff,,,
876ad1568ffffff,,,
876af12a1ffffff,,,
876ade476ffffff,,,
876ac2401ffffff,,,
876ae3640ffffff,,,
876ac4263ffffff,,,
8796d2934ffffff,,,
876ad0062ffffff,,,
876ac60c5ffffff,,,
876ad5b88ffffff,,,
8796d2181ffffff,,,
876ac5912ffffff,,,
876ad1711ffffff,,,
876af1a54ffffff,,,
876ad1d1bffffff,,,
876af144affffff,,,
876ad3573ffffff,,,
8796d278bffffff,,,
8796d3830ffffff,,,
876adcd5dffffff,,,
876ac0ce8ffffff,,,
876ac2b4affffff,,,
876ac49acffffff,,,
876ac680effffff,,,
876adc5aaffffff,,,
876ad260dffffff,,,
876ade40cffffff,,,
876adc46bffffff,,,
8796d6d41ffffff,0.030000000000011642,2026-07,valid
876ac0535ffffff,,,
876ad066cffffff,,,
876ac486dffffff,,,
876aee543ffffff,,,
8796d28caffffff,,,
876ac605bffffff,,,
876ac2a0bffffff,,,
876ac0ba9ffffff,,,
876ad5b1effffff,,,
8796d02b5ffffff,,,
876ac58a8ffffff,,,
876af3242ffffff,,,
876adcc1effffff,,,
876ad3509ffffff,,,
876ad536bffffff,,,
8796d36f1ffffff,,,
876ac5020ffffff,,,
876aeecf6ffffff,,,
876ac50f5ffffff,,,
876adccf3ffffff,,,
876ac2ae0ffffff,,,
876ac4942ffffff,,,
876ad0741ffffff,,,
8796d3013ffffff,,,
876ac67a4ffffff,,,
876ad5296ffffff,,,
876adc540ffffff,,,
876ac04cbffffff,,,
876ad3434ffffff,,,
876ac232dffffff,,,
876af130bffffff,,,
8796d2860ffffff,,,
8796d2042ffffff,,,
876af1b29ffffff,,,
876ad5ab4ffffff,,,
8796d20adffffff,,,
876af1376ffffff,,,
876ad5a49ffffff,,,
876ad5301ffffff,,,
876aeed61ffffff,,,
876ac508bffffff,,,
8796d375cffffff,,,
876adcc89ffffff,,,
876ad1d85ffffff,,,
876ac0c14ffffff,,,
876ac2a76ffffff,,,
876aee5aeffffff,,,
876ac48d8ffffff,,,
876ac4124ffffff,,,
876adc4d6ffffff,,,
876ac0461ffffff,,,
876ac4125ffffff,,,
876ac0460ffffff,,,
876ad1d86ffffff,,,
876ad5a4affffff,,,
876ae36abffffff,,,
876adc4d5ffffff,,,
8796d2043ffffff,,,
876af130cffffff,,,
876ad3435ffffff,,,
876aee5adffffff,,,
876ac5021ffffff,,,
876ac2a75ffffff,,,
8796d36f2ffffff,,,
876ac0c13ffffff,,,
876ac0baaffffff,,,
876ac2a0cffffff,,,
876aee544ffffff,,,
876adcc88ffffff,,,
876ac486effffff,,,
8796d375bffffff,,,
876ad066dffffff,,,
876ac508affffff,,,
876ac66d0ffffff,,,
876aeed60ffffff,,,
876adc46cffffff,,,
8796d278cffffff,,,
876ad1d1cffffff,,,
876ad5300ffffff,,,
876af1a55ffffff,,,
876ae3641ffffff,,,
876ad349effffff,,,
876af12a2ffffff,,,
876ad1569ffffff,,,
876af1375ffffff,,,
876ad522dffffff,,,
8796d20acffffff,,,
876aeec8dffffff,,,
8796d3688ffffff,,,
8796d024affffff,,,
876ac0b40ffffff,,,
876ac29a2ffffff,,,
876ae26dbffffff,,,
876aee4daffffff,,,
876ad5ab3ffffff,,,
876ac4804ffffff,,,
876ada5a0ffffff,,,
876ad0603ffffff,,,
876ac6666ffffff,,,
876adc402ffffff,,,
876af1b28ffffff,,,
8796d6b99ffffff,,,
876ac4051ffffff,,,
8796d2722ffffff,,,
876ac418effffff,,,
8796d4584ffffff,,,
876ad1cb2ffffff,,,
876ad3b14ffffff,,,
876ac232cffffff,,,
876ad5976ffffff,,,
876ac04caffffff,,,
876ac5700ffffff,,,
876ad3361ffffff,,,
876aeec23ffffff,,,
8796d361effffff,,,
876ac67a3ffffff,,,
8796d3012ffffff,,,
876ad0740ffffff,,,
876ac4941ffffff,,,
876ade9adffffff,,,
876ac0ad6ffffff,,,
876aee470ffffff,,,
876ac479affffff,,,
876ada536ffffff,,,
876ac2185ffffff,,,
876adccf2ffffff,,,
876ad1c48ffffff,,,
876ad3aaaffffff,,,
876ac50f4ffffff,,,
8796d00a3ffffff,,,
876ac5696ffffff,0.17680917504951013,2025-12,valid
876ac5696ffffff,2.3647639278254604,2026-06,valid
876ad1495ffffff,,,
8796d35b4ffffff,,,
876ad536affffff,,,
876ac6d45ffffff,,,
876ad3508ffffff,,,
876af3241ffffff,,,
876ad16a6ffffff,,,
876ade943ffffff,,,
876ac28ceffffff,,,
876aee406ffffff,,,
8796d2116ffffff,,,
876ac4730ffffff,,,
876af0268ffffff,,,
876ac6592ffffff,,,
8796d02b4ffffff,,,
876ad2391ffffff,,,
876ade190ffffff,,,
8796d6ac5ffffff,,,
876ad5b1dffffff,,,
876ac211bffffff,,,
8796d264effffff,,,
8796d44b0ffffff,,,
8796d6312ffffff,,,
876ad3a40ffffff,,,
876ad142bffffff,,,
876ac605affffff,,,
8796d28c9ffffff,,,
876ad328dffffff,,,
876adac15ffffff,0.005090283392191917,2026-07,valid
8796d354affffff,,,
876ac6cdbffffff,,,
876ac2396ffffff,,,
876ade8d9ffffff,,,
876ac0a02ffffff,,,
876ac0534ffffff,,,
876ac2864ffffff,,,
876ac46c6ffffff,,,
876ade40bffffff,,,
876ac6528ffffff,,,
876adc5a9ffffff,,,
876ac680dffffff,,,
876ade126ffffff,,,
8796d6a5bffffff,,,
876ac49abffffff,,,
876ac20b1ffffff,,,
8796d0782ffffff,,,
876ac5d75ffffff,,,
876ac2b49ffffff,,,
876ad1b74ffffff,,,
8796d62a8ffffff,,,
876ae3499ffffff,,,
8796d3c93ffffff,,,
876ad3223ffffff,,,
8796d34e0ffffff,,,
876adcd5cffffff,,,
876ac6c71ffffff,,,
876ac515effffff,,,
876ac0998ffffff,,,
876ac465cffffff,,,
8796d2d2dffffff,,,
8796d0718ffffff,,,
876ac5d0bffffff,,,
876ad1b0affffff,,,
876ad396cffffff,,,
876ad3572ffffff,,,
876ac5558ffffff,,,
876af1449ffffff,,,
876ad1710ffffff,,,
876af1090ffffff,,,
876ac5911ffffff,,,
8796d2180ffffff,,,
8796d3c29ffffff,,,
876ac4da5ffffff,,,
8796d031effffff,,,
8796d3476ffffff,,,
876adc9a3ffffff,,,
876ade805ffffff,,,
876ac092effffff,,,
876ac2790ffffff,,,
876af3a5effffff,,,
8796d2cc3ffffff,,,
876ac6454ffffff,,,
876ac60c4ffffff,,,
876ad0061ffffff,,,
8796d2933ffffff,,,
876ac4262ffffff,,,
876ade052ffffff,,,
8796d06aeffffff,,,
876ac2400ffffff,,,
8796d2510ffffff,,,
876ac5ca1ffffff,,,
876ad1aa0ffffff,,,
876ac059effffff,,,
876ad3902ffffff,,,
876ad5764ffffff,,,
876ade475ffffff,,,
876ad2676ffffff,,,
876ac54eeffffff,,,
876ad12edffffff,,,
8796d30e6ffffff,,,
876ac4a15ffffff,,,
8796d340cffffff,,,
876ac6b9dffffff,,,
876ac2bb3ffffff,,,
876ac08c4ffffff,,,
876ac2726ffffff,,,
876ac0d51ffffff,,,
876ac4588ffffff,,,
8796d2c59ffffff,,,
87968924affffff,,,
876adec28ffffff,,,
876adc186ffffff,,,
8796d691dffffff,,,
876ac0111ffffff,,,
8796d0644ffffff,,,
8796d24a6ffffff,,,
8796d3899ffffff,,,
876ad1a36ffffff,,,
8796d616affffff,,,
876ae335bffffff,,,
876ac5484ffffff,,,
876ad1283ffffff,,,
876ad30e5ffffff,,,
876ac4cd1ffffff,,,
876ad0ad0ffffff,,,
8796d33a2ffffff,,,
876ac6b33ffffff,,,
876ade731ffffff,0.009999999999965075,2026-07,valid
876ac085affffff,,,
876af14b3ffffff,,,
8796d0d8dffffff,,,
876ac451effffff,,,
876ad031dffffff,,,
876ac6380ffffff,,,
876adc11cffffff,,,
8796d0388ffffff,,,
8796d68b3ffffff,,,
876af1705ffffff,,,
8796d6100ffffff,,,
876ad382effffff,,,
876ad5690ffffff,,,
876ae32f1ffffff,,,
876ac541affffff,,,
876af3ac8ffffff,,,
8796d6661ffffff,,,
876ad1219ffffff,,,
876ac612effffff,,,
876ad0a66ffffff,,,
876ad00cbffffff,,,
8796d299dffffff,,,
876ac42ccffffff,,,
876ac6ac9ffffff,,,
876ac246affffff,,,
876ac2652ffffff,,,
876ac0608ffffff,,,
876ac44b4ffffff,,,
8796d2b85ffffff,,,
876ad02b3ffffff,,,
876ac6316ffffff,,,
876adc0b2ffffff,,,
8796d6849ffffff,,,
876ac68e1ffffff,,,
8796d3150ffffff,,,
8796d0570ffffff,,,
876ac5b63ffffff,,,
876ad1962ffffff,,,
876af169bffffff,,,
8796d6096ffffff,,,
876ad5626ffffff,,,
876ac2c1dffffff,,,
876ac53b0ffffff,,,
876ad3011ffffff,,,
876ac2d9bffffff,,,
876adec92ffffff,,,
876ac0786ffffff,,,
8796d3903ffffff,,,
876ad1031ffffff,,,
876ac444affffff,,,
8796d2b1bffffff,,,
876ad0249ffffff,,,
876ac62acffffff,,,
8796d0506ffffff,,,
8796d2368ffffff,,,
876af1631ffffff,,,
8796d602cffffff,,,
876ad375affffff,,,
876ae321dffffff,,,
876ad3646ffffff,,,
876ad1145ffffff,,,
876adeda6ffffff,,,
876ac2d31ffffff,,,
876af151dffffff,,,
8796d2254ffffff,,,
876ac4b93ffffff,,,
876ac071cffffff,,,
8796d2ab1ffffff,,,
876ac6242ffffff,,,
8796d6775ffffff,,,
876af3b32ffffff,,,
8796d66cbffffff,,,
8796d049cffffff,,,
876af1cd0ffffff,,,
876ad188effffff,,,
876ac6198ffffff,,,
876ad36f0ffffff,,,
876ac4336ffffff,,,
876ac24d4ffffff,,,
876ad10dbffffff,,,
8796d39adffffff,,,
876ac4b29ffffff,,,
876ade549ffffff,,,
876ac698bffffff,,,
876ad274affffff,,,
876ac694bffffff,,,
876ade589ffffff,,,
876ac4ae9ffffff,,,
876ac06b2ffffff,,,
876ac2514ffffff,,,
876ac4376ffffff,,,
8796d670bffffff,,,
876af3b72ffffff,,,
8796d0432ffffff,,,
8796d2294ffffff,,,
876ac5a25ffffff,,,
876ad1824ffffff,,,
876af155dffffff,,,
876ad3686ffffff,,,
8796d396dffffff,,,
876ad109bffffff,,,
876ad1071ffffff,,,
8796d3943ffffff,,,
876adecd2ffffff,,,
876ac2c5dffffff,,,
8796d3190ffffff,,,
876ac6921ffffff,,,
876ac24aaffffff,,,
876ac430cffffff,,,
876ad36b0ffffff,,,
876ac616effffff,,,
876ad184effffff,,,
8796d66a1ffffff,,,
876af3b08ffffff,,,
8796d222affffff,,,
876af14f3ffffff,,,
8796d045cffffff,,,
876ad361cffffff,,,
8796d38d9ffffff,,,
876adec68ffffff,,,
876ac0d91ffffff,,,
876ac4a55ffffff,,,
8796d6735ffffff,,,
8796d3126ffffff,,,
876ade4b5ffffff,,,
876ac2440ffffff,,,
876ac6202ffffff,,,
8796d2a71ffffff,,,
876ac42a2ffffff,,,
8796d2973ffffff,,,
876ac43a0ffffff,,,
876ac6104ffffff,,,
876ad3d65ffffff,,,
876ac5951ffffff,,,
876ad1750ffffff,,,
876af1489ffffff,,,
876ade5b3ffffff,,,
876af32ebffffff,,,
876ad35b2ffffff,,,
876ac69b5ffffff,,,
876ac4b53ffffff,,,
876ac519effffff,,,
876adcd9cffffff,,,
876ac2cf1ffffff,,,
876ac2b89ffffff,,,
876ac684dffffff,,,
876ad264cffffff,,,
876ac0574ffffff,,,
8796d2909ffffff,,,
876aded66ffffff,,,
876ac609affffff,,,
876af3a34ffffff,,,
876ad5b5dffffff,,,
8796d02f4ffffff,,,
876ad1105ffffff,,,
8796d2156ffffff,,,
876ac5306ffffff,,,
876ad16e6ffffff,,,
876ad3548ffffff,,,
876ad53aaffffff,,,
876ac5134ffffff,,,
8796d3805ffffff,,,
876adcd32ffffff,,,
876adeb94ffffff,,,
876ac4981ffffff,,,
876ad371affffff,,,
8796d3052ffffff,,,
876ac050affffff,,,
876ac236cffffff,,,
8796d2328ffffff,,,
876ac6030ffffff,,,
876af1b68ffffff,,,
8796d04c6ffffff,,,
876ad5af3ffffff,,,
8796d028affffff,,,
8796d20ecffffff,,,
876af13b5ffffff,,,
876ad34deffffff,,,
876ad5340ffffff,,,
876aeeda0ffffff,,,
876ac50caffffff,,,
8796d379bffffff,,,
876ac626cffffff,,,
876ad0209ffffff,,,
8796d2adbffffff,,,
876adccc8ffffff,,,
876ac440affffff,,,
876ac0c53ffffff,,,
876ac2ab5ffffff,,,
876ac25a8ffffff,,,
876adc515ffffff,,,
876ac0746ffffff,,,
876ac04a0ffffff,,,
876ac2302ffffff,,,
876ac4164ffffff,,,
8796d2835ffffff,,,
876af3960ffffff,,,
876ad5a89ffffff,,,
8796d0220ffffff,,,
876ae36eaffffff,,,
8796d2082ffffff,,,
876ac5813ffffff,,,
876aee893ffffff,,,
876ad1612ffffff,,,
876ac2d5bffffff,,,
876af134bffffff,,,
876ad3474ffffff,,,
876ad52d6ffffff,,,
876aeed36ffffff,,,
876ac5060ffffff,,,
8796d3731ffffff,,,
876adcc5effffff,,,
876ac2a4bffffff,,,
876aee583ffffff,,,
876ac48adffffff,,,
876adc4abffffff,,,
876ac0436ffffff,,,
876ad1d5bffffff,,,
8796d01b6ffffff,,,
8796d2018ffffff,,,
876ac57a9ffffff,,,
876ad3784ffffff,,,
8796d6056ffffff,,,
876af12e1ffffff,,,
876ad15a8ffffff,,,
876ad340affffff,,,
876af165bffffff,,,
876ad1922ffffff,,,
876ac5b23ffffff,,,
8796d2392ffffff,,,
876ad526cffffff,,,
8796d0530ffffff,,,
876aeecccffffff,,,
876adad92ffffff,0.009999999999988358,2026-07,valid
876aee519ffffff,,,
876ac4843ffffff,,,
876ad0642ffffff,,,
8796d6809ffffff,,,
876ac66a5ffffff,,,
876adc441ffffff,,,
876ac62d6ffffff,,,
876ad0273ffffff,,,
8796d2b45ffffff,,,
876ac4090ffffff,,,
876ac4474ffffff,,,
8796d2761ffffff,,,
8796d0ce3ffffff,,,
876ac2612ffffff,,,
876ad1cf1ffffff,,,
876af1a2affffff,,,
876ad3b53ffffff,,,
876ac07b0ffffff,,,
876ad33a0ffffff,,,
876adc825ffffff,,,
876ac6a89ffffff,,,
876ad5202ffffff,,,
876aeec62ffffff,,,
8796d365dffffff,,,
876ac0b15ffffff,,,
876ae26b0ffffff,,,
876ada575ffffff,,,
876ac4026ffffff,,,
876ad3ae9ffffff,,,
876ad594bffffff,,,
8796d00e2ffffff,,,
876ae32b1ffffff,,,
876af120dffffff,,,
876ad14d4ffffff,,,
8796d3da6ffffff,,,
876ad3336ffffff,,,
876ad5650ffffff,,,
876ac6d84ffffff,,,
8796d60c0ffffff,,,
876ade982ffffff,,,
876af16c5ffffff,,,
876ad198cffffff,,,
876ac5b8dffffff,,,
876ac0aabffffff,,,
876ac290dffffff,,,
876ada50bffffff,,,
8796d059affffff,,,
8796d6b04ffffff,,,
876ac215affffff,,,
8796d268dffffff,,,
876ad1c1dffffff,,,
8796d6351ffffff,,,
8796d6873ffffff,,,
876ac6340ffffff,,,
876ad02ddffffff,,,
876ad146affffff,,,
876ac44deffffff,,,
876ad32ccffffff,,,
876aee1b4ffffff,,,
8796d3589ffffff,,,
876ac081affffff,,,
876ac6d1affffff,,,
876ade918ffffff,,,
876ac28a3ffffff,,,
876ac4705ffffff,,,
876ada4a1ffffff,,,
876ac6af3ffffff,,,
876ad0a90ffffff,,,
876ac4c91ffffff,,,
876ade165ffffff,,,
8796d6a9affffff,,,
876ac20f0ffffff,,,
8796d2623ffffff,,,
876ac5db4ffffff,,,
876ad1bb3ffffff,,,
8796d4485ffffff,,,
876ad3a15ffffff,,,
8796d000effffff,,,
876ae34d8ffffff,,,
876ad30a5ffffff,,,
876ad1400ffffff,,,
8796d3cd2ffffff,,,
876ad3262ffffff,,,
876ad1243ffffff,,,
876ac5444ffffff,,,
876ae331bffffff,,,
876ac6cb0ffffff,,,
876ade8aeffffff,,,
876ac469bffffff,,,
8796d2d6cffffff,,,
8796d6a30ffffff,,,
876ad3858ffffff,,,
8796d612affffff,,,
876ac2086ffffff,,,
876ac5d4affffff,,,
876ad1b49ffffff,,,
8796d2466ffffff,,,
876ad39abffffff,,,
876ae3aceffffff,,,
876ac3d95ffffff,,,
8796d0604ffffff,,,
876ad1396ffffff,,,
8796d3c68ffffff,,,
876ac00d1ffffff,,,
876ad505affffff,,,
8796d68ddffffff,,,
8796d34b5ffffff,,,
876ac6c46ffffff,,,
87968920affffff,,,
876ac63aaffffff,,,
8796d2c19ffffff,,,
876ac4548ffffff,,,
876ade844ffffff,,,
876ac096dffffff,,,
876ac26e6ffffff,,,
876ac4631ffffff,,,
8796d2d02ffffff,,,
876ac0884ffffff,,,
876ac6493ffffff,,,
8796892f3ffffff,,,
876ad2292ffffff,,,
876ade091ffffff,,,
876ac201cffffff,,,
8796d06edffffff,,,
876ac6b5dffffff,,,
876ac5ce0ffffff,,,
8796d6213ffffff,,,
876ad3941ffffff,,,
876ad57a3ffffff,,,
876ac552dffffff,,,
876ad132cffffff,,,
876ad318effffff,,,
8796d344bffffff,,,
876ac0903ffffff,,,
876ac2765ffffff,,,
876ad12adffffff,0.03,2025-09,valid
8796d2c98ffffff,,,
876ac6429ffffff,,,
879689289ffffff,,,
876ac54aeffffff,,,
8796d695cffffff,,,
876ac0150ffffff,,,
8796d0683ffffff,,,
8796d24e5ffffff,,,
876ac5c76ffffff,,,
876ad1a75ffffff,,,
876af17aeffffff,,,
8796d61a9ffffff,,,
876ad38c2ffffff,,,
876ac54c3ffffff,,,
876af1799ffffff,,,
876ad1a60ffffff,,,
876ad12c2ffffff,,,
876ac5c61ffffff,,,
8796d24d0ffffff,,,
876ad3124ffffff,,,
876ac4d10ffffff,,,
8796d066effffff,,,
876ac6b72ffffff,,,
876ac0899ffffff,,,
876ac455dffffff,,,
8796d2c2effffff,,,
876ad035cffffff,,,
876ade012ffffff,,,
876ad2213ffffff,,,
876adc1b0ffffff,,,
879689274ffffff,,,
876ac6414ffffff,,,
876ad03b1ffffff,,,
8796d2c83ffffff,,,
876ac45b2ffffff,,,
8796d68f2ffffff,,,
876ac2750ffffff,,,
876ac00e6ffffff,,,
8796d0619ffffff,,,
876ac3daaffffff,,,
876ae3ae3ffffff,,,
876ac08eeffffff,,,
876ac5c0cffffff,,,
876ad1a0bffffff,,,
876af1744ffffff,,,
876ad386dffffff,,,
8796d3436ffffff,,,
876ad0b64ffffff,,,
876ac4d65ffffff,,,
876ac5459ffffff,,,
876ad1258ffffff,,,
876ac4ca6ffffff,,,
876ac6b08ffffff,,,
876adc8a4ffffff,,,
876ac2691ffffff,,,
876ac44f3ffffff,,,
876ad02f2ffffff,,,
876ac6355ffffff,,,
876af1050ffffff,,,
8796d6888ffffff,,,
8796d2411ffffff,,,
876ac5518ffffff,,,
876ac5ba2ffffff,,,
876ad19a1ffffff,,,
876af16daffffff,,,
8796d60d5ffffff,,,
876ad3803ffffff,,,
876ad5665ffffff,,,
876ae32c6ffffff,,,
876ad578effffff,,,
876ad3050ffffff,,,
876ad392cffffff,,,
876ac6a9effffff,,,
876ade69cffffff,,,
876ad1acaffffff,,,
876ac5ccbffffff,,,
876ac4489ffffff,,,
8796d2b5affffff,,,
876ad0288ffffff,,,
876ac62ebffffff,,,
8796d06d8ffffff,,,
8796d681effffff,,,
876ac0012ffffff,,,
8796d0545ffffff,,,
876ac01a5ffffff,,,
876af1670ffffff,,,
8796d69b1ffffff,,,
8796d606bffffff,,,
876ad3799ffffff,,,
876ae325cffffff,,,
8796892deffffff,,,
876ac5385ffffff,,,
8796d2cedffffff,,,
876ac461cffffff,,,
876ad1184ffffff,,,
876ac2d70ffffff,,,
876ac6a34ffffff,,,
876ac0958ffffff,,,
876ac075bffffff,,,
8796d0c8effffff,,,
8796d2af0ffffff,,,
876ad021effffff,,,
876ac6281ffffff,,,
876ac6c31ffffff,,,
8796d34a0ffffff,,,
8796d67b4ffffff,,,
8796d04dbffffff,,,
876ad18cdffffff,,,
876af1606ffffff,,,
8796d6001ffffff,,,
876ad5045ffffff,,,
876ad111affffff,,,
876ac2d06ffffff,,,
876ac4b68ffffff,,,
8796d3c53ffffff,,,
876ad1381ffffff,,,
876ac5582ffffff,,,
876ac06f1ffffff,,,
876ac2553ffffff,,,
876ac43b5ffffff,,,
8796d2a86ffffff,,,
8796d674affffff,,,
876ad3996ffffff,,,
8796d6268ffffff,,,
8796d0471ffffff,,,
8796d22d3ffffff,,,
876ad1b34ffffff,,,
876ac5d35ffffff,,,
8796d25a4ffffff,,,
876ad1863ffffff,,,
8796d0742ffffff,,,
876ad36c5ffffff,,,
876ac2071ffffff,,,
876ad10b0ffffff,,,
8796d3982ffffff,,,
876aded11ffffff,,,
876ac2c9cffffff,,,
8796d6a1bffffff,,,
876ade0e6ffffff,,,
876ac6960ffffff,,,
876ade55effffff,,,
876ac64e8ffffff,,,
876ada422ffffff,2.6272679077332577,2026-07,valid
876ac24e9ffffff,,,
876ac4686ffffff,,,
876ac434bffffff,,,
8796d2a1cffffff,,,
876ad014affffff,,,
876ac2824ffffff,,,
876ac61adffffff,,,
8796d66e0ffffff,,,
876ade899ffffff,,,
8796d2269ffffff,,,
876af1532ffffff,,,
876ac6c9bffffff,,,
876ad365bffffff,,,
8796d350affffff,,,
876ad1046ffffff,,,
8796d3918ffffff,,,
876ac2c32ffffff,,,
876ac4a94ffffff,,,
8796d3165ffffff,,,
876ac68f6ffffff,,,
876ade4f4ffffff,,,
876ac061dffffff,,,
876ac42e1ffffff,,,
8796d29b2ffffff,,,
876ad324dffffff,,,
876ad00e0ffffff,,,
876ac6143ffffff,,,
8796d6676ffffff,,,
8796d039dffffff,,,
876ae34c3ffffff,,,
876ac5990ffffff,,,
876af14c8ffffff,,,
876ad5862ffffff,,,
8796d38aeffffff,,,
876ad3a00ffffff,,,
8796d62d2ffffff,,,
876ad1b9effffff,,,
876ac0d66ffffff,,,
876ac4a2affffff,,,
8796d260effffff,,,
876ac688cffffff,,,
8796d07acffffff,,,
876ade48affffff,,,
876ac05b3ffffff,,,
876ac2415ffffff,,,
876ac20dbffffff,,,
8796d2948ffffff,,,
876ad0076ffffff,,,
876ac60d9ffffff,,,
8796d6a85ffffff,,,
876ade150ffffff,,,
8796d660cffffff,,,
876af3a73ffffff,,,
876ac6552ffffff,,,
876ada48cffffff,,,
8796d0333ffffff,,,
876ac46f0ffffff,,,
8796d2195ffffff,,,
876ac5926ffffff,,,
876ac288effffff,,,
876ad1725ffffff,,,
876af145effffff,,,
876af32c0ffffff,,,
876ac0a2cffffff,0.024430645642003094,2026-06,valid
876ac5173ffffff,,,
8796d3844ffffff,,,
876ade903ffffff,,,
876adcd71ffffff,,,
876ac2b5effffff,,,
8796d3091ffffff,,,
876ac6d05ffffff,,,
8796d3574ffffff,,,
876ac6822ffffff,,,
876ade420ffffff,,,
876ac0549ffffff,,,
876ac23abffffff,,,
876ac420dffffff,,,
8796d28deffffff,,,
876ad000cffffff,,,
876af3a09ffffff,,,
876ad3cd0ffffff,,,
876ad5b32ffffff,,,
8796d02c9ffffff,,,
8796d212bffffff,,,
876af3256ffffff,,,
876ad351dffffff,,,
876ac5109ffffff,,,
876ad1455ffffff,,,
876ac0c92ffffff,,,
876ac2af4ffffff,,,
876ac4956ffffff,,,
876ad0755ffffff,,,
876adc554ffffff,,,
876ad3a6affffff,,,
876ac41a3ffffff,,,
8796d2874ffffff,,,
876ad1c08ffffff,,,
876ac6005ffffff,,,
876ad5ac8ffffff,,,
8796d20c1ffffff,,,
876ac5852ffffff,,,
876ac2145ffffff,,,
876ad1651ffffff,,,
876af138affffff,,,
876ad34b3ffffff,,,
876ad5315ffffff,,,
876aeed75ffffff,,,
8796d3770ffffff,,,
876adcc9dffffff,,,
876ac0c28ffffff,,,
876ac2a8affffff,,,
876ac48ecffffff,,,
876ac475affffff,,,
876aee430ffffff,,,
876ad06ebffffff,,,
876ac674effffff,,,
876ac0a96ffffff,,,
876ac0475ffffff,,,
8796d280affffff,,,
876ade96dffffff,,,
876af1ad3ffffff,,,
876ad1d9affffff,,,
8796d64ceffffff,0.07076931182285216,2026-07,valid
876adaca9ffffff,,,
876ad5a5effffff,,,
876af1320ffffff,,,
876ad3449ffffff,,,
876ad52abffffff,,,
876aeed0bffffff,,,
876ac5035ffffff,,,
8796d3706ffffff,,,
876adcc33ffffff,,,
876ac2a20ffffff,,,
876aee558ffffff,,,
876ac4882ffffff,,,
876ad3321ffffff,,,
876ac66e4ffffff,,,
8796d3d91ffffff,,,
876adc480ffffff,,,
876ac040bffffff,,,
8796d00cdffffff,,,
8796d27a0ffffff,,,
876ad1d30ffffff,,,
876af1a69ffffff,,,
8796d6464ffffff,0.08000000000002329,2026-07,valid
876ad3b92ffffff,,,
8796d018bffffff,,,
876ae3655ffffff,,,
876ad3ad4ffffff,,,
8796d63a6ffffff,,,
876af12b6ffffff,,,
876ad1c72ffffff,,,
876ad5241ffffff,,,
8796d26e2ffffff,,,
876aeeca1ffffff,,,
876ac4011ffffff,,,
8796d369cffffff,,,
876ac0b54ffffff,,,
876ac29b6ffffff,,,
876aee4eeffffff,,,
876ac4818ffffff,,,
876ada5b4ffffff,,,
876adc416ffffff,,,
8796d6badffffff,,,
876ac6626ffffff,,,
876ac4065ffffff,,,
8796d2736ffffff,,,
876aee49affffff,,,
876ad1cc6ffffff,,,
8796d4598ffffff,,,
876ad3b28ffffff,,,
876ae269bffffff,,,
876ac2962ffffff,,,
876af3861ffffff,,,
876ac0b00ffffff,,,
876ac5714ffffff,,,
876af124cffffff,,,
876ad1513ffffff,,,
876ad3375ffffff,,,
8796d3632ffffff,,,
8796d3648ffffff,,,
876adad13ffffff,,,
876ac294cffffff,,,
876ae2685ffffff,,,
876aee484ffffff,,,
876ac47aeffffff,,,
876ac6610ffffff,,,
876ac2199ffffff,,,
876ad338bffffff,,,
8796d26ccffffff,,,
876ad1c5cffffff,,,
876ad1529ffffff,,,
876af1262ffffff,,,
876ac572affffff,,,
8796d6390ffffff,,,
876ad5920ffffff,,,
876ac56aaffffff,,,
876ad14a9ffffff,,,
876ad330bffffff,,,
876ad516dffffff,,,
876adac93ffffff,0.030250631311777434,2026-07,valid
876ac6d59ffffff,,,
876ac0a80ffffff,,,
876af1a15ffffff,,,
8796d45aeffffff,,,
876ad1cdcffffff,,,
876ac28e2ffffff,,,
876ae261bffffff,,,
876aee41affffff,,,
8796d274cffffff,,,
876ac4744ffffff,,,
876ac65a6ffffff,,,
876ade1a4ffffff,,,
8796d6ad9ffffff,,,
8796d2662ffffff,,,
8796d6326ffffff,,,
876ad3a54ffffff,,,
876adc42cffffff,,,
876ac6690ffffff,,,
876ad062dffffff,,,
876ac482effffff,,,
876aee504ffffff,,,
8796d3d11ffffff,,,
876ad32a1ffffff,,,
8796d355effffff,,,
876ac0b6affffff,0.04,2026-06,valid
876ade8edffffff,,,
876ac0a16ffffff,,,
876ac46daffffff,,,
8796d2dabffffff,,,
8796d36b2ffffff,,,
876ac20c5ffffff,,,
8796d0796ffffff,,,
876ac5d89ffffff,,,
876ad1b88ffffff,,,
876ad584cffffff,,,
876ae34adffffff,,,
8796d34f4ffffff,,,
876ac6c85ffffff,,,
876ad1593ffffff,,,
876af12ccffffff,,,
876ac5794ffffff,,,
8796d2003ffffff,,,
876ade883ffffff,0.057902414156184946,2026-07,valid
876ae366bffffff,,,
8796d01a1ffffff,,,
876ac09acffffff,,,
876ac280effffff,,,
876ac4670ffffff,,,
8796d2d41ffffff,,,
876ad5a0affffff,,,
876ac64d2ffffff,,,
876ad3ba8ffffff,,,
876ad22d1ffffff,,,
876ade0d0ffffff,,,
8796d6a05ffffff,,,
876ad1d46ffffff,,,
876ac205bffffff,,,
8796d072cffffff,,,
8796d27b6ffffff,,,
8796d258effffff,0.05000000000001164,2026-07,valid
876ad1b1effffff,,,
876ac40e5ffffff,,,
8796d6252ffffff,,,
876ad3980ffffff,,,
876ac556cffffff,,,
876ad136bffffff,,,
876ac0421ffffff,,,
8796d348affffff,,,
876ac6c1bffffff,,,
876ade819ffffff,,,
876adc496ffffff,,,
876ac0942ffffff,,,
876ac27a4ffffff,,,
876ac4606ffffff,,,
876ac4898ffffff,,,
876aee56effffff,,,
876ac6468ffffff,,,
8796892c8ffffff,,,
876ac2a36ffffff,,,
876ade066ffffff,,,
8796d699bffffff,,,
8796d06c2ffffff,,,
8796d2524ffffff,,,
876ac5cb5ffffff,,,
876ad1ab4ffffff,,,
876ad3916ffffff,,,
876adcc49ffffff,,,
8796d371cffffff,,,
876ac504bffffff,,,
876ac5502ffffff,,,
876aeed21ffffff,,,
876ad1301ffffff,,,
876ad3163ffffff,,,
876ad0b4effffff,,,
8796d3420ffffff,,,
876ac6bb1ffffff,,,
876ad52c1ffffff,,,
876ac08d8ffffff,,,
876ac459cffffff,,,
8796d2c6dffffff,,,
876ad039bffffff,,,
87968925effffff,,,
876af1336ffffff,,,
876adc19affffff,,,
8796d6931ffffff,,,
8796d206dffffff,,,
876ac0125ffffff,,,
8796d0658ffffff,,,
876ae36d5ffffff,,,
8796d020bffffff,,,
876ac5c4bffffff,,,
876ad1a4affffff,,,
876af1783ffffff,,,
876ad38acffffff,,,
876ad570effffff,,,
876ad5a74ffffff,,,
876ac5498ffffff,,,
876af394bffffff,,,
876ac4ce5ffffff,,,
876ad1db0ffffff,,,
876af1ae9ffffff,,,
8796d33b6ffffff,,,
8796d2820ffffff,,,
876ac086effffff,,,
876ac26d0ffffff,,,
876ac4532ffffff,,,
8796d2c03ffffff,,,
876ac048bffffff,,,
876ad0331ffffff,,,
876ac6394ffffff,,,
876adc130ffffff,,,
876adc500ffffff,,,
8796d2450ffffff,,,
876ac6764ffffff,,,
876ad0701ffffff,,,
876af1719ffffff,,,
876ac4902ffffff,,,
8796d6114ffffff,,,
876ad3842ffffff,,,
876ad56a4ffffff,,,
876ae3305ffffff,,,
876ac2aa0ffffff,,,
876ac542effffff,,,
876ad122dffffff,,,
876ac6addffffff,,,
876ac0804ffffff,,,
876adeb15ffffff,,,
876ac2666ffffff,,,
876ac44c8ffffff,,,
876adccb3ffffff,,,
8796d2b99ffffff,,,
876ac632affffff,,,
8796d3786ffffff,,,
8796d685dffffff,,,
876ac50b5ffffff,,,
876aeed8bffffff,,,
876ac0051ffffff,,,
8796d0584ffffff,,,
876ae3a4effffff,,,
876ad1976ffffff,,,
8796d60aaffffff,,,
876ae329bffffff,,,
876ad532bffffff,,,
876ad34c9ffffff,,,
876ad3025ffffff,,,
876af13a0ffffff,,,
876ac5868ffffff,,,
876ac4c11ffffff,,,
876ac6a73ffffff,,,
8796d0275ffffff,,,
876ac079affffff,,,
876ad5adeffffff,,,
8796d0ccdffffff,,,
876ac445effffff,,,
876ad025dffffff,,,
876ac62c0ffffff,,,
876af1b53ffffff,,,
876ac601bffffff,,,
8796d051affffff,,,
8796d288affffff,,,
876ac5b0dffffff,,,
876ad190cffffff,,,
876af1645ffffff,,,
8796d6040ffffff,,,
876ad376effffff,,,
876ae3231ffffff,,,
876ad1159ffffff,,,
876ac04f5ffffff,,,
876ac2d45ffffff,,,
876adc56affffff,,,
876ac6a09ffffff,,,
876ad076bffffff,,,
876ac496cffffff,,,
876ac0730ffffff,,,
876ac2b0affffff,,,
876ac2592ffffff,,,
876ae22cbffffff,,,
876ac0ca8ffffff,,,
8796d2ac5ffffff,,,
876ac6256ffffff,,,
8796d6789ffffff,,,
8796d04b0ffffff,,,
876adcd1dffffff,,,
8796d2312ffffff,,,
876ac5aa3ffffff,,,
876ad18a2ffffff,,,
876ad3704ffffff,,,
876aded50ffffff,,,
876ac2cdbffffff,,,
876ad5395ffffff,,,
876ade59dffffff,,,
876ad3533ffffff,,,
876af326cffffff,,,
876ac2528ffffff,,,
876af140affffff,,,
876ad16d1ffffff,,,
876ac438affffff,,,
876ac58d2ffffff,,,
8796d2141ffffff,,,
8796d2a5bffffff,,,
8796d0446ffffff,,,
8796d22a8ffffff,,,
876ad5b48ffffff,,,
876af1571ffffff,,,
876ad369affffff,,,
876ad1085ffffff,,,
876ac6085ffffff,,,
876ad0022ffffff,,,
8796d28f4ffffff,,,
876adece6ffffff,,,
876ac4223ffffff,,,
876ac2c71ffffff,,,
876ac4ad3ffffff,,,
8796d31a4ffffff,,,
876ac6935ffffff,,,
876ade533ffffff,,,
8796d6d6bffffff,,,
876ade436ffffff,,,
876ac4320ffffff,,,
876ac6182ffffff,,,
8796d66b5ffffff,,,
876af3b1cffffff,,,
876af3369ffffff,,,
876ad3630ffffff,,,
876ac2b74ffffff,,,
876ad101bffffff,,,
8796d38edffffff,,,
876ac0d12ffffff,,,
876ac0da5ffffff,,,
876ac4a69ffffff,,,
876ac68cbffffff,,,
876ad26caffffff,,,
876ade4c9ffffff,0.03382667998691286,2026-07,valid
876ac2454ffffff,,,
8796d385affffff,,,
876ac42b6ffffff,,,
876ac5189ffffff,,,
876ac6118ffffff,,,
8796d664bffffff,,,
876ac5965ffffff,,,
876ad1764ffffff,,,
876af149dffffff,,,
876ad359dffffff,,,
876af32d6ffffff,,,
876ac51b2ffffff,,,
876af1474ffffff,,,
8796d3883ffffff,,,
876adcdb0ffffff,,,
8796d21abffffff,,,
876adec12ffffff,,,
876ac2b9dffffff,,,
8796d30d0ffffff,,,
876ac6861ffffff,,,
876ad2660ffffff,,,
876ac0588ffffff,,,
876ac424cffffff,,,
8796d291dffffff,,,
8796d6622ffffff,,,
876ad004bffffff,,,
876ac60aeffffff,,,
876af3a48ffffff,,,
876ad5b71ffffff,,,
876ad008cffffff,,,
8796d295effffff,,,
8796d216affffff,,,
876ac428dffffff,,,
876af1433ffffff,,,
876ad355cffffff,,,
876ac242bffffff,,,
876ac5148ffffff,,,
8796d3819ffffff,,,
876adcd46ffffff,,,
876ac0cd1ffffff,,,
876ac2b33ffffff,,,
876ac4995ffffff,,,
876ade4a0ffffff,,,
8796d3066ffffff,,,
876adc593ffffff,,,
876ac051effffff,,,
876ac68a2ffffff,,,
8796d3111ffffff,,,
876ac2380ffffff,,,
876ac4a40ffffff,,,
8796d28b3ffffff,,,
876ac6044ffffff,,,
8796d029effffff,,,
8796d2100ffffff,,,
876ac5891ffffff,,,
876ad1690ffffff,,,
876af322bffffff,,,
876ad34f2ffffff,,,
876ad5354ffffff,,,
876aeedb4ffffff,,,
876adec53ffffff,,,
876ac50deffffff,,,
876adccdcffffff,,,
876ac2ac9ffffff,,,
8796d38c4ffffff,,,
876ac492bffffff,,,
876ad072affffff,,,
876ac678dffffff,,,
876adc529ffffff,,,
8796d6cc0ffffff,,,
876ac04b4ffffff,,,
876ac2316ffffff,,,
8796d2849ffffff,,,
876af3974ffffff,,,
876ad5a9dffffff,,,
8796d0234ffffff,,,
8796d2096ffffff,,,
876ad1626ffffff,,,
876ad3488ffffff,,,
876af14deffffff,,,
876ad17a5ffffff,,,
876ad52eaffffff,,,
876ac59a6ffffff,,,
8796d2215ffffff,,,
876aeed4affffff,,,
8796d03b3ffffff,,,
876ac5074ffffff,,,
8796d3745ffffff,,,
876adcc72ffffff,,,
876ae2798ffffff,,,
876ac48c1ffffff,,,
8796d668cffffff,,,
876ac6723ffffff,,,
876af1c91ffffff,,,
8796d6c56ffffff,,,
876ac6159ffffff,,,
876ac044affffff,,,
876ad00f6ffffff,,,
876ac410effffff,,,
876ac2495ffffff,,,
876af1aa8ffffff,,,
876ad5a33ffffff,,,
876ac0633ffffff,,,
876ae3694ffffff,,,
8796d202cffffff,,,
876ade50affffff,,,
876af12f5ffffff,,,
876ad341effffff,,,
876ad5280ffffff,,,
876ac690cffffff,,,
876aeece0ffffff,,,
876ac500affffff,,,
876ac4aaaffffff,,,
876adada6ffffff,,,
8796d36dbffffff,,,
876ac2c48ffffff,,,
876adcc08ffffff,,,
876ac0b93ffffff,,,
876aee52dffffff,,,
876ad0656ffffff,,,
876adc455ffffff,,,
876ac40a4ffffff,,,
8796d2775ffffff,,,
8796d392effffff,,,
876ad105cffffff,,,
876ad1d05ffffff,,,
876af128bffffff,,,
876ad1552ffffff,,,
876ad33b4ffffff,,,
876ad5216ffffff,,,
876aeec76ffffff,,,
8796d3671ffffff,,,
876ad3671ffffff,,,
876ac0b29ffffff,,,
876af1548ffffff,,,
876ac298bffffff,,,
876ac5a10ffffff,,,
876ae26c4ffffff,,,
876aee4c3ffffff,,,
876ada589ffffff,,,
8796d041dffffff,,,
8796d6b82ffffff,,,
8796d270bffffff,,,
876ad1c9bffffff,,,
876af3b5dffffff,,,
8796d66f6ffffff,,,
8796d00f6ffffff,,,
876af1221ffffff,,,
8796d2a32ffffff,,,
876ad14e8ffffff,,,
876ac4361ffffff,,,
876ad334affffff,,,
876aeec0cffffff,,,
876adacd2ffffff,0.04000000000000582,2026-07,valid
876ac6d98ffffff,,,
876ac069dffffff,,,
876ade996ffffff,,,
876ade574ffffff,,,
876ac2921ffffff,,,
876ae265affffff,,,
876ac4783ffffff,,,
876ac6976ffffff,,,
876ac4b14ffffff,,,
8796d6b18ffffff,,,
876ac216effffff,,,
876ac2cb2ffffff,,,
8796d26a1ffffff,,,
876ad1c31ffffff,,,
8796d6365ffffff,,,
876ad3a93ffffff,,,
8796d008cffffff,,,
8796d3d50ffffff,,,
876ad32e0ffffff,,,
8796d3998ffffff,,,
876ad10c6ffffff,,,
8796d359dffffff,,,
876ac6d2effffff,,,
876ade92cffffff,,,
876ac0a55ffffff,,,
876ac4719ffffff,,,
876ada4b5ffffff,,,
8796d6aaeffffff,,,
876ad36dbffffff,,,
876ac2104ffffff,,,
8796d4499ffffff,,,
876ad3a29ffffff,,,
8796d22e9ffffff,,,
876ae34ecffffff,,,
876ad1414ffffff,,,
8796d3ce6ffffff,,,
876ad3276ffffff,,,
876ad50d8ffffff,,,
8796d3533ffffff,,,
876ac6cc4ffffff,,,
8796d6760ffffff,,,
876ade8c2ffffff,,,
876ac284dffffff,,,
876ac622dffffff,,,
8796d2a9cffffff,,,
8796d2d80ffffff,,,
876ac6511ffffff,,,
8796d6a44ffffff,,,
876ac2569ffffff,,,
876ac209affffff,,,
8796d076bffffff,,,
876ac5d5effffff,,,
876ad1b5dffffff,,,
8796d6291ffffff,,,
876ae3482ffffff,,,
876ac55abffffff,,,
876ad13aaffffff,,,
876ad320cffffff,,,
876ad506effffff,,,
8796d34c9ffffff,,,
876ac6c5affffff,,,
876ac2d1cffffff,,,
876ade858ffffff,,,
876ac0981ffffff,,,
876ac4645ffffff,,,
8796d2d16ffffff,,,
876ad22a6ffffff,,,
876aded91ffffff,,,
876ade0a5ffffff,0.06975178681808361,2026-07,valid
876ac2030ffffff,,,
8796d0701ffffff,,,
8796d2563ffffff,,,
876ad1130ffffff,,,
876ac5cf4ffffff,,,
876ac5331ffffff,,,
876ad1af3ffffff,,,
876ad3955ffffff,,,
876ae3208ffffff,,,
876ae3418ffffff,,,
876ac5541ffffff,,,
876ad1340ffffff,,,
8796d3c12ffffff,,,
876ad31a2ffffff,,,
876ac4d8effffff,,,
876ad3745ffffff,,,
876adc98cffffff,,,
876af161cffffff,,,
876ad18e3ffffff,,,
876ac5ae4ffffff,,,
8796d2353ffffff,,,
8796d2cacffffff,,,
8796d04f1ffffff,,,
87968929dffffff,,,
8796d6970ffffff,,,
876ac0164ffffff,,,
876ac5c8affffff,,,
876ad1a89ffffff,,,
876ad38ebffffff,,,
876ad574dffffff,,,
876adc033ffffff,,,
876ad12d6ffffff,,,
876ad0234ffffff,,,
8796d2b06ffffff,,,
8796d1593ffffff,,,
876ac4435ffffff,,,
876ac4d24ffffff,,,
8796d0ca4ffffff,,,
876ac6b86ffffff,,,
876ade784ffffff,0.160776058407942,2026-07,valid
876ac0771ffffff,,,
876ac08adffffff,,,
876ac4571ffffff,,,
8796d2c42ffffff,,,
876ad0370ffffff,,,
876ac6a4affffff,,,
879689233ffffff,,,
8796d6906ffffff,,,
8796d062dffffff,,,
876ac5c20ffffff,,,
876ac2d86ffffff,,,
876af1758ffffff,,,
8796d6153ffffff,,,
876ad3881ffffff,,,
876ad56e3ffffff,,,
876ae3344ffffff,,,
876ac546dffffff,,,
876ad126cffffff,,,
876ad30ceffffff,,,
8796d338bffffff,,,
876ad119affffff,,,
876ac6b1cffffff,,,
876ac0843ffffff,,,
876ac26a5ffffff,,,
876ae3272ffffff,,,
876ad0306ffffff,,,
876ac6369ffffff,,,
876adc105ffffff,,,
8796d689cffffff,,,
876ad5611ffffff,,,
876ac0090ffffff,,,
8796d6081ffffff,,,
8796d2425ffffff,,,
876ac5bb6ffffff,,,
876af1686ffffff,,,
876ad194dffffff,,,
876af16eeffffff,,,
876ad19b5ffffff,,,
8796d60e9ffffff,,,
876ae32daffffff,,,
8796d055bffffff,,,
876ac5403ffffff,,,
876ad1202ffffff,,,
876ad3064ffffff,,,
876ac4c50ffffff,,,
876ac0028ffffff,,,
876ac6ab2ffffff,,,
8796d6834ffffff,,,
876adc09dffffff,,,
876ac6301ffffff,,,
876ad029effffff,,,
8796d2b70ffffff,,,
876ac449dffffff,,,
8796d2b6effffff,,,
876ad029cffffff,,,
876adc09bffffff,,,
8796d6832ffffff,,,
876ac0026ffffff,,,
8796d0559ffffff,,,
876ae3a23ffffff,,,
876ad194bffffff,,,
876af1684ffffff,,,
876ad37adffffff,,,
876ae3270ffffff,,,
876ade6b2ffffff,,,
876ad1198ffffff,,,
876ac6ab4ffffff,,,
876ad0a51ffffff,,,
876ac4c52ffffff,,,
876ac2d84ffffff,,,
876ac6a48ffffff,,,
8796d0ca2ffffff,,,
876ac4433ffffff,,,
8796d2b04ffffff,,,
876ad0232ffffff,,,
876ac6295ffffff,,,
876ad3066ffffff,,,
876ad1204ffffff,,,
8796d2351ffffff,,,
876ac5405ffffff,,,
876ac5ae2ffffff,,,
876ad18e1ffffff,,,
876ae32dcffffff,,,
876af161affffff,,,
8796d6015ffffff,,,
876ad3743ffffff,,,
876ae3206ffffff,,,
876ad112effffff,,,
876ac2d1affffff,,,
876ad3819ffffff,,,
8796d60ebffffff,,,
876af16f0ffffff,,,
876ac0705ffffff,,,
8796d2a9affffff,,,
876ac622bffffff,,,
8796d675effffff,,,
8796d0485ffffff,,,
876ac0092ffffff,,,
876ad36d9ffffff,,,
8796d689effffff,,,
876ad10c4ffffff,,,
876ac636bffffff,,,
8796d3996ffffff,,,
876ad0308ffffff,,,
876aded25ffffff,,,
876ac4509ffffff,,,
876ac2cb0ffffff,,,
876ac4b12ffffff,,,
876ac6974ffffff,,,
876ac0845ffffff,,,
876ade572ffffff,,,
876ac069bffffff,,,
8796d2a30ffffff,,,
876ad015effffff,,,
876ac6b1effffff,,,
8796d66f4ffffff,,,
876af3b5bffffff,,,
876aee992ffffff,,,
8796d041bffffff,,,
876ac5a0effffff,,,
876ad180dffffff,,,
876af1546ffffff,,,
876ad105affffff,,,
8796d392cffffff,,,
876ac2c46ffffff,,,
876ac4aa8ffffff,,,
876ad30d0ffffff,,,
876ac690affffff,,,
876ad126effffff,,,
876ade508ffffff,,,
876ac0631ffffff,,,
876ac2493ffffff,,,
876ac42f5ffffff,,,
876ad00f4ffffff,,,
876ae3346ffffff,,,
8796d668affffff,,,
876af3af1ffffff,,,
8796d03b1ffffff,,,
876ad56e5ffffff,,,
8796d2213ffffff,,,
876ac59a4ffffff,,,
876ad17a3ffffff,,,
876ad3883ffffff,,,
8796d6155ffffff,,,
876af14dcffffff,,,
876af175affffff,,,
876ad1a21ffffff,,,
876ad3605ffffff,,,
876ac5c22ffffff,,,
8796d2491ffffff,,,
8796d38c2ffffff,,,
876adec51ffffff,,,
876ac68a0ffffff,,,
876ade49effffff,,,
876ac2429ffffff,,,
876ac428bffffff,,,
8796d295cffffff,,,
876ad008affffff,,,
876ac60edffffff,,,
8796d6908ffffff,,,
8796d6620ffffff,,,
879689235ffffff,,,
8796d21a9ffffff,,,
876ad0372ffffff,,,
8796d2c44ffffff,,,
876ac4573ffffff,,,
876af1472ffffff,,,
876af32d4ffffff,,,
876ac2711ffffff,,,
876ad359bffffff,,,
8796d3858ffffff,,,
876adcd85ffffff,,,
876ade786ffffff,,,
876ac0d10ffffff,,,
876ac2b72ffffff,,,
8796d30a5ffffff,,,
876ac6b88ffffff,,,
876ac6836ffffff,,,
876ac4d26ffffff,,,
8796d1595ffffff,,,
876ade434ffffff,,,
8796d6d69ffffff,,,
876ac055dffffff,,,
876ac4221ffffff,,,
8796d28f2ffffff,,,
876ad0020ffffff,,,
876ac6083ffffff,,,
876af3a1dffffff,,,
876ad5b46ffffff,,,
8796d02ddffffff,,,
876ac58d0ffffff,,,
876af1408ffffff,,,
876af326affffff,,,
876ad12d8ffffff,,,
876ac54d9ffffff,,,
876ad5393ffffff,,,
876ac511dffffff,,,
876adcd1bffffff,,,
876ac0ca6ffffff,,,
876ac2b08ffffff,,,
876ac496affffff,,,
876ad0769ffffff,,,
876adc568ffffff,,,
876ad38edffffff,,,
876ac04f3ffffff,,,
876ad1a8bffffff,,,
876ac5c8cffffff,,,
8796d2888ffffff,,,
876ac6019ffffff,,,
876af1b51ffffff,,,
8796d654cffffff,,,
8796d0699ffffff,,,
876ad5adcffffff,,,
8796d0273ffffff,,,
8796d20d5ffffff,,,
876ac5866ffffff,,,
876ad1665ffffff,,,
876ac0166ffffff,,,
876af139effffff,,,
8796d6972ffffff,,,
876ad5329ffffff,,,
876aeed89ffffff,,,
876ac50b3ffffff,,,
8796d3784ffffff,,,
876adccb1ffffff,,,
8796d2caeffffff,,,
876ac2a9effffff,,,
876ac4900ffffff,,,
876ac6762ffffff,,,
876ac0489ffffff,,,
876ac0919ffffff,,,
876ac414dffffff,,,
8796d281effffff,,,
876ad1daeffffff,,,
876af3949ffffff,,,
876adc98effffff,,,
876ad5a72ffffff,,,
8796d3461ffffff,,,
8796d0209ffffff,,,
876ac4d90ffffff,,,
876ae36d3ffffff,,,
8796d206bffffff,,,
876af1334ffffff,,,
876ad345dffffff,,,
876ac5049ffffff,,,
8796d371affffff,,,
876ac2a34ffffff,,,
876aee56cffffff,,,
876ac4896ffffff,,,
876adc494ffffff,,,
8796d3c14ffffff,,,
876ad1342ffffff,,,
876ac5543ffffff,,,
876ae341affffff,,,
876ac40e3ffffff,,,
8796d27b4ffffff,,,
876ad1d44ffffff,,,
876ad3ba6ffffff,,,
876ad5a08ffffff,,,
876ae3669ffffff,,,
8796d2001ffffff,,,
8796d6229ffffff,,,
876ac5792ffffff,,,
876af12caffffff,,,
876ad1af5ffffff,,,
876ad1591ffffff,,,
876ac5cf6ffffff,,,
8796d2565ffffff,,,
876ad5255ffffff,,,
876aeecb5ffffff,,,
8796d36b0ffffff,,,
8796d0703ffffff,,,
876ac2032ffffff,,,
876ac0b68ffffff,,,
876aee502ffffff,,,
876ac482cffffff,,,
876ad062bffffff,,,
876ac668effffff,,,
876adc42affffff,,,
876ad22a8ffffff,,,
876ac03b5ffffff,,,
876ac64a9ffffff,,,
8796d2d18ffffff,,,
8796d274affffff,,,
876ad1cdaffffff,,,
8796d45acffffff,,,
876af1a13ffffff,,,
876af3875ffffff,,,
876ac5728ffffff,,,
876ac0983ffffff,,,
876af1260ffffff,,,
876ad3389ffffff,,,
876ade85affffff,,,
876adad11ffffff,,,
8796d3646ffffff,,,
876ac6c5cffffff,,,
8796d34cbffffff,,,
876ac2960ffffff,,,
876ae2699ffffff,,,
876aee498ffffff,,,
876ac6624ffffff,,,
876ac21adffffff,,,
8796d26e0ffffff,,,
876ad1c70ffffff,,,
876ad320effffff,,,
8796d63a4ffffff,,,
876ad13acffffff,,,
876ad3ad2ffffff,,,
876ac55adffffff,,,
8796d00cbffffff,,,
876ae3595ffffff,,,
876ae3484ffffff,,,
876ac6d6dffffff,,,
876ade96bffffff,,,
876ac0a94ffffff,,,
876ac28f6ffffff,,,
8796d6293ffffff,,,
876aee42effffff,,,
876ac4758ffffff,,,
876ac5d60ffffff,,,
8796d6aedffffff,,,
876ac2143ffffff,,,
8796d076dffffff,,,
8796d2676ffffff,,,
876ac209cffffff,,,
876ad1c06ffffff,,,
876ad3a68ffffff,,,
8796d6a46ffffff,,,
876ade111ffffff,,,
876ad1453ffffff,,,
8796d3d25ffffff,,,
876ad32b5ffffff,,,
8796d3572ffffff,,,
876ac6513ffffff,,,
8796d2d82ffffff,0.0006921675635179443,2026-07,valid
876ac46b1ffffff,,,
876ac6d03ffffff,,,
876ade901ffffff,,,
876ac0a2affffff,,,
876ac288cffffff,,,
876ac46eeffffff,,,
876ada48affffff,,,
876ac6550ffffff,,,
876ade8c4ffffff,,,
876ade14effffff,,,
8796d6a83ffffff,,,
876ac6cc6ffffff,,,
8796d3535ffffff,,,
876adac00ffffff,,,
876ac20d9ffffff,,,
8796d07aaffffff,,,
8796d260cffffff,,,
876ac5d9dffffff,,,
876ad1b9cffffff,,,
8796d62d0ffffff,,,
876ad5860ffffff,,,
876ad50daffffff,,,
876ae34c1ffffff,,,
876ad324bffffff,,,
8796d3508ffffff,,,
8796d3ce8ffffff,,,
876ad1416ffffff,,,
876ac6c99ffffff,,,
876ac2822ffffff,,,
876ac4684ffffff,,,
876ada420ffffff,0.04770051116520332,2026-07,valid
876ae34eeffffff,,,
8796d2d55ffffff,,,
876ac64e6ffffff,,,
876ad22e5ffffff,,,
876ade0e4ffffff,,,
8796d6a19ffffff,,,
8796d0740ffffff,,,
876ad3a2bffffff,,,
8796d25a2ffffff,,,
876ac5d33ffffff,,,
8796d449bffffff,,,
876ad1b32ffffff,,,
8796d6266ffffff,,,
876ad3994ffffff,,,
876ac5580ffffff,,,
8796d3c51ffffff,,,
876ac2106ffffff,,,
876ad5043ffffff,,,
8796d349effffff,,,
876ade82dffffff,,,
8796d6ab0ffffff,,,
876ac0956ffffff,,,
876ac461affffff,,,
8796d2cebffffff,,,
8796892dcffffff,,,
876ac471bffffff,,,
876ac01a3ffffff,,,
876ac2005ffffff,,,
8796d06d6ffffff,,,
876ac5cc9ffffff,,,
876ad1ac8ffffff,,,
876ad392affffff,,,
876ad578cffffff,,,
876ade92effffff,,,
876ac5516ffffff,,,
876ad1315ffffff,,,
876af104effffff,,,
876ac6d30ffffff,,,
876ac4d63ffffff,,,
8796d3434ffffff,,,
876adc961ffffff,,,
876ac08ecffffff,,,
876ac274effffff,,,
876ac45b0ffffff,,,
8796d2c81ffffff,,,
876ac6412ffffff,,,
879689272ffffff,,,
876adc1aeffffff,,,
876ad32e2ffffff,,,
8796d3d52ffffff,,,
876ad1480ffffff,,,
876ade010ffffff,,,
8796d6945ffffff,,,
8796d066cffffff,,,
8796d008effffff,,,
8796d24ceffffff,,,
876ad1a5effffff,,,
876ad38c0ffffff,,,
876ac54acffffff,,,
876ad3a95ffffff,,,
876ad12abffffff,,,
876ad310dffffff,,,
876ad1c33ffffff,,,
876ac6b5bffffff,,,
8796d26a3ffffff,,,
876ac0882ffffff,,,
876ac26e4ffffff,,,
8796d0db5ffffff,,,
876ac4546ffffff,,,
876ac2170ffffff,,,
876ad0345ffffff,,,
876ac63a8ffffff,,,
879689208ffffff,,,
8796d68dbffffff,,,
8796d6b1affffff,,,
8796d0602ffffff,,,
876ac3d93ffffff,,,
876ae3accffffff,,,
8796d2464ffffff,,,
876af172dffffff,,,
876ada521ffffff,,,
8796d6128ffffff,,,
876ac4785ffffff,,,
876ad3856ffffff,,,
876ae3319ffffff,,,
876ac5442ffffff,,,
876ae265cffffff,,,
876ac2923ffffff,,,
876ad1241ffffff,,,
876ad30a3ffffff,,,
876ac0ac1ffffff,,,
876ac6af1ffffff,,,
876ade998ffffff,,,
876adc88dffffff,,,
876ac6d9affffff,,,
8796d3609ffffff,,,
876adacd4ffffff,,,
876ac0818ffffff,,,
876aeec0effffff,,,
876aee1b2ffffff,,,
876ac44dcffffff,,,
8796d2badffffff,,,
876ad02dbffffff,,,
8796d6871ffffff,,,
876ac0065ffffff,,,
8796d0598ffffff,,,
876ae3a62ffffff,,,
876ac5b8bffffff,,,
876ad198affffff,,,
876ad334cffffff,,,
876af16c3ffffff,,,
876ad14eaffffff,,,
876af1223ffffff,,,
876ad564effffff,,,
876ac4c25ffffff,,,
876adc823ffffff,,,
876ad5961ffffff,,,
876ac07aeffffff,,,
876ac2610ffffff,,,
8796d0ce1ffffff,,,
876ac4472ffffff,,,
8796d2b43ffffff,,,
876ad0271ffffff,,,
876ac62d4ffffff,,,
876ad1c9dffffff,,,
8796d270dffffff,,,
8796d052effffff,,,
8796d2390ffffff,,,
876ac5b21ffffff,,,
876ad1920ffffff,,,
876af1659ffffff,,,
8796d6054ffffff,,,
876ad3782ffffff,,,
876ae3245ffffff,,,
876ad116dffffff,,,
876ac2d59ffffff,,,
8796d6b84ffffff,,,
876aee891ffffff,,,
876ac6a1dffffff,,,
876ac6651ffffff,,,
876ac0744ffffff,,,
876ada58bffffff,,,
876ac25a6ffffff,,,
876ac4408ffffff,,,
876aee4c5ffffff,,,
8796d2ad9ffffff,,,
876ae26c6ffffff,,,
876ac298dffffff,,,
876ac626affffff,,,
876ac0b2bffffff,,,
8796d679dffffff,,,
8796d04c4ffffff,,,
8796d2326ffffff,,,
876ad18b6ffffff,,,
8796d3673ffffff,,,
876ad3718ffffff,,,
876ac5304ffffff,,,
876ad1103ffffff,,,
876aded64ffffff,0.19526112531927137,2026-07,valid
876ac4b51ffffff,,,
876ad5218ffffff,,,
876ac69b3ffffff,,,
876ad33b6ffffff,,,
876ade5b1ffffff,,,
876ad1554ffffff,,,
876af128dffffff,,,
876ac5755ffffff,,,
8796d0c0dffffff,,,
876ac439effffff,,,
876ac6200ffffff,,,
8796d6733ffffff,,,
8796d045affffff,,,
876ad184cffffff,,,
876ad3b69ffffff,,,
876ad36aeffffff,,,
876af1a40ffffff,,,
876ad1099ffffff,,,
8796d396bffffff,,,
876ac2c85ffffff,,,
876ac40a6ffffff,,,
876ac6949ffffff,,,
876ad2748ffffff,,,
876ac24d2ffffff,,,
876ac4334ffffff,,,
8796d2a05ffffff,,,
876ac6196ffffff,,,
876af1cceffffff,,,
8796d66c9ffffff,,,
876ad0658ffffff,,,
876af3b30ffffff,,,
876ac4859ffffff,,,
8796d2252ffffff,,,
876af151bffffff,,,
876ad3644ffffff,,,
876ac0b95ffffff,,,
8796d3901ffffff,,,
876adec90ffffff,,,
876ac2c1bffffff,,,
876adcc0affffff,,,
876ade4ddffffff,,,
8796d36ddffffff,,,
876adada8ffffff,,,
876ac500cffffff,,,
876aeece2ffffff,,,
876ac0606ffffff,,,
876ac2468ffffff,,,
876ac42caffffff,,,
8796d299bffffff,,,
876ad00c9ffffff,,,
876ac612cffffff,,,
876ad5282ffffff,,,
8796d0386ffffff,,,
876ad3420ffffff,,,
876af14b1ffffff,,,
8796d202effffff,,,
876adec26ffffff,,,
876ac2bb1ffffff,,,
876ae3696ffffff,,,
876ac4a13ffffff,,,
8796d30e4ffffff,,,
876ac6875ffffff,,,
876ad2674ffffff,,,
876ad5a35ffffff,,,
876ade473ffffff,,,
876ac059cffffff,,,
876ac4260ffffff,,,
8796d2931ffffff,,,
876ac60c2ffffff,,,
876af1aaaffffff,,,
876ad1d71ffffff,,,
876af3a5cffffff,,,
876ad5b85ffffff,,,
876ac4110ffffff,,,
8796d031cffffff,,,
876ad170effffff,,,
876ad3570ffffff,,,
876ac044cffffff,,,
876ac515cffffff,,,
8796d382dffffff,,,
876adcd5affffff,,,
876ac0ce5ffffff,,,
876ac6725ffffff,,,
876ac49a9ffffff,,,
876ac48c3ffffff,,,
876ac680bffffff,,,
876aee599ffffff,,,
876ae279affffff,,,
876ac2a61ffffff,,,
876ade409ffffff,,,
876ac0532ffffff,,,
876ac2394ffffff,,,
876ac6058ffffff,,,
876ad5b1bffffff,,,
876adcc74ffffff,,,
8796d02b2ffffff,,,
8796d2114ffffff,,,
876ac58a5ffffff,,,
876ac5076ffffff,,,
876ad16a4ffffff,,,
876aeed4cffffff,,,
876ad3506ffffff,,,
876ad5368ffffff,,,
876ac50f2ffffff,,,
876adccf0ffffff,,,
876ad52ecffffff,,,
876ac2addffffff,,,
8796d3010ffffff,,,
876ad348affffff,,,
876ac67a1ffffff,,,
876af1361ffffff,,,
876ad1628ffffff,,,
876ac5829ffffff,,,
8796d2098ffffff,,,
876ac04c8ffffff,,,
876ac232affffff,,,
8796d0236ffffff,,,
876ac418cffffff,,,
8796d285dffffff,,,
876af1b26ffffff,,,
876ad5ab1ffffff,,,
8796d20aaffffff,,,
876af1373ffffff,,,
876af3976ffffff,,,
876ad349cffffff,,,
876aeed5effffff,,,
876ac5088ffffff,,,
8796d3759ffffff,,,
876adcc86ffffff,,,
8796d284bffffff,,,
876ac0c11ffffff,,,
876ac2a73ffffff,,,
876aee5abffffff,,,
876ac2318ffffff,,,
876ac48d5ffffff,,,
876ac04b6ffffff,,,
8796d6cc2ffffff,0.06777432251673415,2026-07,valid
876ac045effffff,,,
876adc52bffffff,,,
876ac4122ffffff,,,
876ad072cffffff,,,
876ad1d83ffffff,,,
876ac492dffffff,,,
8796d2040ffffff,,,
876ac2acbffffff,,,
876af1309ffffff,,,
876ad3432ffffff,,,
876ac0c69ffffff,,,
876ad5294ffffff,,,
876aeecf4ffffff,,,
876ac501effffff,,,
876adcc1cffffff,,,
876adccdeffffff,,,
8796d37b1ffffff,,,
876ac2a09ffffff,,,
876ac50e0ffffff,,,
876aeedb6ffffff,,,
876aee541ffffff,,,
876ac486bffffff,,,
876ad066affffff,,,
876ac66cdffffff,,,
876adc469ffffff,,,
876ad5356ffffff,,,
8796d2789ffffff,,,
876ad1d19ffffff,,,
876ad34f4ffffff,,,
876af322dffffff,,,
876af1a52ffffff,,,
8796d644dffffff,,,
876ad1692ffffff,,,
876ac5893ffffff,,,
8796d2102ffffff,,,
876ad1566ffffff,,,
8796d02a0ffffff,,,
876ad522affffff,,,
876aeec8affffff,,,
876ad5b09ffffff,,,
8796d3685ffffff,,,
876ae26d8ffffff,,,
876ac4801ffffff,,,
876ada59dffffff,,,
876ad0600ffffff,,,
876ac6663ffffff,,,
876ac6046ffffff,,,
8796d6b96ffffff,,,
8796d28b5ffffff,,,
876ac404effffff,,,
8796d4581ffffff,,,
876ad3b11ffffff,,,
876ac2382ffffff,,,
876ac0520ffffff,,,
876af1235ffffff,,,
876ad335effffff,,,
876aeec20ffffff,,,
876adace6ffffff,,,
8796d361bffffff,,,
876adc595ffffff,,,
876ac6dacffffff,,,
876ade9aaffffff,,,
876ac2b35ffffff,,,
876ac2935ffffff,,,
876ada533ffffff,,,
876ac0cd3ffffff,,,
8796d6b2cffffff,,,
876ac2182ffffff,,,
876adcd48ffffff,,,
8796d26b5ffffff,,,
876ad1c45ffffff,,,
8796d381bffffff,,,
8796d00a0ffffff,,,
876ac514affffff,,,
876ad1492ffffff,,,
8796d3d64ffffff,,,
876ad32f4ffffff,,,
8796d35b1ffffff,,,
876ac6d42ffffff,,,
876ad355effffff,,,
876ade940ffffff,,,
876ac28cbffffff,,,
876aee403ffffff,,,
876af1435ffffff,,,
876ac472dffffff,,,
8796d216cffffff,,,
876ad238effffff,,,
876ade18dffffff,,,
8796d6ac2ffffff,,,
876ac02b6ffffff,,,
876ac2118ffffff,,,
876ad5b73ffffff,,,
8796d264bffffff,,,
8796d44adffffff,,,
876af3a4affffff,,,
8796d0036ffffff,,,
876ad1428ffffff,,,
876ac60b0ffffff,,,
876ad328affffff,,,
876ad004dffffff,,,
876ac424effffff,,,
876adac12ffffff,,,
876ac6cd8ffffff,,,
876ade8d6ffffff,,,
876ac058affffff,,,
876ac2861ffffff,,,
876ac46c3ffffff,,,
8796d2d94ffffff,0.020641186034723393,2026-07,valid
876ade461ffffff,,,
876ac6525ffffff,,,
876ad2662ffffff,,,
876ac6863ffffff,,,
8796d30d2ffffff,,,
876ade123ffffff,,,
876ac4a01ffffff,,,
8796d6a58ffffff,,,
876ac20aeffffff,,,
876ac5d72ffffff,,,
876ad1b71ffffff,,,
8796d62a5ffffff,,,
876ae3496ffffff,,,
8796d3c90ffffff,,,
876adec14ffffff,,,
876ad3220ffffff,,,
876adcdb2ffffff,,,
8796d34ddffffff,,,
8796d3885ffffff,,,
876ac6c6effffff,,,
876ac51b4ffffff,,,
876ade86cffffff,,,
876ac0995ffffff,,,
876ac4659ffffff,,,
8796d2d2affffff,,,
87968931bffffff,,,
876ac2044ffffff,,,
8796d0715ffffff,,,
876ac5d08ffffff,,,
876ad1766ffffff,,,
876ad3969ffffff,,,
876ac5555ffffff,,,
876ad1354ffffff,,,
876af108dffffff,,,
8796d3c26ffffff,,,
876ad31b6ffffff,,,
876ac4da2ffffff,,,
8796d3473ffffff,,,
876ac6c04ffffff,,,
8796d664dffffff,,,
876adc9a0ffffff,,,
876ade802ffffff,,,
876ac611affffff,,,
8796d2989ffffff,,,
876ac092bffffff,,,
876ac278dffffff,,,
8796d2cc0ffffff,,,
876ac6451ffffff,,,
876ac2456ffffff,,,
8796d6984ffffff,,,
8796d06abffffff,,,
8796d250dffffff,,,
876ac5c9effffff,,,
876ad1a9dffffff,,,
876ade4cbffffff,,,
876ad5761ffffff,,,
876ad26ccffffff,,,
876ac68cdffffff,,,
876ac54ebffffff,,,
876ad12eaffffff,,,
876ac4a6bffffff,,,
876ad314cffffff,,,
8796d3409ffffff,,,
876ac2c09ffffff,,,
876ac6b9affffff,,,
876ac08c1ffffff,,,
876ac2723ffffff,,,
876ac4585ffffff,,,
8796d2c56ffffff,,,
876ad0384ffffff,,,
876adc183ffffff,,,
8796d691affffff,,,
876ac010effffff,,,
8796d0641ffffff,,,
876ad101dffffff,,,
8796d24a3ffffff,,,
876ac5c34ffffff,,,
876ad1a33ffffff,,,
876af176cffffff,,,
876ad3895ffffff,,,
876ae3358ffffff,,,
876ac5481ffffff,,,
876ad1280ffffff,,,
876ad30e2ffffff,,,
876ac4cceffffff,,,
876ad0acdffffff,,,
876ad3632ffffff,,,
876af336bffffff,,,
876ac6b30ffffff,,,
876af1509ffffff,,,
8796d2240ffffff,,,
8796d0d8affffff,,,
876ac451bffffff,,,
876ad031affffff,,,
876adc119ffffff,,,
8796d68b0ffffff,,,
876ac00a4ffffff,,,
876af1702ffffff,,,
876ad382bffffff,,,
876ad568dffffff,,,
876ae32eeffffff,,,
876ad1216ffffff,,,
876ac6184ffffff,,,
876ac4322ffffff,,,
876ac4c64ffffff,,,
876ad0a63ffffff,,,
876ac24c0ffffff,,,
876ac6ac6ffffff,,,
876ade535ffffff,,,
876ac44b1ffffff,,,
8796d2b82ffffff,,,
876ad02b0ffffff,,,
876ac6313ffffff,,,
8796d31a6ffffff,,,
876ac4ad5ffffff,,,
8796d6846ffffff,,,
8796d056dffffff,,,
876ac5b60ffffff,,,
876af1698ffffff,,,
876ac2c73ffffff,,,
8796d6093ffffff,,,
876ad5623ffffff,,,
876ae3284ffffff,,,
876ac53adffffff,,,
876ad11acffffff,,,
876ad300effffff,,,
876adece8ffffff,,,
876ac2d98ffffff,,,
876ac6a5cffffff,,,
8796d3959ffffff,,,
876ac0783ffffff,,,
8796d0cb6ffffff,,,
8796d2b18ffffff,,,
876ad0246ffffff,,,
876ac62a9ffffff,,,
8796d0503ffffff,,,
8796d2365ffffff,,,
876ad369cffffff,,,
876ac5af6ffffff,,,
876ad18f5ffffff,,,
876af162effffff,,,
8796d6029ffffff,,,
876af1573ffffff,,,
8796d22aaffffff,,,
876ae321affffff,,,
876ad1142ffffff,,,
8796d0448ffffff,,,
876adeda3ffffff,,,
876ac2d2effffff,,,
876ac4b90ffffff,,,
8796d6721ffffff,,,
876ac0719ffffff,,,
8796d2aaeffffff,,,
8796d6772ffffff,,,
8796d2a5dffffff,,,
876ac438cffffff,,,
8796d0499ffffff,,,
876ac5a8cffffff,,,
876ac252affffff,,,
876ad188bffffff,,,
876ad36edffffff,,,
876ad10d8ffffff,,,
8796d39aaffffff,,,
876ac2cc4ffffff,,,
876ac69a1ffffff,,,
876ac4b26ffffff,,,
876ac6988ffffff,,,
876adc724ffffff,,,
876ac2cddffffff,,,
876ade586ffffff,,,
876ac2511ffffff,,,
876ac4373ffffff,,,
8796d2a44ffffff,,,
876aded52ffffff,,,
8796d6708ffffff,,,
8796d2291ffffff,,,
876ac5a22ffffff,,,
876ad10f1ffffff,,,
876ad1821ffffff,,,
876af155affffff,,,
876ad3683ffffff,,,
876ad106effffff,,,
8796d3940ffffff,,,
876ac2c5affffff,,,
8796d318dffffff,,,
876ac691effffff,,,
876ad3706ffffff,,,
876ade51cffffff,,,
876ad18a4ffffff,,,
876ac4309ffffff,,,
876ac5aa5ffffff,,,
8796d2314ffffff,,,
876ac616bffffff,,,
8796d04b2ffffff,,,
8796d669effffff,,,
876af3b05ffffff,,,
876af14f0ffffff,,,
8796d678bffffff,,,
876ad3619ffffff,,,
876ac6258ffffff,,,
876ad1004ffffff,,,
8796d38d6ffffff,,,
876adec65ffffff,,,
876ac0d8effffff,,,
876ac4a52ffffff,,,
876ae22cdffffff,,,
876ac2594ffffff,,,
8796d3123ffffff,,,
876ac68b4ffffff,,,
876ac0732ffffff,,,
876ade4b2ffffff,,,
8796d2970ffffff,,,
876ad009effffff,,,
876ac6a0bffffff,,,
876ac6101ffffff,,,
876ac4ba9ffffff,,,
8796d6634ffffff,,,
876ac594effffff,,,
876ad174dffffff,,,
876af1486ffffff,,,
876af32e8ffffff,,,
876ac519bffffff,,,
876adcd99ffffff,,,
876ac0d24ffffff,,,
876ac2b86ffffff,,,
876ad115bffffff,,,
876ac684affffff,,,
876ad2649ffffff,,,
876ade448ffffff,0.214138177198091,2026-07,valid
876ac0571ffffff,,,
876ae3233ffffff,,,
876ac4235ffffff,,,
8796d2906ffffff,,,
876ad0034ffffff,,,
876af3a31ffffff,,,
876ad5b5affffff,,,
8796d02f1ffffff,,,
8796d2153ffffff,,,
876ac58e4ffffff,,,
876ad3770ffffff,,,
8796d6042ffffff,,,
876ad16e3ffffff,,,
876ad190effffff,,,
876ad3545ffffff,,,
876ac5131ffffff,,,
8796d3802ffffff,,,
8796d051cffffff,,,
876ac2b1cffffff,,,
8796d289cffffff,,,
876ac602dffffff,,,
876af1b65ffffff,,,
876ad5af0ffffff,,,
876ac62c2ffffff,,,
8796d2b31ffffff,,,
8796d20e9ffffff,,,
876ac4460ffffff,,,
876af13b2ffffff,,,
876ad34dbffffff,,,
876aeed9dffffff,,,
8796d3798ffffff,,,
876ac079cffffff,,,
876adccc5ffffff,,,
876ac0c50ffffff,,,
876ac2ab2ffffff,,,
876ac4914ffffff,,,
876adc811ffffff,,,
876ac6a75ffffff,,,
876ac4c13ffffff,,,
876ac6776ffffff,,,
876adc512ffffff,,,
876ac2db1ffffff,,,
876ac049dffffff,,,
876ac4161ffffff,,,
8796d2832ffffff,,,
876af395dffffff,,,
876ad5a86ffffff,,,
8796d021dffffff,,,
876ac5810ffffff,,,
876af1348ffffff,,,
876ad3471ffffff,,,
876ad52d3ffffff,,,
876aeed33ffffff,,,
876ac505dffffff,,,
8796d372effffff,,,
876ae329dffffff,,,
876adcc5bffffff,,,
876ac2a48ffffff,,,
876aee580ffffff,,,
876ac48aaffffff,,,
876ac670cffffff,,,
876adc4a8ffffff,,,
8796d60acffffff,,,
876ac0433ffffff,,,
876af16b1ffffff,,,
876ad1d58ffffff,,,
876af1a91ffffff,,,
876ae3a50ffffff,,,
8796d0586ffffff,,,
876ad5a1cffffff,,,
8796d01b3ffffff,,,
8796d2015ffffff,,,
876ac57a6ffffff,,,
876ac0053ffffff,,,
876af12deffffff,,,
876ad15a5ffffff,,,
876ad5269ffffff,,,
876aeecc9ffffff,,,
8796d36c4ffffff,,,
876ac632cffffff,,,
876ad02c9ffffff,,,
8796d2b9bffffff,,,
876ac44caffffff,,,
876aee516ffffff,,,
876ac4840ffffff,,,
876ac66a2ffffff,,,
876ac0806ffffff,,,
876ac408dffffff,,,
8796d275effffff,,,
876ad1ceeffffff,,,
876ad3b50ffffff,,,
876af1274ffffff,,,
876ad339dffffff,,,
8796d365affffff,,,
876ac0b12ffffff,,,
876ac2974ffffff,,,
876aee4acffffff,,,
876ada572ffffff,,,
876ad3091ffffff,,,
876ac5430ffffff,,,
876ac4023ffffff,,,
8796d26f4ffffff,,,
876ad1c84ffffff,,,
876ad3ae6ffffff,,,
876ad5948ffffff,,,
876af120affffff,,,
876ad56a6ffffff,,,
876ad14d1ffffff,,,
8796d3da3ffffff,,,
876ad3333ffffff,,,
876ad3844ffffff,,,
8796d6116ffffff,,,
876ac6d81ffffff,,,
876af171bffffff,,,
8796d2452ffffff,,,
876ac0aa8ffffff,,,
876ac290affffff,,,
876ac3d81ffffff,,,
876aee442ffffff,,,
876ac476cffffff,,,
876ada508ffffff,,,
8796d6b01ffffff,,,
8796d268affffff,,,
8796d68c9ffffff,,,
876ad1c1affffff,,,
8796d634effffff,,,
876adc132ffffff,,,
876ac6396ffffff,,,
876ad0333ffffff,,,
8796d2c05ffffff,,,
876ac4534ffffff,,,
8796d0da3ffffff,,,
876ac26d2ffffff,,,
876ac0870ffffff,,,
876ad32c9ffffff,,,
8796d3586ffffff,,,
876ac6b49ffffff,,,
876ade915ffffff,,,
876ac28a0ffffff,,,
876ac4702ffffff,,,
876ada49effffff,,,
876ac6564ffffff,,,
876ade162ffffff,,,
876ac20edffffff,,,
8796d2620ffffff,,,
876ac5db1ffffff,,,
876ad1bb0ffffff,,,
8796d4482ffffff,,,
8796d62e4ffffff,,,
876ad3a12ffffff,,,
8796d000bffffff,,,
876ad1299ffffff,,,
876ae34d5ffffff,,,
876ac549affffff,,,
876ae3371ffffff,,,
8796d351cffffff,,,
876ac6cadffffff,,,
876ade8abffffff,,,
876ac2836ffffff,,,
876ad5710ffffff,,,
876ac4698ffffff,,,
876ada434ffffff,,,
8796d2d69ffffff,,,
87968935affffff,,,
876ad38aeffffff,,,
8796d6180ffffff,,,
8796d6a2dffffff,,,
876af1785ffffff,,,
876ad1a4cffffff,,,
876ac5c4dffffff,,,
876ac2083ffffff,,,
8796d0754ffffff,,,
8796d25b6ffffff,,,
876ad1b46ffffff,,,
8796d065affffff,,,
876ad39a8ffffff,,,
876ac5594ffffff,,,
876ad1393ffffff,,,
876af10ccffffff,,,
8796d3c65ffffff,,,
8796d6933ffffff,,,
8796d34b2ffffff,,,
876ac6c43ffffff,,,
876adc19cffffff,,,
879689260ffffff,,,
876ac6400ffffff,,,
876ad039dffffff,,,
876ac459effffff,,,
876ade841ffffff,,,
876ac096affffff,,,
876ac462effffff,,,
876ac6490ffffff,,,
876ac08daffffff,,,
8796892f0ffffff,,,
876ade08effffff,0.18785893850813926,2026-07,valid
876ade7b1ffffff,0.213738062514498,2026-07,valid
876ac2019ffffff,,,
8796d06eaffffff,,,
8796d254cffffff,,,
876ac6bb3ffffff,,,
8796d3422ffffff,,,
876ac4d51ffffff,,,
876ac5cddffffff,,,
876ad1adcffffff,,,
8796d6210ffffff,,,
876ae3401ffffff,,,
876ac552affffff,,,
876ad1329ffffff,,,
876ad318bffffff,,,
876ad3165ffffff,,,
8796d3448ffffff,,,
876ad1303ffffff,,,
876adc975ffffff,,,
876ac0900ffffff,,,
876ac5504ffffff,,,
876ac2762ffffff,,,
8796d2c95ffffff,,,
876ac6426ffffff,,,
876ade024ffffff,,,
8796d6959ffffff,,,
876ac014dffffff,,,
8796d0680ffffff,,,
8796d24e2ffffff,,,
876ac5c73ffffff,,,
876ad1a72ffffff,,,
876ad3918ffffff,,,
876af17abffffff,,,
8796d61a6ffffff,,,
876ad1ab6ffffff,,,
876ad38d4ffffff,,,
8796d2526ffffff,,,
876ac54c0ffffff,,,
876ad3121ffffff,,,
8796d06c4ffffff,,,
876ac4d0dffffff,,,
876adc90bffffff,,,
876ac0896ffffff,,,
876ac0191ffffff,,,
876ac455affffff,,,
8796d699dffffff,,,
8796d2c2bffffff,,,
876ad0359ffffff,,,
87968921cffffff,,,
8796892caffffff,,,
876ac646affffff,,,
8796d2cd9ffffff,,,
876ac4608ffffff,,,
876ac00e3ffffff,,,
876ac27a6ffffff,,,
8796d0616ffffff,,,
876ae3ae0ffffff,,,
876ac5c09ffffff,,,
876ad1a08ffffff,,,
876ac0944ffffff,,,
876af1741ffffff,,,
876ad386affffff,,,
876ade81bffffff,,,
876ad56ccffffff,,,
876ae332dffffff,,,
876ac6c1dffffff,,,
876ac5456ffffff,,,
8796d348cffffff,,,
876ad1255ffffff,,,
876ac4ca3ffffff,,,
876ac6b05ffffff,,,
876adc8a1ffffff,,,
876ac082cffffff,,,
876ac268effffff,,,
876ac44f0ffffff,,,
876ac6352ffffff,,,
8796d6885ffffff,,,
8796d05acffffff,,,
876af10a6ffffff,,,
876ad136dffffff,,,
876ae3a76ffffff,,,
8796d240effffff,,,
876ac556effffff,,,
876ad199effffff,,,
8796d60d2ffffff,,,
876ad3800ffffff,,,
876ad5662ffffff,,,
876ae32c3ffffff,,,
876ad304dffffff,,,
876ac6a9bffffff,,,
876ad3982ffffff,,,
8796d6254ffffff,,,
876ade699ffffff,,,
876ac2624ffffff,,,
876ad1b20ffffff,,,
8796d0cf5ffffff,,,
876ac5d21ffffff,,,
8796d2590ffffff,,,
876ac4486ffffff,,,
876ad0285ffffff,,,
876ac62e8ffffff,,,
8796d072effffff,,,
876adc084ffffff,,,
8796d681bffffff,,,
876ac205dffffff,,,
8796d0542ffffff,,,
876ae3a0cffffff,,,
8796d23a4ffffff,,,
876ac5b35ffffff,,,
876af166dffffff,,,
876ad1934ffffff,,,
876ad22d3ffffff,,,
876ac64d4ffffff,,,
8796d2d43ffffff,,,
876ac4672ffffff,,,
8796d6068ffffff,,,
876ad3796ffffff,,,
876ac2810ffffff,,,
876ae3259ffffff,,,
876ac09aeffffff,,,
876ad1181ffffff,,,
876ade885ffffff,,,
876ac2d6dffffff,,,
876ac6a31ffffff,,,
8796d34f6ffffff,,,
876ac0758ffffff,,,
8796d0c8bffffff,,,
876ac441cffffff,,,
8796d2aedffffff,,,
876ad021bffffff,,,
8796d67b1ffffff,,,
8796d04d8ffffff,,,
876ad18caffffff,,,
876af1603ffffff,,,
876ad372cffffff,,,
8796d3ca9ffffff,,,
876ac2d03ffffff,,,
876ac2550ffffff,,,
876ad584effffff,,,
876ac43b2ffffff,,,
8796d2a83ffffff,,,
876ac6214ffffff,,,
876ad1b8affffff,,,
876ac5d8bffffff,,,
8796d046effffff,,,
8796d22d0ffffff,,,
8796d0798ffffff,,,
876ad1860ffffff,,,
876ad36c2ffffff,,,
876ad10adffffff,,,
8796d6a71ffffff,,,
876aded0effffff,,,
876ac2c99ffffff,,,
876ac695dffffff,,,
876ade55bffffff,,,
8796d2dadffffff,,,
876ac46dcffffff,,,
876ac0684ffffff,,,
876ac24e6ffffff,,,
876ac4348ffffff,,,
8796d2a19ffffff,,,
876ac61aaffffff,,,
876ac0a18ffffff,,,
8796d66ddffffff,,,
876af3b44ffffff,,,
8796d0404ffffff,,,
8796d2266ffffff,,,
876ac6cf1ffffff,,,
8796d3560ffffff,,,
876ad3658ffffff,,,
876ad1043ffffff,,,
8796d3915ffffff,,,
876adeca4ffffff,,,
876ac4a91ffffff,,,
8796d3162ffffff,,,
876ac68f3ffffff,,,
876ade4f1ffffff,,,
876ad32a3ffffff,,,
876ac061affffff,,,
8796d3d13ffffff,,,
876ad1441ffffff,,,
876ac42deffffff,,,
876ad00ddffffff,,,
876ac6140ffffff,,,
8796d6673ffffff,,,
8796d039affffff,,,
876ac598dffffff,,,
876ad178cffffff,,,
876af14c5ffffff,,,
876ad3a56ffffff,,,
8796d6328ffffff,,,
8796d38abffffff,,,
876ac0d63ffffff,,,
876ac6889ffffff,,,
8796d2664ffffff,,,
876ac05b0ffffff,,,
876ac2412ffffff,,,
876ac2131ffffff,,,
876ac4274ffffff,,,
8796d2945ffffff,,,
876ad0073ffffff,,,
876ac60d6ffffff,,,
8796d6609ffffff,,,
8796d6adbffffff,,,
876ade1a6ffffff,,,
876af3a70ffffff,,,
876ad5b99ffffff,,,
8796d2192ffffff,,,
876ac65a8ffffff,,,
876ac5923ffffff,,,
876ac4746ffffff,,,
876ad1722ffffff,,,
876aee41cffffff,,,
876af145bffffff,,,
876ae261dffffff,,,
876ac28e4ffffff,,,
876ad3584ffffff,,,
876ac5170ffffff,,,
876ac0a82ffffff,,,
876adcd6effffff,,,
876ac2b5bffffff,,,
876ade959ffffff,,,
8796d308effffff,,,
876ade41dffffff,,,
876ac6d5bffffff,,,
876ac0546ffffff,,,
876adac95ffffff,0.01999999999998254,2026-07,valid
876ac23a8ffffff,,,
876ac420affffff,,,
8796d28dbffffff,,,
876ad0009ffffff,,,
876ac606cffffff,,,
876af3a06ffffff,,,
876ad3ccdffffff,,,
8796d02c6ffffff,,,
8796d2128ffffff,,,
876af3253ffffff,,,
876ad351affffff,,,
876ac5106ffffff,,,
876ad330dffffff,,,
876adcd04ffffff,,,
876ad14abffffff,,,
876ac2af1ffffff,,,
876ac56acffffff,,,
876ac4953ffffff,,,
876ad0752ffffff,,,
8796d3024ffffff,,,
876ac67b5ffffff,,,
876ae3583ffffff,,,
876adc551ffffff,,,
876ac04dcffffff,,,
876ac41a0ffffff,,,
876ad5922ffffff,,,
8796d2871ffffff,,,
876ac6002ffffff,,,
876ad3ac0ffffff,,,
8796d6392ffffff,,,
8796d4530ffffff,,,
876ad1c5effffff,,,
876ad5ac5ffffff,,,
8796d025cffffff,,,
8796d26ceffffff,,,
876ad164effffff,,,
876ad34b0ffffff,,,
876ad5312ffffff,,,
876aeed72ffffff,,,
876ac219bffffff,,,
876ac509cffffff,,,
8796d376dffffff,,,
876adcc9affffff,,,
876ac0c25ffffff,,,
876ac48e9ffffff,,,
876ad06e8ffffff,,,
876ac674bffffff,,,
876ac6612ffffff,,,
876ac47b0ffffff,,,
876ac0472ffffff,,,
876aee486ffffff,,,
876ac294effffff,,,
876ac4136ffffff,,,
876af1ad0ffffff,,,
876ac0aecffffff,,,
8796d64cbffffff,,,
876ad5a5bffffff,,,
8796d2054ffffff,,,
876af131dffffff,,,
876ad3446ffffff,,,
8796d3634ffffff,,,
876ad52a8ffffff,,,
876aeed08ffffff,,,
876ac5032ffffff,,,
8796d3703ffffff,,,
876adcc30ffffff,,,
876ac2a1dffffff,,,
876aee555ffffff,,,
876ac66e1ffffff,,,
876ac0408ffffff,,,
876ac40ccffffff,,,
876ad1515ffffff,,,
876af124effffff,,,
8796d279dffffff,,,
876ac5716ffffff,,,
876ad1d2dffffff,,,
876af1a66ffffff,,,
8796d6461ffffff,,,
8796d0188ffffff,,,
876ae3652ffffff,,,
876af12b3ffffff,,,
876aeec9effffff,,,
8796d3699ffffff,,,
876af3863ffffff,,,
876ad3b2affffff,,,
876af1a01ffffff,,,
8796d459affffff,,,
876ad1cc8ffffff,,,
876ac0b51ffffff,,,
876ac29b3ffffff,,,
876ae26ecffffff,,,
876aee4ebffffff,,,
876ac4815ffffff,,,
876ada5b1ffffff,,,
876adc413ffffff,,,
8796d6baaffffff,,,
876ac039effffff,,,
876ac4062ffffff,,,
8796d2733ffffff,,,
876ad1cc3ffffff,,,
876adc418ffffff,,,
8796d4595ffffff,,,
876ad3b25ffffff,,,
876ada5b6ffffff,,,
876ac481affffff,,,
876aee4f0ffffff,,,
876ac5711ffffff,,,
876ae26f1ffffff,,,
876af1249ffffff,,,
876ad1510ffffff,,,
876ad3372ffffff,,,
876ac0b56ffffff,,,
876aeec34ffffff,,,
876ac2949ffffff,,,
876ae2682ffffff,,,
8796d369effffff,,,
876aee481ffffff,,,
876ac47abffffff,,,
876aeeca3ffffff,,,
876ac660dffffff,,,
876ac2196ffffff,,,
876ad5243ffffff,,,
8796d26c9ffffff,,,
876ad1c59ffffff,,,
8796d638dffffff,,,
8796d00b4ffffff,,,
876ad14a6ffffff,,,
876ac5780ffffff,,,
876ad3308ffffff,,,
876adac90ffffff,,,
8796d018dffffff,,,
876ac6d56ffffff,,,
876ade954ffffff,,,
876ae2618ffffff,,,
876ac4741ffffff,,,
876ac65a3ffffff,,,
876ad3b94ffffff,,,
876af1a6bffffff,,,
876ad1d32ffffff,,,
876ade1a1ffffff,,,
8796d6ad6ffffff,,,
8796d27a2ffffff,,,
876ac40d1ffffff,,,
876ac212cffffff,,,
8796d6323ffffff,,,
876ad3a51ffffff,,,
8796d004affffff,,,
876ac040dffffff,,,
8796d3d0effffff,,,
876ad329effffff,,,
876adac26ffffff,,,
8796d355bffffff,,,
876adc482ffffff,,,
876ac66e6ffffff,,,
876ac6cecffffff,,,
876ac4884ffffff,,,
876aee55affffff,,,
876ac2a22ffffff,,,
876ade8eaffffff,,,
876ac0a13ffffff,,,
876ac2875ffffff,,,
8796d2da8ffffff,,,
876adcc35ffffff,,,
876ac20c2ffffff,,,
8796d0793ffffff,,,
8796d3708ffffff,,,
876ac5d86ffffff,,,
876ad1b85ffffff,,,
876aeed0dffffff,,,
876ad5849ffffff,,,
876ae34aaffffff,,,
8796d3ca4ffffff,,,
876ad3234ffffff,,,
8796d34f1ffffff,,,
876ad52adffffff,,,
876ac6c82ffffff,,,
876ad344bffffff,,,
876ade880ffffff,,,
876af1322ffffff,,,
876ac09a9ffffff,,,
876ac280bffffff,,,
8796d2059ffffff,,,
876ac466dffffff,,,
876ae36c1ffffff,,,
876ad22ceffffff,,,
8796d6a02ffffff,,,
876ad5a60ffffff,,,
876ac2058ffffff,,,
8796d0729ffffff,,,
8796d258bffffff,,,
876ac5d1cffffff,,,
876ad1b1bffffff,,,
876ad1d9cffffff,,,
876af1ad5ffffff,,,
8796d280cffffff,,,
876ac5569ffffff,,,
876ad1368ffffff,,,
876af10a1ffffff,,,
876ac22d9ffffff,,,
876ac4db6ffffff,,,
876ac6c18ffffff,,,
876adc9b4ffffff,,,
876ade816ffffff,,,
876ac27a1ffffff,,,
876ac4603ffffff,,,
876adc4ecffffff,,,
8796d2cd4ffffff,,,
876ac6750ffffff,,,
876ad06edffffff,,,
876ac6465ffffff,,,
876ac48eeffffff,,,
8796892c5ffffff,,,
876ac2a8cffffff,,,
876ade063ffffff,,,
8796d6998ffffff,,,
876ac018cffffff,,,
876ac0c2affffff,,,
8796d2521ffffff,,,
876ac5cb2ffffff,,,
876ad1ab1ffffff,,,
876ad3913ffffff,,,
876ad5775ffffff,,,
8796d3772ffffff,,,
876ad3160ffffff,,,
876ac50a1ffffff,,,
876ac4d4cffffff,,,
876ad0b4bffffff,,,
8796d341dffffff,,,
876ac6baeffffff,,,
876ac08d5ffffff,,,
876ac4599ffffff,,,
8796d2c6affffff,,,
876ad0398ffffff,,,
876ad34b5ffffff,,,
87968925bffffff,,,
8796d692effffff,,,
876af138cffffff,,,
876ad1653ffffff,,,
876ac5854ffffff,,,
8796d20c3ffffff,,,
876ac0122ffffff,,,
8796d0655ffffff,,,
876ac5c48ffffff,,,
876af1780ffffff,,,
876ad38a9ffffff,,,
876ad570bffffff,,,
876ae336cffffff,,,
876ad5acaffffff,,,
876ac5495ffffff,,,
876ad1294ffffff,,,
876ad30f6ffffff,,,
876ac4ce2ffffff,,,
876ad0ae1ffffff,,,
8796d33b3ffffff,,,
8796d2876ffffff,,,
876ac6b44ffffff,,,
876ac41a5ffffff,,,
876adc8e0ffffff,,,
876ac086bffffff,,,
876ac26cdffffff,,,
8796d0d9effffff,,,
876ac04e1ffffff,,,
8796d2c00ffffff,,,
876ad032effffff,,,
876ac6391ffffff,,,
8796d68c4ffffff,,,
876adc556ffffff,,,
8796d244dffffff,,,
8796d3029ffffff,,,
876af1716ffffff,,,
8796d6111ffffff,,,
876ac4958ffffff,,,
876ad56a1ffffff,,,
876ac542bffffff,,,
876ac2af6ffffff,,,
876ad122affffff,,,
876ad308cffffff,,,
876ac0c94ffffff,,,
876ac6adaffffff,,,
876ac0801ffffff,,,
876ac2663ffffff,,,
876adcd09ffffff,,,
876ac44c5ffffff,,,
8796d2b96ffffff,,,
876ad02c4ffffff,,,
876ac510bffffff,,,
8796d685affffff,,,
876ac004effffff,,,
8796d0581ffffff,,,
876ac3d12ffffff,,,
876ae3a4bffffff,,,
876ac5b74ffffff,,,
876ad1973ffffff,,,
876af16acffffff,,,
876ae3298ffffff,,,
876ad5381ffffff,,,
876ad3022ffffff,,,
876af3258ffffff,,,
876ac2dacffffff,,,
876ac4c0effffff,,,
876ac6a70ffffff,,,
876adc80cffffff,,,
8796d212dffffff,,,
8796d02cbffffff,,,
8796d0ccaffffff,,,
876ac445bffffff,,,
8796d2b2cffffff,,,
876ad5b34ffffff,,,
876ad025affffff,,,
876ad3cd2ffffff,,,
876af3a0bffffff,,,
876ac5b0affffff,,,
876af1ba9ffffff,,,
876ad1909ffffff,,,
876ac6071ffffff,,,
876af1642ffffff,,,
876ad000effffff,,,
8796d28e0ffffff,,,
876ad376bffffff,,,
876ae322effffff,,,
876ad1156ffffff,,,
876ac23adffffff,,,
876ac054bffffff,,,
876ac2d42ffffff,,,
876ac4ba4ffffff,,,
876ade422ffffff,,,
876ac6a06ffffff,,,
876ac6824ffffff,,,
8796d3093ffffff,,,
876ac072dffffff,,,
876ae22c8ffffff,,,
8796d2ac2ffffff,,,
876ac6253ffffff,,,
876ac2b60ffffff,,,
8796d6786ffffff,0.020000000000023284,2026-07,valid
8796d04adffffff,,,
876ac5aa0ffffff,,,
876ad3701ffffff,,,
876adcd73ffffff,,,
8796d3846ffffff,,,
876ad10ecffffff,,,
876aded4dffffff,,,
876ac5175ffffff,,,
876ac2cd8ffffff,,,
876ac699cffffff,,,
876ade59affffff,,,
876ac2525ffffff,,,
8796d2a58ffffff,,,
876ad3589ffffff,,,
876af32c2ffffff,,,
8796d671cffffff,,,
876af1460ffffff,,,
876ac5928ffffff,,,
8796d0443ffffff,,,
8796d22a5ffffff,,,
876ac5a36ffffff,,,
876ad1835ffffff,,,
876af156effffff,,,
876ad5b9effffff,,,
876ad1082ffffff,,,
8796d3954ffffff,,,
876af3a75ffffff,,,
8796d660effffff,,,
876adece3ffffff,0.010000000000040745,2026-07,valid
876ac2c6effffff,,,
876ac4ad0ffffff,,,
876ac60dbffffff,,,
8796d31a1ffffff,,,
8796d294affffff,,,
876ac6932ffffff,,,
876ade530ffffff,,,
876ac05b5ffffff,,,
876ac431dffffff,,,
8796d66b2ffffff,0.023589910514962686,2026-07,valid
876ade48cffffff,,,
876af3b19ffffff,,,
876ac688effffff,,,
876af1504ffffff,,,
876ad362dffffff,,,
876ac4a2cffffff,,,
876ad1018ffffff,,,
8796d38eaffffff,,,
876ac0da2ffffff,,,
876ac2c04ffffff,,,
876ac0d68ffffff,,,
876ac4a66ffffff,,,
876ac68c8ffffff,,,
876ade4c6ffffff,,,
876ac2451ffffff,,,
8796d38b0ffffff,,,
876ac42b3ffffff,,,
8796d2984ffffff,,,
876ac6115ffffff,,,
8796d6648ffffff,,,
876ac5962ffffff,,,
876ad1761ffffff,,,
876af149affffff,,,
8796d3880ffffff,,,
876adcdadffffff,,,
876ac2b9affffff,,,
876af14caffffff,,,
876ad1791ffffff,,,
876ac5992ffffff,,,
8796d2201ffffff,,,
8796d30cdffffff,,,
876ac685effffff,,,
876ad265dffffff,,,
876ade45cffffff,,,
876ac0585ffffff,,,
876ac4249ffffff,,,
8796d291affffff,,,
876ad0048ffffff,,,
876ac60abffffff,,,
876af3a45ffffff,,,
876ad5b6effffff,,,
876ac6145ffffff,,,
876ad00e2ffffff,,,
8796d29b4ffffff,,,
876ac42e3ffffff,,,
876af1430ffffff,,,
876ac2481ffffff,,,
876ad3559ffffff,,,
876ac5145ffffff,,,
8796d3816ffffff,,,
876adcd43ffffff,,,
876ade4f6ffffff,,,
876adeba5ffffff,,,
876ac0cceffffff,,,
876ac2b30ffffff,,,
876ac4992ffffff,,,
8796d3063ffffff,,,
876ac4a96ffffff,,,
876adc590ffffff,,,
876ac051bffffff,,,
876ac2c34ffffff,,,
8796d28b0ffffff,,,
876ac6041ffffff,,,
876ad5b04ffffff,,,
8796d029bffffff,,,
876adeca9ffffff,,,
876ac588effffff,,,
876ad168dffffff,,,
876ad5351ffffff,,,
876aeedb1ffffff,,,
8796d391affffff,,,
876ad1048ffffff,,,
876ac50dbffffff,,,
8796d37acffffff,,,
876adccd9ffffff,,,
876ac0c64ffffff,,,
876ac2ac6ffffff,,,
876ac4928ffffff,,,
876ac678affffff,,,
876adc526ffffff,,,
876ac04b1ffffff,,,
876ac2313ffffff,,,
876ad365dffffff,,,
876ac4175ffffff,,,
8796d2846ffffff,,,
876af1534ffffff,,,
8796d226bffffff,,,
876af3971ffffff,,,
876ad5a9affffff,,,
8796d0231ffffff,,,
8796d0409ffffff,,,
8796d2093ffffff,,,
876ac5824ffffff,,,
876ad1623ffffff,,,
876af135cffffff,,,
876ad3485ffffff,,,
876ac5071ffffff,,,
8796d3742ffffff,,,
876af3b49ffffff,,,
8796d66e2ffffff,,,
876ac2a5cffffff,,,
876ae2795ffffff,,,
876aee594ffffff,,,
876ad014cffffff,,,
8796d2a1effffff,,,
876ac6720ffffff,,,
876ac434dffffff,,,
8796d6c53ffffff,0.010000000000011642,2026-07,valid
876ac24ebffffff,,,
876ac410bffffff,,,
876ac0689ffffff,,,
876ad1d6cffffff,,,
876af1aa5ffffff,,,
876ad5a30ffffff,,,
876ade560ffffff,,,
876ae3691ffffff,,,
876ad2761ffffff,,,
8796d2029ffffff,,,
876ac6962ffffff,,,
876af12f2ffffff,,,
876ad341bffffff,,,
876ac4b00ffffff,,,
876aeecddffffff,,,
876ac2c9effffff,,,
876adada3ffffff,,,
8796d36d8ffffff,,,
876adcc05ffffff,,,
876ac0b90ffffff,,,
876aee52affffff,,,
876aded13ffffff,,,
876ac4854ffffff,,,
876ad0653ffffff,,,
876ac66b6ffffff,,,
876adc452ffffff,,,
876ac40a1ffffff,,,
8796d3984ffffff,,,
876ad10b2ffffff,,,
8796d2772ffffff,,,
876ad1d02ffffff,,,
876ad3b64ffffff,,,
876ac5750ffffff,,,
876af1288ffffff,,,
876ad33b1ffffff,,,
876ad5213ffffff,,,
876aeec73ffffff,,,
8796d366effffff,,,
876ac0b26ffffff,,,
876ad1865ffffff,,,
876ac2988ffffff,,,
876ae26c1ffffff,,,
8796d22d5ffffff,,,
876aee4c0ffffff,,,
876ada586ffffff,,,
8796d0473ffffff,,,
876ac664cffffff,,,
8796d2708ffffff,,,
8796d674cffffff,,,
876ad1c98ffffff,,,
876ac6219ffffff,,,
8796d2a88ffffff,,,
8796d00f3ffffff,,,
876ac56e6ffffff,,,
876af121effffff,,,
876ac2555ffffff,,,
876ad14e5ffffff,,,
876ac06f3ffffff,,,
876aeec09ffffff,,,
8796d3604ffffff,,,
876ac6d95ffffff,,,
876ade993ffffff,,,
876ac4b6affffff,,,
876ac291effffff,,,
876aee456ffffff,,,
876ac4780ffffff,,,
876ada51cffffff,,,
876ac2d08ffffff,,,
8796d6b15ffffff,,,
876ac216bffffff,,,
8796d269effffff,,,
876ad1c2effffff,,,
8796d6362ffffff,,,
876ad3a90ffffff,,,
8796d0089ffffff,,,
876ad111cffffff,,,
8796d3d4dffffff,,,
876ad32ddffffff,,,
8796d359affffff,,,
876ac6d2bffffff,,,
876ade929ffffff,,,
876ac0a52ffffff,,,
876ac28b4ffffff,,,
876ac4716ffffff,,,
876ada4b2ffffff,0.690494978200688,2026-07,valid
876af024effffff,,,
876ad3731ffffff,,,
8796d6003ffffff,,,
876ade176ffffff,,,
876af1608ffffff,,,
8796d6aabffffff,,,
876ac2101ffffff,,,
876ac5ad0ffffff,,,
8796d2634ffffff,,,
8796d4496ffffff,,,
876ad3a26ffffff,,,
8796d04ddffffff,,,
876ac5612ffffff,,,
876ad1411ffffff,,,
8796d3ce3ffffff,,,
876ad3273ffffff,,,
8796d3530ffffff,,,
8796d67b6ffffff,0.01999057275673379,2026-07,valid
876ac6cc1ffffff,,,
876ac284affffff,,,
876ac6283ffffff,,,
876ad0220ffffff,,,
8796d2af2ffffff,,,
876ac46acffffff,,,
876ac4421ffffff,,,
8796d0c90ffffff,,,
876ac650effffff,,,
876ade10cffffff,,,
876ac075dffffff,,,
8796d0768ffffff,,,
876ac5d5bffffff,,,
876ad1b5affffff,,,
8796d628effffff,,,
876ac55a8ffffff,,,
876ac6a36ffffff,,,
876ad3209ffffff,,,
876ad506bffffff,,,
876ac2d72ffffff,,,
8796d34c6ffffff,,,
876ade855ffffff,,,
876ac4642ffffff,,,
8796d2d13ffffff,,,
876ac64a4ffffff,,,
876ad22a3ffffff,,,
876ade0a2ffffff,,,
876ad1186ffffff,,,
876ac202dffffff,,,
8796d2560ffffff,,,
876ac5cf1ffffff,,,
876ad1af0ffffff,,,
876ae325effffff,,,
8796d6224ffffff,,,
876ad3952ffffff,,,
876ae3415ffffff,,,
876ad379bffffff,,,
8796d606dffffff,,,
876ac4d8bffffff,,,
8796d345cffffff,,,
876af1672ffffff,,,
876adc989ffffff,,,
8796d23a9ffffff,,,
876ac0914ffffff,,,
876ae3a11ffffff,,,
876ac2776ffffff,,,
8796d2ca9ffffff,,,
876ac0014ffffff,,,
8796d696dffffff,,,
876ac0161ffffff,,,
8796d6820ffffff,,,
8796d0694ffffff,,,
8796d24f6ffffff,,,
876ad1a86ffffff,,,
876ad38e8ffffff,,,
876ac62edffffff,,,
876ad028affffff,,,
8796d2b5cffffff,,,
876ad574affffff,,,
876ac448bffffff,,,
876ae33abffffff,,,
876ac54d4ffffff,,,
876ac2629ffffff,,,
876ad12d3ffffff,,,
876ad3135ffffff,,,
8796d1590ffffff,,,
876ac4d21ffffff,,,
876ade69effffff,,,
876ac6b83ffffff,,,
876ac08aaffffff,,,
876ac6aa0ffffff,,,
876ac270cffffff,,,
876ac456effffff,,,
876ad036dffffff,,,
879689230ffffff,,,
8796d6903ffffff,,,
8796d062affffff,,,
876ae3af4ffffff,,,
8796d248cffffff,,,
876ac5c1dffffff,,,
876ad1a1cffffff,,,
876af1755ffffff,,,
8796d6150ffffff,,,
876ad56e0ffffff,,,
876ad3052ffffff,,,
876ae3341ffffff,,,
876ac546affffff,,,
876ad1269ffffff,,,
876ad30cbffffff,,,
876ae32c8ffffff,,,
876ad0ab6ffffff,,,
8796d3388ffffff,,,
876ac6b19ffffff,,,
876adc8b5ffffff,,,
876ac0840ffffff,,,
876ac26a2ffffff,,,
876ac4504ffffff,,,
876ad0303ffffff,,,
876ac6366ffffff,,,
876ad3805ffffff,,,
876adc102ffffff,,,
8796d6899ffffff,,,
876af16dcffffff,,,
876ad19a3ffffff,,,
876ac5ba4ffffff,,,
8796d2413ffffff,,,
876ac008dffffff,,,
8796d2422ffffff,,,
8796d05b1ffffff,,,
876ac5bb3ffffff,,,
876af16ebffffff,,,
876ad19b2ffffff,,,
8796d60e6ffffff,,,
876ad3814ffffff,,,
876ad5676ffffff,,,
876ac5400ffffff,,,
8796d688affffff,,,
876ad3061ffffff,,,
876ac4c4dffffff,,,
876ad0a4cffffff,,,
876ad02f4ffffff,,,
876ac44f5ffffff,,,
876ac2693ffffff,,,
876ac449affffff,,,
8796d2b6bffffff,,,
876ac0831ffffff,,,
876ad0299ffffff,,,
876adc098ffffff,,,
876ac0023ffffff,,,
8796d0556ffffff,,,
876ad1948ffffff,,,
876adc8a6ffffff,,,
876ac6b0affffff,,,
876af1681ffffff,,,
876ac4ca8ffffff,,,
876ad37aaffffff,,,
876ad560cffffff,,,
876ae326dffffff,,,
876ac5396ffffff,,,
876ad1195ffffff,,,
876ac2d81ffffff,,,
8796d32b4ffffff,,,
876ac6a45ffffff,,,
876ac076cffffff,,,
876ac4430ffffff,,,
8796d2b01ffffff,,,
876ac6292ffffff,,,
876ad125affffff,,,
876ac545bffffff,,,
8796d04ecffffff,,,
8796d234effffff,,,
876ad18deffffff,,,
8796d6012ffffff,,,
876ad3740ffffff,,,
876ad56d1ffffff,,,
876ae3203ffffff,,,
876ac532cffffff,,,
876ad112bffffff,,,
8796d6141ffffff,,,
876aded8cffffff,,,
876af1746ffffff,,,
876ad1a0dffffff,,,
876ac5c0effffff,,,
876ae3ae5ffffff,,,
876ac3dacffffff,,,
8796d061bffffff,,,
876ac0702ffffff,,,
876ac2564ffffff,,,
876ac6228ffffff,,,
876ac00e8ffffff,,,
8796d675bffffff,,,
8796d68f4ffffff,,,
8796d0482ffffff,,,
8796d22e4ffffff,,,
879689221ffffff,,,
876ad1874ffffff,,,
876ad035effffff,,,
8796d2c30ffffff,,,
876af15adffffff,,,
876ad36d6ffffff,,,
876ad10c1ffffff,,,
8796d3993ffffff,,,
876aded22ffffff,,,
876ac089bffffff,,,
876ac2cadffffff,,,
876ac6971ffffff,,,
876adc910ffffff,1.6137685308351017,2025-05,valid
876adc910ffffff,2.503609897279448,2025-09,valid
876ac6b74ffffff,,,
876ac0698ffffff,,,
876ac4d12ffffff,,,
876ac435cffffff,,,
8796d2a2dffffff,,,
876ad015bffffff,,,
8796d66f1ffffff,,,
876af3b58ffffff,,,
8796d0418ffffff,,,
876ac5a0bffffff,,,
876ad180affffff,,,
876af1543ffffff,,,
876ad366cffffff,,,
876ad3126ffffff,,,
8796d3929ffffff,,,
8796d3b96ffffff,,,
876ad12c4ffffff,,,
876ac2c43ffffff,,,
876ac54c5ffffff,,,
876ac4aa5ffffff,,,
8796d3176ffffff,,,
876ade505ffffff,,,
876ac062effffff,,,
876ac2490ffffff,,,
876ac42f2ffffff,,,
876ad00f1ffffff,,,
876ac6154ffffff,,,
876ad38d9ffffff,,,
8796d61abffffff,,,
876af3aeeffffff,,,
876af17b0ffffff,,,
8796d03aeffffff,,,
8796d2210ffffff,,,
876ac59a1ffffff,,,
876ad17a0ffffff,,,
876af14d9ffffff,,,
8796d0685ffffff,,,
876ad3602ffffff,,,
876ac0152ffffff,,,
876adec4effffff,,,
8796d695effffff,,,
8796d310cffffff,,,
876ade029ffffff,,,
876ac689dffffff,,,
876ade49bffffff,,,
876ac2426ffffff,,,
876ac4288ffffff,,,
87968928bffffff,,,
876ac642bffffff,,,
8796d2c9affffff,,,
8796d2959ffffff,,,
876ac60eaffffff,,,
8796d661dffffff,,,
876ad5badffffff,,,
876ac0905ffffff,,,
8796d21a6ffffff,,,
876ad1736ffffff,,,
876af32d1ffffff,,,
876ad3598ffffff,,,
876ac5184ffffff,,,
8796d3855ffffff,,,
8796d344dffffff,,,
876adcd82ffffff,,,
876ac0d0dffffff,,,
8796d30a2ffffff,,,
876ac6833ffffff,,,
876ade431ffffff,,,
876ac055affffff,,,
876ac421effffff,,,
876ad001dffffff,,,
876ac6080ffffff,,,
876ad3190ffffff,,,
876af3a1affffff,,,
876ad5b43ffffff,,,
8796d3c00ffffff,,,
876ad132effffff,,,
8796d02daffffff,,,
876ac58cdffffff,,,
876ad16ccffffff,,,
876af1405ffffff,,,
876ad352effffff,,,
876ad5390ffffff,,,
876ac511affffff,,,
876adcd18ffffff,,,
876ac0ca3ffffff,,,
876ac2b05ffffff,,,
876ad3943ffffff,,,
8796d6215ffffff,,,
876ad0766ffffff,,,
876adc565ffffff,,,
876ad1ae1ffffff,,,
876ac5ce2ffffff,,,
8796d2551ffffff,,,
876ac04f0ffffff,,,
876ac41b4ffffff,,,
8796d2885ffffff,,,
876ac201effffff,,,
876ac6016ffffff,,,
876af1b4effffff,,,
8796d6549ffffff,,,
876ad5ad9ffffff,,,
8796d0270ffffff,,,
876ade093ffffff,,,
8796d20d2ffffff,,,
876ac5863ffffff,,,
876ad2294ffffff,,,
876ad1662ffffff,,,
8796892f5ffffff,,,
876ac6495ffffff,,,
8796d2d04ffffff,,,
876af139bffffff,,,
876ac4633ffffff,,,
876ad34c4ffffff,,,
876ad5326ffffff,,,
876aeed86ffffff,,,
876ac50b0ffffff,,,
8796d3781ffffff,,,
876adccaeffffff,,,
876adeb10ffffff,,,
876ac2a9bffffff,,,
876ade846ffffff,,,
876ac0486ffffff,,,
876ac6c48ffffff,,,
876ac414affffff,,,
8796d281bffffff,,,
876ad1dabffffff,,,
876af1ae4ffffff,,,
876af3946ffffff,,,
8796d0206ffffff,,,
876ae36d0ffffff,,,
8796d2068ffffff,,,
876af1331ffffff,,,
876ad345affffff,,,
876ad505cffffff,,,
876aeed1cffffff,,,
876ac5046ffffff,,,
876adcc44ffffff,,,
876ac2a31ffffff,,,
8796d3c6affffff,,,
876af10d1ffffff,,,
876ad1398ffffff,0.24000000000001745,2026-07,valid
876ac5599ffffff,,,
876ac4893ffffff,,,
876ac66f5ffffff,,,
876ae3470ffffff,,,
876adc491ffffff,,,
876ac041cffffff,,,
876ac40e0ffffff,,,
8796d27b1ffffff,,,
876ad1d41ffffff,,,
876ad3ba3ffffff,,,
876ad39adffffff,,,
876ad5a05ffffff,,,
8796d019cffffff,,,
876ae3666ffffff,,,
876ad1b4bffffff,,,
876ac5d4cffffff,,,
876ad158effffff,,,
8796d0759ffffff,,,
876ad5252ffffff,,,
876aeecb2ffffff,,,
8796d36adffffff,,,
876ac2088ffffff,,,
876ac0b65ffffff,,,
876ac4829ffffff,,,
8796d6a32ffffff,,,
876ad0628ffffff,,,
876ac668bffffff,,,
876ac03b2ffffff,,,
8796d2d6effffff,,,
876ac4076ffffff,,,
876ac469dffffff,,,
8796d45a9ffffff,,,
876af1a10ffffff,,,
876ac5725ffffff,,,
876af125dffffff,,,
876ad1524ffffff,,,
876ad3386ffffff,,,
876ade8b0ffffff,,,
876aeec48ffffff,,,
876ac6cb2ffffff,,,
8796d3521ffffff,,,
8796d3643ffffff,,,
876ac295dffffff,,,
876ae2696ffffff,,,
876aee495ffffff,,,
876ac6621ffffff,,,
8796d6b54ffffff,,,
876ac21aaffffff,,,
876ac400cffffff,,,
876ad3264ffffff,,,
8796d26ddffffff,,,
8796d3cd4ffffff,,,
876ad1402ffffff,,,
876ad1c6dffffff,,,
8796d63a1ffffff,,,
876ae34daffffff,,,
8796d0010ffffff,,,
8796d00c8ffffff,,,
876ae3592ffffff,,,
8796d3d8cffffff,,,
876ad331cffffff,,,
876adaca4ffffff,,,
876ac6d6affffff,,,
8796d62e9ffffff,,,
876ade968ffffff,,,
876ad1bb5ffffff,0.00765405636601236,2026-07,valid
876ac0a91ffffff,,,
876ac28f3ffffff,,,
876ac5db6ffffff,,,
8796d2625ffffff,,,
876aee42bffffff,,,
876ac4755ffffff,,,
876ac20f2ffffff,,,
876ade1b5ffffff,,,
8796d6aeaffffff,,,
876ac2140ffffff,,,
8796d6a9cffffff,,,
8796d2673ffffff,,,
8796d44d5ffffff,,,
876ad1c03ffffff,,,
876ad3a65ffffff,,,
876ac6569ffffff,,,
8796d005effffff,,,
876ada4a3ffffff,,,
876ad1450ffffff,,,
8796d3d22ffffff,,,
876ad32b2ffffff,,,
876ac28a5ffffff,,,
876ac6d00ffffff,,,
876ac2889ffffff,,,
876ade91affffff,,,
876ac46ebffffff,,,
876ac654dffffff,,,
8796893adffffff,,,
876ac6d1cffffff,,,
8796d358bffffff,,,
8796d6a80ffffff,,,
876ac20d6ffffff,,,
8796d2609ffffff,,,
876ac5d9affffff,,,
876ad1b99ffffff,,,
8796d62cdffffff,,,
876ad585dffffff,,,
876ad3248ffffff,,,
876ad32ceffffff,,,
8796d3505ffffff,,,
876ad146cffffff,,,
876ac6c96ffffff,,,
876ade894ffffff,,,
876ac4681ffffff,,,
8796d2d52ffffff,,,
876ac64e3ffffff,,,
876ad22e2ffffff,,,
876ad3a81ffffff,,,
8796d6353ffffff,,,
876ade0e1ffffff,,,
8796d6a16ffffff,,,
876ac206cffffff,,,
876ac5d30ffffff,,,
8796d6263ffffff,,,
876ad3991ffffff,,,
876ae3454ffffff,,,
876ac215cffffff,,,
876af10b5ffffff,,,
8796d3c4effffff,,,
876ad5040ffffff,,,
8796d6b06ffffff,,,
8796d349bffffff,,,
876ac6c2cffffff,,,
876ade82affffff,,,
876ada50dffffff,,,
876ac0953ffffff,,,
876ac4771ffffff,,,
876ac27b5ffffff,,,
876ae2648ffffff,,,
8796d2ce8ffffff,,,
8796892d9ffffff,,,
876ac0aadffffff,,,
8796d69acffffff,,,
876ac01a0ffffff,,,
876ac2002ffffff,,,
876ade984ffffff,,,
8796d06d3ffffff,,,
8796d2535ffffff,,,
876ac5cc6ffffff,,,
876ac6d86ffffff,,,
876adacc0ffffff,,,
876ad1ac5ffffff,,,
876ad5789ffffff,,,
876ac5513ffffff,,,
876ad1312ffffff,,,
876af104bffffff,,,
876ad3174ffffff,,,
876ac4d60ffffff,,,
8796d3431ffffff,,,
876adc95effffff,,,
876ac08e9ffffff,,,
876ac274bffffff,,,
8796d3da8ffffff,,,
876ad14d6ffffff,,,
876ac45adffffff,,,
876ad03acffffff,,,
876adc1abffffff,,,
8796d00e4ffffff,,,
876ade00dffffff,,,
8796d6942ffffff,,,
876ac0136ffffff,,,
876ad594dffffff,,,
8796d0669ffffff,,,
8796d24cbffffff,,,
876ac5c5cffffff,,,
876ad3aebffffff,,,
876ad1a5bffffff,,,
876af1794ffffff,,,
876ad1c89ffffff,,,
876ac54a9ffffff,,,
876ad12a8ffffff,,,
876ac4028ffffff,,,
876ad310affffff,,,
876ac4cf6ffffff,,,
876ac6b58ffffff,,,
876adc8f4ffffff,,,
876ac26e1ffffff,,,
8796d0db2ffffff,,,
876ac4543ffffff,,,
8796d2c14ffffff,,,
876ad0342ffffff,,,
876ac63a5ffffff,,,
879689205ffffff,,,
8796d68d8ffffff,,,
876ac00ccffffff,,,
876ac3d90ffffff,,,
876ae3ac9ffffff,,,
8796d2461ffffff,,,
876aee4b1ffffff,,,
876af172affffff,,,
876ae26b2ffffff,,,
8796d6125ffffff,,,
876ad3853ffffff,,,
876ad56b5ffffff,,,
876ad30a0ffffff,,,
876ac4c8cffffff,,,
876ad0a8bffffff,,,
876ac6aeeffffff,,,
876adc88affffff,,,
876aeec64ffffff,,,
876ac0815ffffff,,,
876ac44d9ffffff,,,
8796d2baaffffff,,,
876ad02d8ffffff,,,
876ad5204ffffff,,,
8796d686effffff,,,
876ac0062ffffff,,,
8796d0595ffffff,,,
876ad33a2ffffff,,,
876ac3d26ffffff,,,
876ac5b88ffffff,,,
876ad1540ffffff,,,
876af16c0ffffff,,,
876ad564bffffff,,,
876ae32acffffff,,,
876ad3036ffffff,,,
876ac4c22ffffff,,,
876ac6a84ffffff,,,
876ad3b55ffffff,,,
876adc820ffffff,,,
876af1a2cffffff,,,
876ad1cf3ffffff,,,
876ade682ffffff,,,
876ac07abffffff,,,
8796d2763ffffff,,,
876ac260dffffff,,,
876ac4092ffffff,,,
8796d0cdeffffff,,,
8796d2b40ffffff,,,
876ac2230ffffff,,,
876ad026effffff,,,
876ac62d1ffffff,,,
8796d6804ffffff,,,
8796d052bffffff,,,
8796d238dffffff,,,
876ac5b1effffff,,,
876ad191dffffff,,,
876adc443ffffff,,,
876af1656ffffff,,,
8796d6051ffffff,,,
876ad0644ffffff,,,
876ae3242ffffff,,,
876ac4845ffffff,,,
876ad116affffff,0.010000000000040745,2026-07,valid
876aee51bffffff,,,
876ac2d56ffffff,,,
876ac6a1affffff,,,
876ac0b81ffffff,,,
876ac0741ffffff,,,
876ac25a3ffffff,,,
876ae22dcffffff,,,
876ac4405ffffff,,,
8796d2ad6ffffff,,,
876ad0204ffffff,,,
8796d36c9ffffff,,,
876adad94ffffff,,,
876aeecceffffff,,,
8796d679affffff,,,
8796d04c1ffffff,,,
8796d2323ffffff,,,
876ac5ab4ffffff,,,
876ad18b3ffffff,,,
876ad3715ffffff,,,
876ad526effffff,,,
876ac5301ffffff,,,
876ad340cffffff,,,
876ad1100ffffff,,,
876ad15aaffffff,,,
876af12e3ffffff,,,
876aded61ffffff,,,
876ac2cecffffff,,,
876ac57abffffff,,,
8796d201affffff,,,
876ac4b4effffff,,,
876ae3682ffffff,,,
876ac69b0ffffff,,,
876ade5aeffffff,,,
876ad5a21ffffff,,,
8796d0c0affffff,,,
876ac439bffffff,,,
8796d2a6cffffff,,,
876ad1d5dffffff,,,
8796d6730ffffff,,,
876ad1849ffffff,,,
876ad36abffffff,,,
876ad1096ffffff,,,
8796d3968ffffff,,,
876ac2c82ffffff,,,
8796d6c44ffffff,,,
876ac4ae4ffffff,,,
8796d31b5ffffff,,,
876adc4adffffff,,,
876ac6711ffffff,,,
876ac6946ffffff,,,
876ad2745ffffff,,,
876aee585ffffff,,,
876ade544ffffff,,,
876ac2a4dffffff,,,
876ac4331ffffff,,,
8796d2a02ffffff,,,
876ac6193ffffff,,,
876af1ccbffffff,,,
876adcc60ffffff,,,
8796d66c6ffffff,,,
876af3b2dffffff,,,
8796d3733ffffff,,,
876ac5062ffffff,,,
876af1518ffffff,,,
876ad3641ffffff,,,
876ad102cffffff,,,
876adec8dffffff,,,
876ac0db6ffffff,,,
876ad52d8ffffff,,,
876ac2c18ffffff,,,
876ad3476ffffff,,,
876ac68dcffffff,,,
876af134dffffff,,,
876ad1614ffffff,,,
876ade4daffffff,,,
876ac5815ffffff,,,
8796d2084ffffff,,,
876ac0603ffffff,,,
876ae36ecffffff,,,
8796d0222ffffff,,,
876ac2465ffffff,,,
8796d2998ffffff,,,
876ad00c6ffffff,,,
876ad5a8bffffff,,,
876ac6129ffffff,,,
8796d665cffffff,,,
876af3962ffffff,,,
8796d0383ffffff,,,
876af1b00ffffff,,,
876ac5976ffffff,,,
876ad1775ffffff,,,
876af14aeffffff,,,
876ac4166ffffff,,,
8796d3894ffffff,,,
876ac2304ffffff,,,
876adec23ffffff,,,
876ac0d4cffffff,,,
876ac2baeffffff,,,
876ac04a2ffffff,,,
876ac4a10ffffff,,,
8796d30e1ffffff,,,
876ac6872ffffff,,,
876ad2671ffffff,,,
876ade470ffffff,,,
876ac0599ffffff,,,
876ad0718ffffff,,,
876ac425dffffff,,,
8796d292effffff,,,
876ac4919ffffff,,,
876ad005cffffff,,,
876af3a59ffffff,,,
8796d0319ffffff,,,
876ac590cffffff,,,
876ac0c55ffffff,,,
876ad170bffffff,,,
876af1444ffffff,,,
876ad356dffffff,,,
876ac5159ffffff,,,
876adcccaffffff,,,
8796d382affffff,,,
8796d379dffffff,,,
876ac0ce2ffffff,,,
876ac2b44ffffff,,,
876ac50ccffffff,,,
876aeeda2ffffff,,,
876ac49a6ffffff,,,
876ac6808ffffff,,,
876adc5a4ffffff,,,
876ade406ffffff,,,
876ac2391ffffff,,,
876ad5342ffffff,,,
8796d28c4ffffff,,,
876ac6055ffffff,,,
876af1b8dffffff,,,
876ad34e0ffffff,,,
876ad5b18ffffff,,,
8796d2111ffffff,,,
876ac58a2ffffff,,,
876ad16a1ffffff,,,
8796d20eeffffff,,,
876ad3503ffffff,,,
876ad5365ffffff,,,
8796d028cffffff,,,
876adccedffffff,,,
876ad5af5ffffff,,,
876ac2adaffffff,,,
8796d300dffffff,,,
876ac679effffff,,,
876af1b6affffff,,,
876ac6032ffffff,,,
876ac04c5ffffff,,,
8796d28a1ffffff,,,
876ac4189ffffff,,,
8796d285affffff,,,
876af1b23ffffff,,,
876ac236effffff,,,
876ad5aaeffffff,,,
876af1370ffffff,,,
876ac050cffffff,,,
876ad3499ffffff,,,
876aeed5bffffff,,,
876ac5085ffffff,,,
8796d3756ffffff,,,
876adcc83ffffff,,,
876adc581ffffff,,,
8796d3054ffffff,,,
876ac0c0effffff,,,
876ac2a70ffffff,,,
876ac4983ffffff,,,
876aee5a8ffffff,,,
876ac48d2ffffff,,,
876ac2b21ffffff,,,
876ac6734ffffff,,,
876adc4d0ffffff,,,
876ac045bffffff,,,
876adeb96ffffff,,,
876ad1d80ffffff,,,
876adcd34ffffff,,,
876ad5a44ffffff,,,
876af1306ffffff,,,
876ac5136ffffff,,,
876ad5291ffffff,,,
876aeecf1ffffff,,,
876ac501bffffff,,,
8796d36ecffffff,,,
876adcc19ffffff,,,
876ad53acffffff,,,
876ac0ba4ffffff,,,
876ac2a06ffffff,,,
876ad354affffff,,,
876af3283ffffff,,,
876ac4868ffffff,,,
876ac66caffffff,,,
876af1421ffffff,,,
876ad16e8ffffff,,,
876ac58e9ffffff,,,
8796d2158ffffff,,,
876adc466ffffff,,,
8796d02f6ffffff,,,
876ac40b5ffffff,,,
8796d2786ffffff,,,
876ad1d16ffffff,,,
8796d644affffff,,,
876ac5764ffffff,,,
876af3a36ffffff,,,
876af129cffffff,,,
876ad1563ffffff,,,
8796d3682ffffff,,,
876ac609cffffff,,,
8796d290bffffff,,,
876ac299cffffff,,,
876ae26d5ffffff,,,
876aee4d4ffffff,,,
876ada59affffff,,,
876ac6660ffffff,,,
876ac0576ffffff,,,
8796d6b93ffffff,,,
876ade44dffffff,,,
876ac404bffffff,,,
876ad264effffff,,,
8796d271cffffff,,,
876ad1cacffffff,,,
876ad3b0effffff,,,
876ad5970ffffff,,,
876af1232ffffff,,,
876ad335bffffff,,,
876ac2b8bffffff,,,
876aeec1dffffff,,,
876adace3ffffff,,,
8796d3618ffffff,,,
876ac0d29ffffff,,,
876ac6da9ffffff,,,
876adec00ffffff,,,
876ac2932ffffff,,,
876adcd9effffff,,,
876ae266bffffff,,,
876ac4794ffffff,,,
8796d3871ffffff,,,
876ada530ffffff,,,
876ac51a0ffffff,,,
8796d6b29ffffff,,,
8796d26b2ffffff,,,
876ad1c42ffffff,,,
8796d4514ffffff,,,
8796d6376ffffff,,,
876ad3aa4ffffff,,,
8796d009dffffff,,,
8796d3d61ffffff,,,
876ad32f1ffffff,,,
876ad35b4ffffff,,,
876af32edffffff,,,
876af148bffffff,,,
876ad1752ffffff,,,
8796d35aeffffff,,,
876ac5953ffffff,,,
876ac0a66ffffff,0.002989560667438692,2026-06,valid
876ac28c8ffffff,,,
876aee400ffffff,,,
876ac472affffff,,,
876ac658cffffff,,,
876ad238bffffff,,,
876ade18affffff,,,
876ac2115ffffff,,,
8796d2648ffffff,,,
8796d44aaffffff,,,
876ac6106ffffff,,,
8796d2975ffffff,,,
876ac42a4ffffff,,,
8796d630cffffff,,,
876ae169bffffff,,,
876ac2442ffffff,,,
876ac5626ffffff,,,
876ad1425ffffff,,,
8796d3544ffffff,,,
876ac6cd5ffffff,,,
876ade8d3ffffff,,,
876ac285effffff,,,
8796d3128ffffff,,,
876ac46c0ffffff,,,
8796d2d91ffffff,0.00013338475051608283,2026-07,valid
876ac6522ffffff,,,
876ade120ffffff,,,
8796d6a55ffffff,,,
876ac20abffffff,,,
876ad1b6effffff,,,
876ac0d93ffffff,,,
8796d62a2ffffff,,,
876ae3493ffffff,,,
876adec6affffff,,,
876af10f4ffffff,,,
8796d3c8dffffff,,,
876ad321dffffff,,,
8796d34daffffff,,,
8796d38dbffffff,,,
876ad1009ffffff,,,
876ac6c6bffffff,,,
876ade869ffffff,,,
876ac0992ffffff,,,
876ac4656ffffff,,,
876ad361effffff,,,
876ade0b6ffffff,0.6215516762060154,2026-07,valid
876ac2041ffffff,,,
8796d0712ffffff,,,
8796d2574ffffff,,,
876af14f5ffffff,,,
876ac5d05ffffff,,,
8796d222cffffff,,,
876ad1b04ffffff,,,
876ad3966ffffff,,,
876ac5552ffffff,,,
876ad1351ffffff,,,
876af108affffff,,,
8796d3c23ffffff,,,
876ad31b3ffffff,,,
876af3b0affffff,,,
8796d66a3ffffff,,,
8796d3470ffffff,,,
876ac6c01ffffff,,,
876ac6170ffffff,,,
876adc99dffffff,,,
876ac430effffff,,,
876ac0928ffffff,,,
876ac278affffff,,,
876ac24acffffff,,,
876ac644effffff,,,
8796892aeffffff,,,
8796d6981ffffff,,,
876ac0175ffffff,,,
876ade521ffffff,,,
8796d06a8ffffff,,,
8796d250affffff,,,
876ac5c9bffffff,,,
876ad1a9affffff,,,
876ac6923ffffff,,,
8796d3192ffffff,,,
876ac4ac1ffffff,,,
876ad575effffff,,,
876ac54e8ffffff,,,
876ad3149ffffff,,,
8796d15a4ffffff,,,
876ac4d35ffffff,,,
8796d3406ffffff,,,
876ade795ffffff,0.2665113468901364,2026-07,valid
876adecd4ffffff,,,
876ac2720ffffff,,,
876ac4582ffffff,,,
8796d2c53ffffff,,,
876ad0381ffffff,,,
879689244ffffff,,,
876adc180ffffff,,,
8796d3945ffffff,,,
876ad1073ffffff,,,
876ac010bffffff,,,
8796d24a0ffffff,,,
876ac5c31ffffff,,,
876ad1a30ffffff,,,
876af1769ffffff,,,
8796d6164ffffff,,,
876ad56f4ffffff,,,
876ae3355ffffff,,,
876ad3688ffffff,,,
876ac4ccbffffff,,,
876ad0acaffffff,,,
876ad1826ffffff,,,
8796d339cffffff,,,
876ac6b2dffffff,,,
8796d2296ffffff,,,
876ac0854ffffff,,,
876ac26b6ffffff,,,
8796d0434ffffff,,,
876ac4518ffffff,,,
876adc116ffffff,,,
8796d68adffffff,,,
876ac00a1ffffff,,,
876af3b74ffffff,,,
8796d670dffffff,,,
8796d2436ffffff,,,
876ad3828ffffff,,,
876ad568affffff,,,
876ac35b2ffffff,,,
876ae32ebffffff,,,
8796d2a49ffffff,,,
876ac5414ffffff,,,
876ad1213ffffff,,,
876ac2516ffffff,,,
876ad3075ffffff,,,
876ac4c61ffffff,,,
876ad0a60ffffff,,,
876ac06b4ffffff,,,
876ac6ac3ffffff,,,
876ade58bffffff,,,
876ac698dffffff,,,
876aee184ffffff,,,
876ac44aeffffff,,,
876ac4b2bffffff,,,
876ad02adffffff,,,
876ac6310ffffff,,,
876ac2cc9ffffff,,,
876adc0acffffff,,,
8796d6843ffffff,,,
8796d056affffff,,,
876ad195cffffff,,,
876af1695ffffff,,,
8796d6090ffffff,,,
876ad5620ffffff,,,
876ae3281ffffff,,,
876ad11a9ffffff,,,
876ad10ddffffff,,,
876ad300bffffff,,,
876ac2d95ffffff,,,
876ac6a59ffffff,,,
876ac0780ffffff,,,
8796d0cb3ffffff,,,
876ac4444ffffff,,,
8796d2b15ffffff,,,
876ad0243ffffff,,,
876ac62a6ffffff,,,
876ad36f2ffffff,,,
8796d0500ffffff,,,
876ad1890ffffff,,,
8796d2362ffffff,,,
876ac5a91ffffff,,,
8796d2300ffffff,,,
876ac5af3ffffff,,,
876ad18f2ffffff,,,
8796d049effffff,,,
876af162bffffff,,,
8796d6026ffffff,,,
876ad3754ffffff,,,
876adeda0ffffff,,,
876ac2d2bffffff,,,
876ac4b8dffffff,,,
876ac6244ffffff,,,
8796d2ab3ffffff,,,
876ac0716ffffff,,,
8796d0c51ffffff,,,
8796d2aabffffff,,,
876ac2580ffffff,,,
8796d0496ffffff,,,
876ac5a89ffffff,,,
876ac071effffff,,,
876ad1888ffffff,,,
876ad36eaffffff,,,
876ad10d5ffffff,,,
876ac4b95ffffff,,,
876aded36ffffff,,,
876ac2cc1ffffff,,,
876ac2d33ffffff,,,
876ac4b23ffffff,,,
876ac6985ffffff,,,
876ade583ffffff,,,
876ac06acffffff,,,
876ac250effffff,,,
876adeda8ffffff,,,
876ac4370ffffff,,,
8796d2a41ffffff,,,
8796d6705ffffff,,,
876af3b6cffffff,,,
8796d042cffffff,,,
8796d228effffff,,,
876ad181effffff,,,
876ad3680ffffff,,,
876ad106bffffff,,,
876adecccffffff,,,
8796d318affffff,,,
876ac691bffffff,,,
876ad375cffffff,,,
8796d602effffff,,,
876ade519ffffff,,,
876ac24a4ffffff,,,
876af1633ffffff,,,
876ac4306ffffff,,,
8796d236affffff,,,
876ac6168ffffff,,,
8796d0508ffffff,,,
8796d669bffffff,,,
876af3b02ffffff,,,
8796d2224ffffff,,,
876ac59b5ffffff,,,
876ad17b4ffffff,,,
876af14edffffff,,,
876ad3616ffffff,,,
876ac62aeffffff,,,
876ad024bffffff,,,
8796d2b1dffffff,,,
876ad1001ffffff,,,
876ac444cffffff,,,
8796d38d3ffffff,,,
876adec62ffffff,,,
876ac0d8bffffff,,,
8796d3120ffffff,,,
876ac0788ffffff,,,
876ac68b1ffffff,,,
876ac429cffffff,,,
8796d296dffffff,,,
876ad009bffffff,,,
876ac6a61ffffff,,,
8796d6631ffffff,,,
876ac594bffffff,,,
876ad174affffff,,,
876ac2d9dffffff,,,
876af1483ffffff,,,
876ad35acffffff,,,
876ac5198ffffff,,,
876adcd96ffffff,,,
876ac0d21ffffff,,,
876ad3013ffffff,,,
876ac2b83ffffff,,,
8796d30b6ffffff,,,
876ad2646ffffff,,,
876ad11b1ffffff,,,
876ade445ffffff,,,
876ac53b2ffffff,,,
876ac056effffff,,,
876ae3289ffffff,,,
876ac4232ffffff,,,
8796d2903ffffff,,,
876ad0031ffffff,,,
876ac6094ffffff,,,
876af3a2effffff,,,
876ad5628ffffff,,,
8796d02eeffffff,,,
8796d2150ffffff,,,
8796d6098ffffff,,,
876ac58e1ffffff,,,
876ad16e0ffffff,,,
876af1419ffffff,,,
876ad3542ffffff,,,
876af169dffffff,,,
876ad1964ffffff,,,
876ac5b65ffffff,,,
876ad53a4ffffff,,,
876ac512effffff,,,
8796d0572ffffff,,,
876adcd2cffffff,,,
876ac2b19ffffff,,,
876ac0504ffffff,,,
876ac2366ffffff,,,
8796d2899ffffff,,,
876ac602affffff,,,
8796d684bffffff,,,
876af1b62ffffff,,,
876ad5aedffffff,,,
8796d0284ffffff,,,
876adc0b4ffffff,,,
876ac6318ffffff,,,
876ad02b5ffffff,,,
8796d20e6ffffff,,,
876ac44b6ffffff,,,
876ad1676ffffff,,,
876ac2654ffffff,,,
876ad34d8ffffff,,,
876aeed9affffff,,,
876ac50c4ffffff,,,
8796d3795ffffff,,,
876adccc2ffffff,,,
876adeb24ffffff,,,
876ac0c4dffffff,,,
876ac4911ffffff,,,
876ac6acbffffff,,,
876ad0a68ffffff,,,
876ac4c69ffffff,,,
876ac6773ffffff,,,
876ac049affffff,,,
876ac415effffff,,,
876af395affffff,,,
876ad5a83ffffff,,,
8796d021affffff,,,
876ae36e4ffffff,,,
876ac580dffffff,,,
876ad160cffffff,,,
876af1345ffffff,,,
876ad121bffffff,,,
876ad346effffff,,,
876ad52d0ffffff,,,
876ac541cffffff,,,
876aeed30ffffff,,,
876ac505affffff,,,
8796d372bffffff,,,
876ae32f3ffffff,,,
876adcc58ffffff,,,
876ac2a45ffffff,,,
876ad5692ffffff,,,
876ac6709ffffff,,,
876adc4a5ffffff,,,
876ad3830ffffff,,,
8796d6102ffffff,,,
876ac0430ffffff,,,
876ac40f4ffffff,,,
876ad1d55ffffff,,,
876af1a8effffff,,,
876ad5a19ffffff,,,
8796d01b0ffffff,,,
8796d2012ffffff,,,
876ac57a3ffffff,,,
876af12dbffffff,,,
876ad15a2ffffff,,,
876ad3404ffffff,,,
876ac00a9ffffff,,,
876ad5266ffffff,,,
876aeecc6ffffff,,,
8796d68b5ffffff,,,
876adad8cffffff,,,
8796d36c1ffffff,,,
876adc11effffff,,,
876ac6382ffffff,,,
876ac4520ffffff,,,
876aee513ffffff,,,
876ac408affffff,,,
8796d275bffffff,,,
876ac085cffffff,,,
876ad1cebffffff,,,
876af1a24ffffff,,,
876ad3b4dffffff,,,
876ade733ffffff,,,
876adc8d1ffffff,,,
876af1271ffffff,,,
876ac6b35ffffff,,,
8796d33a4ffffff,,,
876ad0ad2ffffff,,,
876ac4cd3ffffff,,,
876ad339affffff,,,
876aeec5cffffff,,,
876adad22ffffff,,,
876ac2971ffffff,,,
876ae26aaffffff,,,
876aee4a9ffffff,,,
876ac6635ffffff,,,
876ac4020ffffff,,,
876ad1285ffffff,,,
8796d26f1ffffff,,,
876ac5486ffffff,,,
876ad1c81ffffff,,,
876ae335dffffff,,,
8796d63b5ffffff,,,
876ad3ae3ffffff,,,
876ad5945ffffff,,,
8796d00dcffffff,,,
876ad14ceffffff,,,
8796d3da0ffffff,,,
876ad3330ffffff,,,
8796d616cffffff,,,
876af1771ffffff,,,
876ac0aa5ffffff,,,
8796d24a8ffffff,,,
876ac4769ffffff,,,
876ada505ffffff,,,
8796d0646ffffff,,,
876ac2154ffffff,,,
876ac0113ffffff,,,
8796d634bffffff,,,
876ae16daffffff,,,
8796d0072ffffff,,,
876adc188ffffff,,,
87968924cffffff,,,
876ad1464ffffff,,,
876ad0389ffffff,,,
8796d2c5bffffff,,,
876ac458affffff,,,
8796d3d36ffffff,,,
876ad32c6ffffff,,,
876ac2728ffffff,,,
876ac08c6ffffff,,,
8796d3583ffffff,,,
876ac6d14ffffff,,,
876ade912ffffff,,,
876ac289dffffff,,,
876ada49bffffff,,,
876ac6561ffffff,,,
8796d340effffff,,,
8796d6a94ffffff,,,
876ac20eaffffff,,,
8796d261dffffff,,,
876ac5daeffffff,,,
876ad1badffffff,,,
8796d62e1ffffff,,,
8796d0008ffffff,,,
876ae34d2ffffff,,,
876ad3151ffffff,,,
8796d3cccffffff,,,
876ad325cffffff,,,
8796d3519ffffff,,,
876ac6caaffffff,,,
876ac54f0ffffff,,,
876ade8a8ffffff,,,
876ac2833ffffff,,,
876ac4695ffffff,,,
876ada431ffffff,0.32588447127863984,2026-07,valid
8796d2d66ffffff,,,
876ad22f6ffffff,,,
876ad5766ffffff,,,
876ade0f5ffffff,,,
8796d6a2affffff,,,
876ad3904ffffff,,,
876ac2080ffffff,,,
8796d0751ffffff,,,
8796d25b3ffffff,,,
876ad1aa2ffffff,,,
876ac5d44ffffff,,,
876ac5ca3ffffff,,,
8796d2512ffffff,,,
876ad1b43ffffff,,,
876ad39a5ffffff,,,
8796d06b0ffffff,,,
876ac5591ffffff,,,
876ad1390ffffff,,,
876af10c9ffffff,,,
8796d3c62ffffff,,,
876ac6c40ffffff,,,
8796d6989ffffff,,,
876ade054ffffff,,,
876ac462bffffff,,,
876ac6456ffffff,,,
8796d2cc5ffffff,,,
876ac648dffffff,,,
8796892edffffff,,,
876ad228cffffff,,,
876ae24cbffffff,,,
876ac2792ffffff,,,
876ade08bffffff,,,
876ac01b4ffffff,,,
876ac0930ffffff,,,
876ac2016ffffff,,,
8796d2549ffffff,,,
876ac5cdaffffff,,,
876ad1ad9ffffff,,,
876adc9a5ffffff,,,
8796d620dffffff,,,
876ac6c09ffffff,,,
876ad579dffffff,,,
876ad1326ffffff,,,
876ad3188ffffff,,,
876ac4d74ffffff,,,
8796d3445ffffff,,,
876adc972ffffff,,,
8796d2c92ffffff,,,
876ac6423ffffff,,,
879689283ffffff,,,
876ade021ffffff,,,
8796d3c2bffffff,,,
876af1092ffffff,,,
876ad1359ffffff,,,
8796d6956ffffff,,,
876ac555affffff,,,
876ac014affffff,,,
876ac5c70ffffff,,,
876af17a8ffffff,,,
8796d61a3ffffff,,,
876ad38d1ffffff,,,
876ad5733ffffff,,,
876ad311effffff,,,
876ad396effffff,,,
8796d6240ffffff,,,
876ac4d0affffff,,,
876ad1b0cffffff,,,
876ac6b6cffffff,,,
876ac5d0dffffff,,,
876adc908ffffff,,,
876ac0893ffffff,,,
8796d071affffff,,,
876ac26f5ffffff,,,
876ac2049ffffff,,,
8796d2c28ffffff,,,
876ad0356ffffff,,,
879689219ffffff,,,
8796d68ecffffff,,,
876ac00e0ffffff,,,
8796d0613ffffff,,,
876ac3da4ffffff,,,
876ae3addffffff,,,
8796d2475ffffff,,,
876ac5c06ffffff,,,
876ac64c0ffffff,,,
876ad1a05ffffff,,,
876ac465effffff,,,
876ad56c9ffffff,,,
876ae332affffff,,,
876ac5453ffffff,,,
876ad1252ffffff,,,
876ac099affffff,,,
876ad30b4ffffff,,,
876ac4ca0ffffff,,,
876ac6b02ffffff,,,
876ade871ffffff,,,
876adc89effffff,,,
876ac0829ffffff,,,
876ac6c73ffffff,,,
8796d34e2ffffff,,,
876ac268bffffff,,,
876ac44edffffff,,,
876ad02ecffffff,,,
8796d6882ffffff,,,
876ac0076ffffff,,,
8796d05a9ffffff,,,
876ae3a73ffffff,,,
8796d240bffffff,,,
876ac5b9cffffff,,,
876ad199bffffff,,,
876af16d4ffffff,,,
876ad3225ffffff,,,
876ae32c0ffffff,,,
8796d3c95ffffff,,,
876ad304affffff,,,
876ac4c36ffffff,,,
876ae349bffffff,,,
876ac6a98ffffff,,,
876adc834ffffff,,,
876ade696ffffff,,,
876ac2621ffffff,,,
8796d0cf2ffffff,,,
876ac4483ffffff,,,
8796d2b54ffffff,,,
876ad0282ffffff,,,
8796d62aaffffff,,,
876ac62e5ffffff,,,
876adc081ffffff,,,
876ad1b76ffffff,,,
8796d6818ffffff,,,
876ac000cffffff,,,
876ae3a09ffffff,,,
8796d0784ffffff,,,
8796d23a1ffffff,,,
876ac5b32ffffff,,,
876ac20b3ffffff,,,
876af166affffff,,,
876ad1931ffffff,,,
8796d6065ffffff,,,
876ad3793ffffff,,,
876ade128ffffff,,,
876ae3256ffffff,,,
876ac652affffff,,,
8796d2d99ffffff,,,
876ac2d6affffff,,,
876ac46c8ffffff,,,
876ac2866ffffff,,,
8796d329dffffff,,,
876ac6a2effffff,,,
876ac0a04ffffff,0.1499999999999418,2026-06,valid
876ac0755ffffff,,,
8796d0c88ffffff,,,
876ac4419ffffff,,,
876ade8dbffffff,,,
8796d2aeaffffff,,,
876ad0218ffffff,,,
876ac6cddffffff,,,
8796d354cffffff,,,
8796d67aeffffff,,,
8796d04d5ffffff,,,
876af1600ffffff,,,
876ad3729ffffff,,,
876ac5315ffffff,,,
876ad1114ffffff,,,
876aded75ffffff,,,
876ac2d00ffffff,,,
876ac4b62ffffff,,,
876ad142dffffff,,,
876ac254dffffff,,,
8796d0c1effffff,,,
8796d2a80ffffff,,,
876ac6211ffffff,,,
8796d6744ffffff,,,
876ad3a42ffffff,,,
8796d6314ffffff,,,
8796d046bffffff,,,
8796d22cdffffff,,,
876ad185dffffff,,,
8796d44b2ffffff,,,
8796d2650ffffff,,,
876ad10aaffffff,,,
876aded0bffffff,,,
876ac2c96ffffff,,,
876ac211dffffff,,,
876ac695affffff,,,
876ad2759ffffff,,,
876ade558ffffff,,,
876ac0681ffffff,,,
876ac24e3ffffff,,,
876ade192ffffff,,,
876ad2393ffffff,,,
876ac4345ffffff,,,
876ac6594ffffff,,,
876af026affffff,,,
8796d2a16ffffff,,,
876ac4732ffffff,,,
876aee408ffffff,,,
8796d66daffffff,,,
876ac28d0ffffff,,,
876af3b41ffffff,,,
8796d0401ffffff,,,
8796d2263ffffff,,,
876ade945ffffff,,,
876af152cffffff,,,
876ad3655ffffff,,,
8796d35b6ffffff,,,
876adac81ffffff,,,
876ad1040ffffff,,,
8796d3912ffffff,,,
876adeca1ffffff,,,
876ac2c2cffffff,,,
876ac4a8effffff,,,
876ac68f0ffffff,,,
876ade4eeffffff,,,
876ac42dbffffff,,,
8796d29acffffff,,,
876ad00daffffff,,,
8796d3d69ffffff,,,
8796d6670ffffff,,,
876ac598affffff,,,
8796d00a5ffffff,,,
876ad1789ffffff,,,
876af14c2ffffff,,,
8796d38a8ffffff,,,
876ad3aacffffff,,,
876ac0d60ffffff,,,
876ac4a24ffffff,,,
876ad1c4affffff,,,
8796d30f5ffffff,,,
876ac6886ffffff,,,
876ade484ffffff,,,
876ac05adffffff,,,
876ac4271ffffff,,,
8796d2942ffffff,,,
876ad0070ffffff,,,
876ac60d3ffffff,,,
8796d6606ffffff,,,
8796d6b31ffffff,,,
876af3a6dffffff,,,
876ac5920ffffff,,,
876af1458ffffff,,,
876ad3581ffffff,,,
876ac479cffffff,,,
876aee472ffffff,,,
876ac516dffffff,,,
876adcd6bffffff,,,
876ac0cf6ffffff,,,
876ac2b58ffffff,,,
8796d308bffffff,,,
876ac681cffffff,,,
876ac6db1ffffff,,,
8796d3620ffffff,,,
876adacebffffff,,,
876ade41affffff,,,
876ac0543ffffff,,,
876ac23a5ffffff,,,
876aeec25ffffff,,,
8796d28d8ffffff,,,
876ad0006ffffff,,,
876ac6069ffffff,,,
876af3a03ffffff,,,
876ad3ccaffffff,,,
876ad5b2cffffff,,,
8796d02c3ffffff,,,
8796d2125ffffff,,,
876ac58b6ffffff,,,
876ad3363ffffff,,,
876ad16b5ffffff,,,
876af3250ffffff,,,
876ad1501ffffff,,,
876ac5702ffffff,,,
876ac5103ffffff,,,
876adcd01ffffff,,,
876ac0c8cffffff,,,
876ac2aeeffffff,,,
876ac4950ffffff,,,
8796d3021ffffff,,,
876ac67b2ffffff,,,
876adc54effffff,,,
8796d6ce5ffffff,,,
876ad3b16ffffff,,,
876ac04d9ffffff,,,
876ac419dffffff,,,
8796d286effffff,,,
876ad1cb4ffffff,,,
8796d4586ffffff,,,
8796d2724ffffff,,,
876ac4053ffffff,,,
876ad5ac2ffffff,,,
8796d0259ffffff,,,
876ac584cffffff,,,
876ad164bffffff,,,
876af1384ffffff,,,
876ad34adffffff,,,
876ac5099ffffff,,,
8796d376affffff,,,
8796d6b9bffffff,,,
876ac0c22ffffff,,,
876ac2a84ffffff,,,
876adc404ffffff,,,
876ac6668ffffff,,,
876ad0605ffffff,,,
876ac48e6ffffff,,,
876ada5a2ffffff,,,
876ac4806ffffff,,,
876ad06e5ffffff,,,
876aee4dcffffff,,,
876ac6748ffffff,,,
876ae26ddffffff,,,
876ac29a4ffffff,,,
876adc4e4ffffff,,,
876ac0b42ffffff,0.0028310562041448293,2026-06,valid
876ac4133ffffff,,,
8796d2804ffffff,,,
876af1acdffffff,,,
876ad1d94ffffff,,,
8796d64c8ffffff,,,
876ad5a58ffffff,,,
8796d368affffff,,,
8796d2051ffffff,,,
876af131affffff,,,
876ad3443ffffff,,,
876ad52a5ffffff,,,
876aeed05ffffff,,,
8796d3700ffffff,,,
876adcc2dffffff,,,
876ac2a1affffff,,,
876aee552ffffff,,,
876ac66deffffff,,,
876ac0405ffffff,,,
876ac40c9ffffff,,,
876ad156bffffff,,,
876af12a4ffffff,,,
8796d279affffff,,,
876ad1d2affffff,,,
876af1a63ffffff,,,
8796d645effffff,0.03180972340354288,2026-07,valid
876ad3b8cffffff,,,
876ae3643ffffff,,,
8796d0185ffffff,,,
876af12b0ffffff,,,
876aeec9bffffff,,,
8796d3696ffffff,,,
876ad3b80ffffff,,,
876ac0b4effffff,0.05666076820237432,2026-06,valid
876ac29b0ffffff,,,
876ae26e9ffffff,,,
876ad1d1effffff,,,
876aee4e8ffffff,,,
876ac4812ffffff,,,
876ada5aeffffff,0.01,2026-07,valid
8796d278effffff,,,
876ac6674ffffff,,,
876adc410ffffff,,,
8796d2730ffffff,,,
876ad1cc0ffffff,,,
8796d4592ffffff,,,
876ad3b22ffffff,,,
876adc46effffff,,,
876ac66d2ffffff,,,
876ac570effffff,,,
876ac4870ffffff,,,
876af1246ffffff,,,
876aee546ffffff,,,
876ad150dffffff,,,
876ac2a0effffff,,,
876aeec31ffffff,,,
8796d362cffffff,,,
876ac0bacffffff,,,
876ac0ae4ffffff,,,
876ac2946ffffff,,,
876ac47a8ffffff,,,
876adcc21ffffff,,,
8796d36f4ffffff,,,
876ac660affffff,,,
876ac5023ffffff,,,
876ac2193ffffff,,,
8796d26c6ffffff,,,
876ad1c56ffffff,,,
8796d638affffff,,,
876ad5299ffffff,,,
8796d00b1ffffff,,,
876ac56a4ffffff,,,
876ad14a3ffffff,,,
8796d3d75ffffff,,,
876ad3305ffffff,,,
876af130effffff,,,
876adac8dffffff,,,
8796d2045ffffff,,,
876ac6d53ffffff,,,
876ade951ffffff,,,
876ac28dcffffff,,,
876ae2615ffffff,,,
876aee414ffffff,,,
876ad5a4cffffff,,,
876ac65a0ffffff,,,
876ade19effffff,,,
8796d6ad3ffffff,,,
876ac2129ffffff,,,
876ad1d88ffffff,,,
876af1ac1ffffff,,,
8796d265cffffff,,,
8796d6320ffffff,,,
876ad3a4effffff,,,
8796d3d0bffffff,,,
876ad329bffffff,,,
8796d3558ffffff,,,
876ac0463ffffff,,,
876ac6ce9ffffff,,,
876ac0a10ffffff,,,
876ac2872ffffff,,,
876ac46d4ffffff,,,
876ac48daffffff,,,
8796d2da5ffffff,,,
876aee5b0ffffff,,,
876ac6536ffffff,,,
876ac0c16ffffff,,,
876ade134ffffff,,,
8796d0790ffffff,,,
876ac5d83ffffff,,,
876ad1b82ffffff,,,
876adcc8bffffff,,,
8796d62b6ffffff,,,
8796d375effffff,,,
876ad5846ffffff,,,
876ac508dffffff,,,
876aeed63ffffff,,,
8796d3ca1ffffff,,,
876ad3231ffffff,,,
8796d34eeffffff,,,
876ad5303ffffff,,,
876ac09a6ffffff,,,
876ac2808ffffff,,,
876ad34a1ffffff,,,
876ac466affffff,,,
876ad0469ffffff,,,
876ac64ccffffff,,,
876ad22cbffffff,,,
876ac5840ffffff,,,
876ac2055ffffff,,,
8796d0726ffffff,,,
8796d2588ffffff,,,
876ac5d19ffffff,,,
876ad1b18ffffff,,,
8796d624cffffff,,,
876ad5ab6ffffff,,,
876ac5566ffffff,,,
876ad1365ffffff,,,
876af109effffff,,,
876af1b2bffffff,,,
876ac4db3ffffff,,,
8796d2862ffffff,,,
8796d3484ffffff,,,
876ac4191ffffff,,,
876ac6c15ffffff,,,
876adc9b1ffffff,,,
876ade813ffffff,,,
876ac04cdffffff,,,
876ac279effffff,,,
876ac4600ffffff,,,
8796d2cd1ffffff,,,
876ac6462ffffff,,,
8796892c2ffffff,,,
876adc542ffffff,,,
876ac67a6ffffff,,,
8796d3015ffffff,,,
876ad0743ffffff,,,
876ac4944ffffff,,,
876ade060ffffff,,,
8796d6995ffffff,,,
876ac0189ffffff,,,
876ac2ae2ffffff,,,
8796d251effffff,,,
876ad1aaeffffff,,,
876ac0c80ffffff,,,
876ad3910ffffff,,,
876ad5772ffffff,,,
876ad315dffffff,,,
876adccf5ffffff,,,
876ac4d49ffffff,,,
876ad0b48ffffff,,,
8796d341affffff,,,
876ac6babffffff,,,
876ac08d2ffffff,,,
876ac2734ffffff,,,
876ac4596ffffff,,,
876ad0395ffffff,,,
879689258ffffff,,,
876ad536dffffff,,,
876adc194ffffff,,,
8796d692bffffff,,,
876ad350bffffff,,,
876af3244ffffff,,,
8796d0652ffffff,,,
8796d24b4ffffff,,,
876ad16a9ffffff,,,
876ac5c45ffffff,,,
876ad1a44ffffff,,,
876ac58aaffffff,,,
8796d2119ffffff,,,
876ad38a6ffffff,,,
876ad5708ffffff,,,
876ae3369ffffff,,,
876ac5492ffffff,,,
876ad1291ffffff,,,
876ad30f3ffffff,,,
876ad5b20ffffff,,,
876ad0adeffffff,,,
8796d33b0ffffff,,,
876ac6b41ffffff,,,
876ac0868ffffff,,,
876ac26caffffff,,,
876ac605dffffff,,,
8796d28ccffffff,,,
8796d0d9bffffff,,,
876ac452cffffff,,,
876ad032bffffff,,,
876ac638effffff,,,
876ac2399ffffff,,,
876adc12affffff,,,
8796d68c1ffffff,,,
876ac00b5ffffff,,,
8796d244affffff,,,
876af1713ffffff,,,
8796d6d43ffffff,0.03000000000001746,2026-07,valid
876ade40effffff,,,
8796d610effffff,,,
876ad569effffff,,,
876adc5acffffff,,,
876ac5428ffffff,,,
876ac6810ffffff,,,
876ac49aeffffff,,,
876ad3089ffffff,,,
876ac4c75ffffff,,,
876ac2b4cffffff,,,
876ad0a74ffffff,,,
876ac0ceaffffff,,,
876ac2660ffffff,,,
876ac44c2ffffff,,,
8796d2b93ffffff,,,
876ad02c1ffffff,,,
876ac6324ffffff,,,
876ac004bffffff,,,
8796d3832ffffff,,,
876ae3a48ffffff,,,
876ac5b71ffffff,,,
876ad1970ffffff,,,
876ac5161ffffff,,,
876af16a9ffffff,,,
8796d60a4ffffff,,,
876ad5634ffffff,,,
876ae3295ffffff,,,
876ac2da9ffffff,,,
876ac4c0bffffff,,,
876ad3575ffffff,,,
876ac6a6dffffff,,,
876af144cffffff,,,
876ad1713ffffff,,,
876ac5914ffffff,,,
8796d2183ffffff,,,
876ac0794ffffff,,,
876ac4458ffffff,,,
8796d2b29ffffff,,,
876ad5b8affffff,,,
8796d0514ffffff,,,
8796d2376ffffff,,,
876af3a61ffffff,,,
876ad1906ffffff,,,
876ad3768ffffff,,,
876ae322bffffff,,,
876ad0064ffffff,,,
8796d2936ffffff,,,
876ac4265ffffff,,,
876ad1153ffffff,,,
876ac2403ffffff,,,
876adedb4ffffff,,,
876ac4ba1ffffff,,,
876ac05a1ffffff,,,
876ac6a03ffffff,,,
876ac072affffff,,,
876ac258cffffff,,,
876ae22c5ffffff,,,
8796d0c5dffffff,,,
8796d30e9ffffff,,,
876ac6250ffffff,,,
876ac4a18ffffff,,,
8796d6783ffffff,,,
876ac2bb6ffffff,,,
8796d04aaffffff,,,
8796d230cffffff,,,
876ac5a9dffffff,,,
876ac0d54ffffff,,,
876ad189cffffff,,,
876adec2bffffff,,,
876ad10e9ffffff,,,
876aded4affffff,,,
876ac2cd5ffffff,,,
8796d389cffffff,,,
876ac6999ffffff,,,
876adc735ffffff,,,
876ac2522ffffff,,,
876ac4384ffffff,,,
8796d2a55ffffff,,,
8796d6719ffffff,,,
8796d0440ffffff,,,
8796d22a2ffffff,,,
876ac5a33ffffff,,,
876ad1832ffffff,,,
876af156bffffff,,,
876af14b6ffffff,,,
876ad3694ffffff,,,
8796d3951ffffff,,,
8796d038bffffff,,,
876adece0ffffff,,,
876ac2c6bffffff,,,
876ac4acdffffff,,,
8796d319effffff,,,
876ade52dffffff,,,
876af3acbffffff,,,
8796d6664ffffff,,,
876ac431affffff,,,
876ac6131ffffff,,,
876ad00ceffffff,,,
8796d29a0ffffff,,,
876ac246dffffff,,,
876af1501ffffff,,,
876ad362affffff,,,
876ac060bffffff,,,
876ade4e2ffffff,,,
876ad1015ffffff,,,
876ac68e4ffffff,,,
8796d3153ffffff,,,
876ac4a82ffffff,,,
876adec76ffffff,,,
876ac2c01ffffff,,,
876ac4a63ffffff,,,
876ac2c20ffffff,,,
8796d3134ffffff,,,
876ac68c5ffffff,,,
876ade4c3ffffff,,,
876ac244effffff,,,
876ac42b0ffffff,,,
8796d2981ffffff,,,
876adec95ffffff,,,
876ac6112ffffff,,,
8796d6645ffffff,,,
876af3aacffffff,,,
8796d3906ffffff,,,
876ad1034ffffff,,,
876ad175effffff,,,
876ac51acffffff,,,
876adcdaaffffff,,,
876adec0cffffff,,,
876ac0d35ffffff,,,
8796d30caffffff,,,
876ad3649ffffff,,,
876ac685bffffff,,,
876ad265affffff,,,
876ade459ffffff,,,
876af1520ffffff,,,
876ac0582ffffff,,,
876ac4246ffffff,,,
876ad0045ffffff,,,
876ac60a8ffffff,,,
876af3a42ffffff,,,
876ad5b6bffffff,,,
8796d0302ffffff,,,
8796d2164ffffff,,,
876ac58f5ffffff,,,
876af3b35ffffff,,,
8796d66ceffffff,,,
876ad16f4ffffff,,,
876af142dffffff,,,
876af1cd3ffffff,,,
876ad3556ffffff,,,
876ac619bffffff,,,
8796d2a0affffff,,,
876ac5142ffffff,,,
8796d3813ffffff,,,
876adcd40ffffff,,,
876adeba2ffffff,,,
876ac0ccbffffff,,,
876ac2b2dffffff,,,
876ade54cffffff,,,
8796d3060ffffff,,,
876ad274dffffff,,,
876adc58dffffff,,,
876ac694effffff,,,
876ac4aecffffff,,,
876ac0518ffffff,,,
876ac2c8affffff,,,
8796d28adffffff,,,
876af1b76ffffff,,,
876ad5b01ffffff,,,
8796d0298ffffff,,,
876ac588bffffff,,,
876ad168affffff,,,
876ad34ecffffff,,,
876ad534effffff,,,
876aeedaeffffff,,,
876ac50d8ffffff,,,
8796d37a9ffffff,,,
8796d3970ffffff,,,
876ad109effffff,,,
876adccd6ffffff,,,
876ac0c61ffffff,,,
876ac2ac3ffffff,,,
876ac4925ffffff,,,
876ad0724ffffff,,,
876adc523ffffff,,,
876ac04aeffffff,,,
876ac2310ffffff,,,
876ac4172ffffff,,,
8796d2843ffffff,,,
876ad36b3ffffff,,,
876af1b0cffffff,,,
876af396effffff,,,
876ad1851ffffff,,,
8796d022effffff,,,
876ac5a52ffffff,,,
8796d2090ffffff,,,
8796d22c1ffffff,,,
876ac5821ffffff,,,
876ad1620ffffff,,,
876af1359ffffff,,,
876ad3482ffffff,,,
876ad52e4ffffff,,,
876aeed44ffffff,,,
876ac506effffff,,,
876adcc6cffffff,,,
876ac2a59ffffff,,,
876ae2792ffffff,,,
876aee591ffffff,,,
876ac671dffffff,,,
8796d6c50ffffff,0.019999999999988357,2026-07,valid
876ac0444ffffff,,,
876ac6205ffffff,,,
8796d2a74ffffff,,,
876ac22a6ffffff,,,
876ac43a3ffffff,,,
8796d0c12ffffff,,,
876ac4108ffffff,,,
876ac2541ffffff,,,
876ad1d69ffffff,,,
876af1aa2ffffff,,,
876ad5a2dffffff,,,
876ae368effffff,,,
876ade5b6ffffff,,,
8796d2026ffffff,,,
876ad15b6ffffff,,,
876ad3418ffffff,,,
876ac4b56ffffff,,,
876aeecdaffffff,,,
876ac5004ffffff,,,
876adada0ffffff,,,
876ac2cf4ffffff,,,
8796d36d5ffffff,,,
876adcc02ffffff,,,
876ac0b8dffffff,,,
876ac4851ffffff,,,
876ad0650ffffff,,,
876aded69ffffff,,,
876ac66b3ffffff,,,
876ac409effffff,,,
876ad1108ffffff,,,
876ad3b61ffffff,,,
876af1285ffffff,,,
876ad154cffffff,,,
876ad33aeffffff,,,
876ad5210ffffff,,,
876aeec70ffffff,,,
876adad36ffffff,,,
8796d366bffffff,,,
876ad371dffffff,,,
876ac0b23ffffff,,,
876ac2985ffffff,,,
876ada583ffffff,,,
876ac6649ffffff,,,
8796d232bffffff,,,
8796d04c9ffffff,,,
876ac4034ffffff,,,
8796d2705ffffff,,,
876ad1c95ffffff,,,
876ad5959ffffff,,,
8796d00f0ffffff,,,
8796d67a2ffffff,,,
876ac56e3ffffff,,,
876af121bffffff,,,
876ad14e2ffffff,,,
8796d3db4ffffff,,,
876ad3344ffffff,,,
876ad020cffffff,,,
8796d2adeffffff,,,
876ac440dffffff,,,
876aeec06ffffff,,,
876adacccffffff,,,
8796d3601ffffff,,,
876ac6d92ffffff,,,
876ac25abffffff,,,
876ade990ffffff,,,
876ac291bffffff,,,
876aee453ffffff,,,
876ada519ffffff,,,
8796d6b12ffffff,,,
876ac6a22ffffff,,,
8796d3291ffffff,,,
876ac2168ffffff,,,
8796d269bffffff,,,
876aee896ffffff,,,
876ad1c2bffffff,,,
876ac2d5effffff,,,
876ad3a8dffffff,,,
8796d0086ffffff,,,
8796d3d4affffff,,,
876ad32daffffff,,,
876ac6d28ffffff,,,
876ad1172ffffff,,,
876ade926ffffff,,,
876ac28b1ffffff,,,
876ac4713ffffff,,,
876af024bffffff,,,
876ac6575ffffff,,,
876ae324affffff,,,
876ade173ffffff,,,
8796d6aa8ffffff,,,
8796d2631ffffff,,,
8796d4493ffffff,,,
8796d62f5ffffff,,,
876ad3a23ffffff,,,
8796d001cffffff,,,
8796d6059ffffff,,,
876ae34e6ffffff,,,
876ad140effffff,,,
876af165effffff,,,
876ad1925ffffff,,,
8796d3ce0ffffff,,,
876ac5b26ffffff,,,
8796d2395ffffff,,,
876ad3270ffffff,,,
8796d0533ffffff,,,
8796d352dffffff,,,
876ac0000ffffff,,,
876ac46a9ffffff,,,
8796d680cffffff,,,
876ac650bffffff,,,
876ade109ffffff,,,
876ac62d9ffffff,,,
876ac2094ffffff,,,
876ad0276ffffff,,,
8796d2b48ffffff,,,
8796d0765ffffff,,,
876ac5d58ffffff,,,
8796d0ce6ffffff,,,
876ac2615ffffff,,,
8796d628bffffff,,,
876ac07b3ffffff,,,
876ac55a5ffffff,,,
876ad13a4ffffff,,,
876af10ddffffff,,,
8796d3c76ffffff,,,
876adc828ffffff,,,
876ad3206ffffff,,,
876ac6a8cffffff,,,
876ad5068ffffff,,,
876ac4c2affffff,,,
8796d34c3ffffff,,,
876ac6c54ffffff,,,
876ade852ffffff,,,
8796d2d10ffffff,,,
876ac64a1ffffff,,,
876ad22a0ffffff,,,
876ac202affffff,,,
8796d255dffffff,,,
876ac5ceeffffff,,,
876ad1aedffffff,,,
8796d6221ffffff,,,
876ae3412ffffff,,,
8796d3c0cffffff,,,
876ad319cffffff,,,
876ac4d88ffffff,,,
8796d3459ffffff,,,
876adc986ffffff,,,
876ad5653ffffff,,,
876ac0911ffffff,,,
8796d60c3ffffff,,,
876ac2773ffffff,,,
876af16c8ffffff,,,
8796d2ca6ffffff,,,
876ac5b90ffffff,,,
876ade035ffffff,,,
8796d696affffff,,,
876ac015effffff,,,
8796d059dffffff,,,
8796d0691ffffff,,,
8796d24f3ffffff,,,
876ac5c84ffffff,,,
876ad1a83ffffff,,,
876ad38e5ffffff,,,
876ac006affffff,,,
876ae33a8ffffff,,,
8796d6876ffffff,,,
876ac54d1ffffff,0.02,2026-06,valid
876ad12d0ffffff,,,
876ac6343ffffff,,,
876ad02e0ffffff,,,
8796d2bb2ffffff,,,
876ac44e1ffffff,,,
876ac4d1effffff,,,
876ac6b80ffffff,,,
876adc91cffffff,,,
876ac081dffffff,,,
876ac2709ffffff,,,
876ac456bffffff,,,
876ad036affffff,,,
87968922dffffff,,,
876adc892ffffff,,,
8796d6900ffffff,,,
876ac6af6ffffff,,,
876ad0a93ffffff,,,
876ac4c94ffffff,,,
876ac00f4ffffff,,,
876ae3af1ffffff,,,
8796d2489ffffff,,,
876ac5c1affffff,,,
876ad1a19ffffff,,,
876af1752ffffff,,,
8796d614dffffff,,,
876ad56ddffffff,,,
876ad1266ffffff,,,
876ad30c8ffffff,,,
876ad30a8ffffff,,,
876ac4cb4ffffff,,,
876ad0ab3ffffff,,,
8796d3385ffffff,,,
876ad1246ffffff,,,
876ac6b16ffffff,,,
876adc8b2ffffff,,,
876ac4501ffffff,,,
876ae331effffff,,,
876ad0300ffffff,,,
876ac6363ffffff,,,
8796d6896ffffff,,,
876ac008affffff,,,
876ac5bb0ffffff,,,
876af16e8ffffff,,,
8796d60e3ffffff,,,
876ad385bffffff,,,
8796d612dffffff,,,
876ad3811ffffff,,,
876ad5673ffffff,,,
876af1732ffffff,,,
8796d2469ffffff,,,
876ae32d4ffffff,,,
876ae3ad1ffffff,,,
876ad305effffff,,,
876ac4c4affffff,,,
876ad0a49ffffff,,,
876ac6aacffffff,,,
876ac00d4ffffff,,,
8796d68e0ffffff,,,
876ac2635ffffff,,,
8796d2b68ffffff,,,
876ad0296ffffff,,,
87968920dffffff,,,
876ac63adffffff,,,
876ad034affffff,,,
8796d2c1cffffff,,,
876adc095ffffff,,,
876ac454bffffff,,,
8796d682cffffff,,,
876ac0020ffffff,,,
876ac26e9ffffff,,,
8796d0553ffffff,,,
876ae3a1dffffff,,,
8796d23b5ffffff,,,
876ac5b46ffffff,,,
876ad1945ffffff,,,
876ad5609ffffff,,,
876ae326affffff,,,
876ac6b60ffffff,,,
876ad1192ffffff,,,
876aee8b6ffffff,,,
8796d32b1ffffff,,,
876ac6a42ffffff,,,
876ac0769ffffff,,,
8796d0c9cffffff,,,
876ac442dffffff,,,
876ad022cffffff,,,
8796d04e9ffffff,,,
8796d234bffffff,,,
876ac5adcffffff,,,
876ad18dbffffff,,,
876af1614ffffff,,,
876ad12b0ffffff,,,
876ae3200ffffff,,,
876ac54b1ffffff,,,
876ac5329ffffff,,,
876ae3388ffffff,,,
876ad1128ffffff,,,
876aded89ffffff,,,
876ac2d14ffffff,,,
876ac4b76ffffff,,,
876ad38c5ffffff,,,
876ac2561ffffff,,,
8796d0c32ffffff,,,
8796d2a94ffffff,,,
876af179cffffff,,,
876ad1a63ffffff,,,
876ac6225ffffff,,,
876ac5c64ffffff,,,
8796d24d3ffffff,,,
8796d6758ffffff,,,
8796d0671ffffff,,,
8796d22e1ffffff,,,
876ac5a72ffffff,,,
876ad1871ffffff,,,
876af15aaffffff,,,
876ad36d3ffffff,,,
8796d694affffff,,,
876ade015ffffff,,,
876ad2216ffffff,,,
876adc1b3ffffff,,,
8796d3990ffffff,,,
876ad03b4ffffff,,,
8796d2c86ffffff,,,
876ac45b5ffffff,,,
876ac2caaffffff,,,
876ac4b0cffffff,,,
876ac2753ffffff,,,
876ac696effffff,,,
876ad276dffffff,,,
876ac08f1ffffff,,,
876ade56cffffff,0.009999999999976717,2026-07,valid
876ac0695ffffff,,,
876ac4359ffffff,,,
876adc966ffffff,,,
8796d2a2affffff,,,
876ad0158ffffff,,,
876ac4d68ffffff,,,
8796d66eeffffff,,,
876af3b55ffffff,,,
8796d0415ffffff,,,
876ac5a08ffffff,,,
876af1540ffffff,,,
876ad3669ffffff,,,
876ad54cbffffff,,,
876ad1054ffffff,,,
8796d3926ffffff,,,
876adecb5ffffff,,,
876ac2c40ffffff,,,
876af1053ffffff,,,
876ad131affffff,,,
876ac4aa2ffffff,,,
876ac551bffffff,,,
8796d3173ffffff,,,
876ac6904ffffff,,,
876ade502ffffff,,,
876ac062bffffff,,,
876ac248dffffff,,,
876ad00eeffffff,,,
876ac6151ffffff,,,
876ad5791ffffff,,,
8796d6684ffffff,,,
876af3aebffffff,,,
8796d6201ffffff,,,
8796d03abffffff,,,
8796d220dffffff,,,
876ac599effffff,,,
876ad1acdffffff,,,
876ad179dffffff,,,
876af14d6ffffff,,,
876ac5cceffffff,,,
8796d06dbffffff,,,
876adec4bffffff,,,
876ac0d74ffffff,,,
876ac200affffff,,,
8796d3109ffffff,,,
876ac689affffff,,,
876ac01a8ffffff,,,
876ade498ffffff,,,
876ac2423ffffff,,,
876ac4285ffffff,,,
876ad2280ffffff,,,
8796d2956ffffff,,,
8796892e1ffffff,,,
876ac6481ffffff,,,
8796d2cf0ffffff,,,
8796d661affffff,,,
876ad5baaffffff,,,
8796d21a3ffffff,,,
876ac5934ffffff,,,
876ac095bffffff,,,
876ad1733ffffff,,,
876af146cffffff,,,
876ade832ffffff,,,
876af32ceffffff,,,
876ad3595ffffff,,,
876ac6c34ffffff,,,
8796d34a3ffffff,,,
876ac5181ffffff,,,
8796d3852ffffff,,,
876ac0d0affffff,,,
876ac2b6cffffff,,,
876ac6830ffffff,,,
876ade42effffff,,,
876ad5048ffffff,,,
876ac421bffffff,,,
8796d28ecffffff,,,
876ad001affffff,,,
8796d3c56ffffff,,,
876ad1384ffffff,,,
876ad3cdeffffff,,,
876ad5b40ffffff,,,
876ac5585ffffff,,,
876ac58caffffff,,,
876ad16c9ffffff,,,
876af1402ffffff,,,
876af3264ffffff,,,
876ad352bffffff,,,
876ad538dffffff,,,
876adcd15ffffff,,,
876ac0ca0ffffff,,,
876ac2b02ffffff,,,
876ad3999ffffff,,,
8796d626bffffff,,,
876ac4964ffffff,,,
876ad0763ffffff,,,
8796d3035ffffff,,,
876adc562ffffff,,,
876ac04edffffff,,,
8796d0745ffffff,,,
876ac2074ffffff,,,
876ac41b1ffffff,,,
8796d2882ffffff,,,
876ac6013ffffff,,,
876af1b4bffffff,,,
8796d6a1effffff,,,
876ad5ad6ffffff,,,
876ad22eaffffff,,,
876ac5860ffffff,,,
876ac64ebffffff,,,
8796d2d5affffff,,,
876ada425ffffff,,,
876af1398ffffff,,,
876ac4689ffffff,,,
876ad34c1ffffff,,,
876ad5323ffffff,,,
876aeed83ffffff,,,
876ac50adffffff,,,
876adccabffffff,,,
876ac0c36ffffff,,,
876ac2a98ffffff,,,
876ac675cffffff,,,
876ade89cffffff,,,
876ac0483ffffff,,,
876ac6c9effffff,,,
8796d350dffffff,,,
8796d2818ffffff,,,
876ad1da8ffffff,,,
876af1ae1ffffff,,,
876af3943ffffff,,,
876ad5a6cffffff,,,
8796d0203ffffff,,,
876ae36cdffffff,,,
8796d2065ffffff,,,
876af132effffff,,,
876aeed19ffffff,,,
876ad3250ffffff,,,
876ac5043ffffff,,,
8796d3714ffffff,,,
8796d3cc0ffffff,,,
876adcc41ffffff,,,
876ac2a2effffff,,,
876aee566ffffff,,,
876ac4890ffffff,,,
876ac66f2ffffff,,,
876ae34c6ffffff,,,
876adc48effffff,,,
876ac0419ffffff,,,
876ad5865ffffff,,,
876ac40ddffffff,,,
8796d27aeffffff,,,
876ad3a03ffffff,,,
8796d62d5ffffff,,,
876ad3ba0ffffff,,,
876ad1ba1ffffff,,,
876ac5da2ffffff,,,
876ad5a02ffffff,,,
8796d2611ffffff,,,
8796d0199ffffff,,,
876ae3663ffffff,,,
876ac578cffffff,,,
876af12c4ffffff,,,
876ad158bffffff,,,
876ac20deffffff,,,
8796d36aaffffff,,,
876ac0b62ffffff,,,
876ac4826ffffff,,,
8796d6a88ffffff,,,
876ad0625ffffff,,,
876ade153ffffff,,,
876ac6688ffffff,,,
876adc424ffffff,,,
876ac6555ffffff,,,
876ac46f3ffffff,,,
876ac4073ffffff,,,
876ac2891ffffff,,,
8796d2744ffffff,,,
876ad1cd4ffffff,,,
8796d45a6ffffff,,,
876af1a0dffffff,,,
876ad3b36ffffff,,,
876ade906ffffff,,,
876ac5722ffffff,,,
876af125affffff,,,
876ad1521ffffff,,,
876ad3383ffffff,,,
876ac6d08ffffff,,,
876aeec45ffffff,,,
8796d3640ffffff,,,
876ac295affffff,,,
876ae2693ffffff,,,
876aee492ffffff,,,
876ac661effffff,,,
8796d6b51ffffff,,,
876ac4009ffffff,,,
8796d26daffffff,,,
8796d3d2affffff,,,
876ad1458ffffff,,,
876ad1c6affffff,,,
8796d639effffff,,,
876ad3accffffff,,,
876ad592effffff,,,
8796d00c5ffffff,,,
8796d3d89ffffff,,,
876ad3319ffffff,,,
876adaca1ffffff,,,
876ad3a6dffffff,,,
876ade965ffffff,,,
876ac0a8effffff,,,
876ad1c0bffffff,,,
876ac28f0ffffff,,,
876aee428ffffff,,,
876ac4752ffffff,,,
876ac65b4ffffff,,,
876ac2148ffffff,,,
876ade1b2ffffff,,,
8796d6af2ffffff,,,
8796d2670ffffff,,,
8796d44d2ffffff,,,
876ad1c00ffffff,,,
8796d6334ffffff,,,
876ad3a62ffffff,,,
876ac475dffffff,,,
8796d005bffffff,,,
876aee433ffffff,,,
876ad144dffffff,,,
8796d356cffffff,,,
876ac0a99ffffff,,,
876ac0a24ffffff,0.03000000000001746,2026-06,valid
876ade970ffffff,,,
876ac2886ffffff,,,
876ac46e8ffffff,,,
876ac6d72ffffff,,,
876ada484ffffff,,,
876adacacffffff,,,
876ac654affffff,,,
876ac20d3ffffff,,,
8796d07a4ffffff,,,
8796d2606ffffff,,,
876ad1b96ffffff,,,
8796d62caffffff,,,
876ad3324ffffff,,,
8796d3cb5ffffff,,,
876ad3245ffffff,,,
8796d3d94ffffff,,,
876ad14c2ffffff,,,
8796d3502ffffff,,,
876ac6c93ffffff,,,
876ae359affffff,,,
8796d00d0ffffff,,,
876ade891ffffff,,,
876ac281cffffff,,,
876ac64e0ffffff,,,
8796d6a13ffffff,,,
8796d63a9ffffff,,,
876ac2069ffffff,,,
8796d259cffffff,,,
876ad1c75ffffff,,,
876ac5d2dffffff,,,
8796d26e5ffffff,,,
876ad1b2cffffff,,,
876ac4014ffffff,,,
8796d6260ffffff,,,
876ac21b2ffffff,,,
876ad398effffff,,,
876af10b2ffffff,,,
8796d3c4bffffff,,,
8796d3498ffffff,,,
876ac6c29ffffff,,,
876ac6629ffffff,,,
876ac0950ffffff,,,
876ac27b2ffffff,,,
876aee49dffffff,,,
876ac4614ffffff,,,
8796d2ce5ffffff,,,
876ae269effffff,,,
876ac2965ffffff,,,
876ac6476ffffff,,,
876ac0b03ffffff,,,
8796892d6ffffff,,,
876ade074ffffff,,,
8796d69a9ffffff,,,
876ac019dffffff,,,
8796d06d0ffffff,,,
8796d2532ffffff,,,
876ac5cc3ffffff,,,
876ad1ac2ffffff,,,
8796d364bffffff,,,
876adad16ffffff,,,
876ad3924ffffff,,,
876aeec50ffffff,,,
876ad5786ffffff,,,
876ac5510ffffff,,,
876af1048ffffff,,,
876ad3171ffffff,,,
876ac4d5dffffff,,,
8796d342effffff,,,
876ac08e6ffffff,,,
876ac2748ffffff,,,
876ad338effffff,,,
876ac45aaffffff,,,
876ad152cffffff,,,
876af1265ffffff,,,
876ad03a9ffffff,,,
876ac572dffffff,,,
876ac640cffffff,,,
87968926cffffff,,,
876adc1a8ffffff,,,
876ade00affffff,,,
876ac0133ffffff,,,
8796d0666ffffff,,,
8796d24c8ffffff,,,
876ac5c59ffffff,,,
876ad1a58ffffff,,,
876af1791ffffff,,,
876ad3b41ffffff,,,
8796d618cffffff,,,
876ad571cffffff,,,
876af1a18ffffff,,,
8796d45b1ffffff,,,
876ac54a6ffffff,,,
876ad12a5ffffff,,,
876ac4cf3ffffff,,,
876ac6b55ffffff,,,
876adc8f1ffffff,,,
876ac26deffffff,,,
876ac4540ffffff,,,
8796d2c11ffffff,,,
876ac63a2ffffff,,,
879689202ffffff,,,
8796d68d5ffffff,,,
876ac00c9ffffff,,,
876ac6693ffffff,,,
876ae3ac6ffffff,,,
8796d245effffff,,,
876ac4831ffffff,,,
8796d6122ffffff,,,
876ad3850ffffff,,,
876ad56b2ffffff,,,
876ac0b6dffffff,,,
876ad309dffffff,,,
876ac4c89ffffff,,,
876ac6aebffffff,,,
876ac0812ffffff,,,
8796d36b5ffffff,,,
876adad80ffffff,,,
876ac2674ffffff,,,
876ac44d6ffffff,,,
876ad02d5ffffff,,,
8796d686bffffff,,,
8796d0592ffffff,,,
876ae3a5cffffff,,,
876ad525affffff,,,
876ac5b85ffffff,,,
876ad1984ffffff,,,
876ad5648ffffff,,,
876ae32a9ffffff,,,
876ad1596ffffff,,,
876ad3033ffffff,,,
8796d2006ffffff,,,
876ae366effffff,,,
8796d01a4ffffff,,,
876ac6a81ffffff,,,
876adc81dffffff,,,
876ad5a0dffffff,,,
876ac07a8ffffff,,,
876ac260affffff,,,
876ad3babffffff,,,
8796d0cdbffffff,,,
876ac446cffffff,,,
876ad026bffffff,,,
876af1a82ffffff,,,
876ad1d49ffffff,,,
876ac62ceffffff,,,
8796d6801ffffff,,,
876ac40e8ffffff,,,
8796d0528ffffff,,,
8796d238affffff,,,
876ac5b1bffffff,,,
876ad191affffff,,,
876af1653ffffff,,,
876ac0424ffffff,,,
8796d604effffff,,,
876ac2d53ffffff,,,
876adc499ffffff,,,
876ac4bb5ffffff,,,
8796d3286ffffff,,,
876ac489bffffff,,,
876aee571ffffff,,,
876ac25a0ffffff,,,
876ae22d9ffffff,,,
8796d0c71ffffff,,,
876ac4402ffffff,,,
8796d2ad3ffffff,,,
876ad0201ffffff,,,
876ac6264ffffff,,,
876adcc4cffffff,,,
8796d2320ffffff,,,
876ac5ab1ffffff,,,
876ad18b0ffffff,,,
876ac504effffff,,,
876ad3712ffffff,,,
876aded5effffff,,,
876ac2ce9ffffff,,,
876ac4b4bffffff,,,
876ad52c4ffffff,,,
876ac69adffffff,,,
876ad3462ffffff,,,
876ade5abffffff,,,
876ad1600ffffff,,,
876ac06d4ffffff,,,
876ac2536ffffff,,,
876ac5801ffffff,,,
8796d2070ffffff,,,
876ac4398ffffff,,,
876ae36d8ffffff,,,
8796d2a69ffffff,,,
8796d020effffff,,,
8796d672dffffff,,,
8796d0454ffffff,,,
8796d22b6ffffff,,,
876ad1846ffffff,,,
876ad36a8ffffff,,,
876af394effffff,,,
876ad1db3ffffff,,,
876af1aecffffff,,,
8796d2823ffffff,,,
876ad1093ffffff,,,
876ac4152ffffff,,,
8796d3965ffffff,,,
876adecf4ffffff,,,
876ac4ae1ffffff,,,
8796d31b2ffffff,,,
876ac6943ffffff,,,
876ac048effffff,,,
876ade541ffffff,,,
876adc503ffffff,,,
876ac24ccffffff,,,
876ad0704ffffff,,,
876ac432effffff,,,
876ac4905ffffff,,,
876ac6190ffffff,,,
876ac2aa3ffffff,,,
8796d66c3ffffff,,,
876af3b2affffff,,,
876ac0c41ffffff,,,
8796d224cffffff,,,
876af1515ffffff,,,
876ad1029ffffff,,,
876adccb6ffffff,,,
876adec8affffff,,,
8796d3789ffffff,,,
876ac0db3ffffff,,,
876ac2c15ffffff,,,
876aeed8effffff,,,
876ac68d9ffffff,,,
876ac0600ffffff,,,
876ac2462ffffff,,,
876ac42c4ffffff,,,
876ad532effffff,,,
8796d2995ffffff,,,
876ad00c3ffffff,,,
876ac6126ffffff,,,
876ad34ccffffff,,,
876af13a3ffffff,,,
876ad166affffff,,,
8796d6659ffffff,,,
876af3ac0ffffff,,,
876ac586bffffff,,,
8796d20daffffff,,,
8796d0380ffffff,,,
876ac5973ffffff,,,
876ad1772ffffff,,,
876af14abffffff,,,
876ad5ae1ffffff,,,
8796d3891ffffff,,,
876adec20ffffff,,,
876ac0d49ffffff,,,
876ac2babffffff,,,
876ac4a0dffffff,,,
876af1b56ffffff,,,
8796d30deffffff,,,
876ad266effffff,,,
876ac601effffff,,,
8796d288dffffff,,,
876ade46dffffff,,,
876ac0596ffffff,,,
876ac425affffff,,,
8796d292bffffff,,,
876ad0059ffffff,,,
876af3a56ffffff,,,
8796d0316ffffff,,,
876ac5909ffffff,,,
876ad1708ffffff,,,
876adc56dffffff,,,
876af1441ffffff,,,
8796d3040ffffff,,,
876ad076effffff,,,
876ad356affffff,,,
876ac5156ffffff,,,
876ac2b0dffffff,,,
876adcd54ffffff,,,
876adebb6ffffff,,,
876ac2b41ffffff,,,
876ac0cabffffff,,,
876ac49a3ffffff,,,
8796d3074ffffff,,,
876ac6805ffffff,,,
876adc5a1ffffff,,,
876ade403ffffff,,,
876ac052cffffff,,,
876adcd20ffffff,,,
876ac238effffff,,,
8796d28c1ffffff,,,
876ac6052ffffff,,,
876af1b8affffff,,,
876ac5122ffffff,,,
876ad5b15ffffff,,,
8796d02acffffff,,,
8796d210effffff,,,
876ad169effffff,,,
876ad3500ffffff,,,
876ad5362ffffff,,,
876ad5398ffffff,,,
876ac50ecffffff,,,
876adcceaffffff,,,
876ac0c75ffffff,,,
876af140dffffff,,,
876ad16d4ffffff,,,
876ac58d5ffffff,,,
8796d2144ffffff,,,
8796d300affffff,,,
876ac679bffffff,,,
8796d02e2ffffff,,,
876ac04c2ffffff,,,
876ac2324ffffff,,,
876ad5b4bffffff,,,
876ac4186ffffff,,,
876af1b20ffffff,,,
876ad3ce9ffffff,,,
876af3a22ffffff,,,
876ad5aabffffff,,,
8796d0242ffffff,,,
8796d20a4ffffff,,,
876ac6088ffffff,,,
876ac5835ffffff,,,
876ad0025ffffff,,,
876ad1634ffffff,,,
876ac4226ffffff,,,
876af136dffffff,,,
876ad3496ffffff,,,
876aeed58ffffff,,,
876ac5082ffffff,,,
876ac0562ffffff,,,
8796d3753ffffff,,,
876adcc80ffffff,,,
8796d6d6effffff,0.009999999999994178,2026-07,valid
876ac0c0bffffff,,,
876ac2a6dffffff,,,
876aee5a5ffffff,,,
8796d30aaffffff,,,
876ac6731ffffff,,,
8796d6c64ffffff,,,
876ac0458ffffff,,,
876ac411cffffff,,,
876ac0d15ffffff,,,
876ad5a41ffffff,,,
876af1303ffffff,,,
876ad342cffffff,,,
876ad528effffff,,,
876adcd8affffff,,,
876aeeceeffffff,,,
876ac5018ffffff,,,
8796d385dffffff,,,
876adadb4ffffff,,,
876ac518cffffff,,,
8796d36e9ffffff,,,
876adcc16ffffff,,,
876ac0ba1ffffff,,,
876ac2a03ffffff,,,
876ac4865ffffff,,,
876ad0664ffffff,,,
876adc463ffffff,,,
876ad35a0ffffff,,,
876af32d9ffffff,,,
876ac40b2ffffff,,,
8796d2783ffffff,,,
876ad1d13ffffff,,,
876af1a4cffffff,,,
876ad3b75ffffff,,,
8796d21aeffffff,,,
876af1299ffffff,,,
876ad1560ffffff,,,
876ad5224ffffff,,,
876aeec84ffffff,,,
8796d6625ffffff,,,
876ac2999ffffff,,,
876ae26d2ffffff,,,
876ac60f2ffffff,,,
876aee4d1ffffff,,,
8796d2961ffffff,,,
876ac4290ffffff,,,
876ac665dffffff,,,
8796d6b90ffffff,,,
876ac0384ffffff,,,
876ac242effffff,,,
876ac4048ffffff,,,
8796d2719ffffff,,,
876ad1ca9ffffff,,,
876ad3b0bffffff,,,
876af3844ffffff,,,
876ad596dffffff,,,
876ade4a3ffffff,,,
876ad14f6ffffff,,,
876ad3358ffffff,,,
876ac68a5ffffff,,,
8796d3114ffffff,,,
876ac4a43ffffff,,,
876aeec1affffff,,,
876adace0ffffff,,,
8796d3615ffffff,,,
876ac6da6ffffff,,,
876ade9a4ffffff,,,
876ac4791ffffff,,,
876ada52dffffff,,,
876adec56ffffff,,,
8796d6b26ffffff,,,
8796d6373ffffff,,,
876ad3aa1ffffff,,,
8796d009affffff,,,
876ad148cffffff,,,
8796d3d5effffff,,,
876ad32eeffffff,,,
8796d35abffffff,,,
876af3343ffffff,,,
876ad360affffff,,,
876ac28c5ffffff,,,
876af14e1ffffff,,,
876ad17a8ffffff,,,
876ac59a9ffffff,,,
8796d2218ffffff,,,
876ac6589ffffff,,,
8796d03b6ffffff,,,
876ad2388ffffff,,,
876ac2112ffffff,,,
8796d2645ffffff,,,
8796d6309ffffff,,,
876af3af6ffffff,,,
876ac5623ffffff,,,
876ad1422ffffff,,,
8796d3cf4ffffff,,,
876ac615cffffff,,,
876ad3284ffffff,,,
8796d3541ffffff,,,
876ac2498ffffff,,,
876ac6cd2ffffff,,,
876ac0636ffffff,,,
876ade8d0ffffff,,,
876ac285bffffff,,,
876ade50dffffff,,,
8796d2d8effffff,,,
876ade11dffffff,,,
8796d6a52ffffff,,,
876ac20a8ffffff,,,
876ac5d6cffffff,,,
876ac4aadffffff,,,
876ad1b6bffffff,,,
876ae3490ffffff,,,
876ac2c4bffffff,,,
876af10f1ffffff,,,
8796d3c8affffff,,,
876ad321affffff,,,
876ac6c68ffffff,,,
876adecc0ffffff,,,
876ade866ffffff,,,
876ac4653ffffff,,,
8796d3931ffffff,,,
8796d2d24ffffff,,,
876ac64b5ffffff,,,
876ad22b4ffffff,,,
876ade0b3ffffff,,,
8796d2571ffffff,,,
876ac5d02ffffff,,,
876ad1b01ffffff,,,
8796d6235ffffff,,,
876ad3963ffffff,,,
876ad3674ffffff,,,
876ad134effffff,,,
8796d3c20ffffff,,,
876ad31b0ffffff,,,
876af154bffffff,,,
876ad1812ffffff,,,
876ac5a13ffffff,,,
8796d2282ffffff,,,
876ac4d9cffffff,,,
8796d0420ffffff,,,
8796d346dffffff,,,
876adc99affffff,,,
876ac0925ffffff,,,
876af3b60ffffff,,,
876ac644bffffff,,,
8796892abffffff,,,
876ad224affffff,,,
876ac0172ffffff,,,
8796d06a5ffffff,,,
876ac5c98ffffff,,,
8796d2a35ffffff,,,
876ac4364ffffff,,,
876ad575bffffff,,,
876ac2502ffffff,,,
876ac54e5ffffff,,,
876ad12e4ffffff,,,
876ac06a0ffffff,,,
8796d3bb6ffffff,,,
876ad3146ffffff,,,
876ac4d32ffffff,,,
8796d3403ffffff,,,
876ac6b94ffffff,,,
876ade792ffffff,,,
876ac271dffffff,,,
8796d2c50ffffff,,,
876ac2cb5ffffff,,,
879689241ffffff,,,
8796d6914ffffff,,,
876ac0108ffffff,,,
8796d249dffffff,,,
876ac5c2effffff,,,
876ad1a2dffffff,,,
876aded2affffff,,,
876af1766ffffff,,,
8796d6161ffffff,,,
876ad56f1ffffff,,,
876ae3352ffffff,,,
8796d399bffffff,,,
876ad10c9ffffff,,,
876ad30dcffffff,,,
876aee99effffff,,,
876ac4cc8ffffff,,,
8796d3399ffffff,,,
876ac6b2affffff,,,
876adc8c6ffffff,,,
876ac0851ffffff,,,
876ac26b3ffffff,,,
8796d0d84ffffff,,,
876ac4515ffffff,,,
876ad36deffffff,,,
876ad0314ffffff,,,
876adc113ffffff,,,
8796d68aaffffff,,,
876ac009effffff,,,
8796d22ecffffff,,,
8796d2433ffffff,,,
8796d048affffff,,,
876ad3825ffffff,,,
876ae32e8ffffff,,,
876ac5411ffffff,,,
876ad1210ffffff,,,
876ad3072ffffff,,,
8796d6763ffffff,,,
876ac4c5effffff,,,
876ad0a5dffffff,,,
876ac6ac0ffffff,,,
876ac6230ffffff,,,
876ac44abffffff,,,
876ad02aaffffff,,,
876ac256cffffff,,,
876ac630dffffff,,,
8796d6840ffffff,,,
876ac070affffff,,,
876ac0034ffffff,,,
876ae3a31ffffff,,,
876ac5b5affffff,,,
876ad1959ffffff,,,
876af1692ffffff,,,
8796d608dffffff,,,
876ad561dffffff,,,
876ac4b81ffffff,,,
876ad11a6ffffff,,,
876ad3008ffffff,,,
876ac2d92ffffff,,,
876ac6a56ffffff,,,
8796d0cb0ffffff,,,
876ac4441ffffff,,,
876aded94ffffff,,,
8796d2b12ffffff,,,
876ad0240ffffff,,,
876ac62a3ffffff,,,
876ad1133ffffff,,,
876ac5af0ffffff,,,
876ac5334ffffff,,,
876af1628ffffff,,,
8796d6023ffffff,,,
876ad3751ffffff,,,
876ae320bffffff,,,
876ae3214ffffff,,,
876aded9dffffff,,,
876ac2d28ffffff,,,
876ac4b8affffff,,,
876ad3748ffffff,,,
8796d601affffff,,,
876ad18e6ffffff,,,
876ac0713ffffff,,,
8796d2356ffffff,,,
876ac2575ffffff,,,
8796d0c46ffffff,,,
8796d04f4ffffff,,,
8796d2aa8ffffff,,,
8796d676cffffff,,,
8796d0493ffffff,,,
8796d22f5ffffff,,,
876ac5a86ffffff,,,
876ad1885ffffff,,,
876adc036ffffff,,,
876ac629affffff,,,
8796d2b09ffffff,,,
876ad10d2ffffff,,,
8796d39a4ffffff,,,
876aded33ffffff,,,
876ac4b20ffffff,,,
876ac6982ffffff,,,
876ac0774ffffff,,,
876ade580ffffff,,,
876ac06a9ffffff,,,
876ac250bffffff,,,
876ac436dffffff,,,
876ac6a4dffffff,,,
8796d6702ffffff,,,
876af3b69ffffff,,,
8796d0429ffffff,,,
876ac2d89ffffff,,,
8796d228bffffff,,,
876ac5a1cffffff,,,
876ad181bffffff,,,
876af1554ffffff,,,
876ad1068ffffff,,,
876adecc9ffffff,,,
876ac2c54ffffff,,,
876ac4ab6ffffff,,,
876ad119dffffff,,,
876ac6918ffffff,,,
876ade516ffffff,,,
876ac24a1ffffff,,,
876ae3275ffffff,,,
876ac4303ffffff,,,
876ac6165ffffff,,,
876af1c9dffffff,,,
8796d6698ffffff,,,
876ad5614ffffff,,,
876ad37b2ffffff,,,
8796d6084ffffff,,,
8796d2221ffffff,,,
876ac59b2ffffff,,,
876af1689ffffff,,,
876ad1950ffffff,,,
876ac5b51ffffff,,,
876ad17b1ffffff,,,
876af14eaffffff,,,
876af334cffffff,,,
876ae3a28ffffff,,,
876ad3613ffffff,,,
8796d055effffff,,,
8796d38d0ffffff,,,
876ac0d88ffffff,,,
876ac002bffffff,,,
876ac4a4cffffff,,,
8796d311dffffff,,,
876ac68aeffffff,,,
876ade4acffffff,,,
876adc0a0ffffff,,,
876ac6304ffffff,,,
876ad02a1ffffff,,,
8796d2b73ffffff,,,
876ac4299ffffff,,,
876ac44a2ffffff,,,
8796d296affffff,,,
876ad0098ffffff,,,
876ac2640ffffff,,,
8796d662effffff,,,
876ac5948ffffff,,,
876af1480ffffff,,,
876ad35a9ffffff,,,
876ad0a54ffffff,,,
876ac4c55ffffff,,,
876ac5195ffffff,,,
8796d3866ffffff,,,
876adcd93ffffff,,,
876ac0d1effffff,,,
876ac2b80ffffff,,,
8796d30b3ffffff,,,
876ac6844ffffff,,,
876ad2643ffffff,,,
876ade442ffffff,,,
876ac056bffffff,,,
8796d2900ffffff,,,
876ad002effffff,,,
876ad3069ffffff,,,
876ac6091ffffff,,,
876af3a2bffffff,,,
876ad3cf2ffffff,,,
876ad5b54ffffff,,,
8796d02ebffffff,,,
876ac5408ffffff,,,
8796d214dffffff,,,
876ac58deffffff,,,
876ad16ddffffff,,,
876ad53a1ffffff,,,
876ac512bffffff,,,
876adcd29ffffff,,,
876ac0cb4ffffff,,,
876ac2b16ffffff,,,
876ad381cffffff,,,
8796d60eeffffff,,,
876adc576ffffff,,,
876af16f3ffffff,,,
876ac0501ffffff,,,
876ac2363ffffff,,,
8796d242affffff,,,
8796d2896ffffff,,,
876ad5aeaffffff,,,
8796d0281ffffff,,,
876ae374bffffff,,,
8796d20e3ffffff,,,
876ac5874ffffff,,,
876ac0095ffffff,,,
876ad1673ffffff,,,
876af13acffffff,,,
8796d68a1ffffff,,,
876ad34d5ffffff,,,
876ac50c1ffffff,,,
8796d3792ffffff,,,
876ac636effffff,,,
876ad030bffffff,,,
876ac450cffffff,,,
876ac0c4affffff,,,
876ac26aaffffff,,,
876ac2aacffffff,,,
876ac490effffff,,,
876ad070dffffff,,,
876ac0848ffffff,,,
876ac6770ffffff,,,
876adc50cffffff,,,
876ac415bffffff,,,
8796d282cffffff,,,
876ac6b21ffffff,,,
8796d3390ffffff,,,
876af1af5ffffff,,,
876ad5a80ffffff,,,
876ae36e1ffffff,,,
876ac580affffff,,,
876ad1609ffffff,,,
876af1342ffffff,,,
876ad346bffffff,,,
876ad52cdffffff,,,
876aeed2dffffff,,,
8796d3728ffffff,,,
876adcc55ffffff,,,
876ad30d3ffffff,,,
876ac2a42ffffff,,,
876ac48a4ffffff,,,
876ad1271ffffff,,,
876ac6706ffffff,,,
876ac5472ffffff,,,
876adc4a2ffffff,,,
876ae3349ffffff,,,
876ac042dffffff,,,
876ac40f1ffffff,,,
876ad1d52ffffff,,,
876af1a8bffffff,,,
876ad56e8ffffff,,,
876ad3bb4ffffff,,,
876ad5a16ffffff,,,
8796d01adffffff,,,
876ad3886ffffff,,,
8796d6158ffffff,,,
876ac57a0ffffff,,,
876af12d8ffffff,,,
876af175dffffff,,,
876ad1a24ffffff,,,
876ad3401ffffff,,,
876ac5c25ffffff,,,
8796d2494ffffff,,,
876ad5263ffffff,,,
876aeecc3ffffff,,,
876adad89ffffff,,,
8796d0632ffffff,,,
876ac0b76ffffff,,,
876aee510ffffff,,,
876ac669cffffff,,,
8796d690bffffff,,,
8796d2758ffffff,,,
876ad1ce8ffffff,,,
876ad0375ffffff,,,
876af1a21ffffff,,,
876ac4576ffffff,,,
876ad3b4affffff,,,
876ac2714ffffff,,,
876ae360dffffff,,,
876ac08b2ffffff,,,
876ac5736ffffff,,,
876af126effffff,,,
876ad1535ffffff,,,
876aeec59ffffff,,,
8796d3654ffffff,,,
876ac6b8bffffff,,,
876ac4d29ffffff,,,
876ac0b0cffffff,,,
876ac296effffff,,,
876aee4a6ffffff,,,
876ac6632ffffff,,,
876ac401dffffff,,,
8796d26eeffffff,,,
8796d63b2ffffff,,,
876ad3ae0ffffff,,,
876ad12dbffffff,,,
876ac54dcffffff,0.009999999999988358,2026-06,valid
8796d00d9ffffff,,,
876af1204ffffff,,,
876ad14cbffffff,,,
8796d3d9dffffff,,,
876ad332dffffff,,,
876adacb5ffffff,0.005477902130014262,2026-07,valid
876ad5752ffffff,,,
876ac0aa2ffffff,,,
876ac2904ffffff,,,
876ad38f0ffffff,,,
876ac4766ffffff,,,
876ada502ffffff,,,
876ad1a8effffff,,,
876ac2151ffffff,,,
8796d069cffffff,,,
8796d2684ffffff,,,
876ad1c14ffffff,,,
8796d6348ffffff,,,
876ad3a76ffffff,,,
876ac0169ffffff,,,
876ad1461ffffff,,,
8796d6975ffffff,,,
876af119affffff,,,
876ade040ffffff,,,
8796d3d33ffffff,,,
876ad32c3ffffff,,,
876ac6442ffffff,,,
8796d2cb1ffffff,,,
8796d3580ffffff,,,
876ac6d11ffffff,,,
876ac289affffff,,,
876ada498ffffff,,,
876ac091cffffff,,,
876ac655effffff,,,
876ade15cffffff,,,
8796d6a91ffffff,,,
8796d261affffff,,,
876ac5dabffffff,,,
876adc991ffffff,,,
876ad1baaffffff,,,
8796d3464ffffff,,,
876ac4d93ffffff,,,
8796d62deffffff,,,
876ad3a0cffffff,,,
876ad586effffff,,,
8796d3cc9ffffff,,,
876ad3259ffffff,,,
8796d3516ffffff,,,
876ade8a5ffffff,,,
876ac2830ffffff,,,
876ac4692ffffff,,,
876ada42effffff,,,
876ad1345ffffff,,,
8796d2d63ffffff,,,
876ac64f4ffffff,,,
876ac5546ffffff,,,
876ad22f3ffffff,,,
876ae341dffffff,,,
876ade0f2ffffff,,,
8796d074effffff,,,
8796d25b0ffffff,,,
876ac5d41ffffff,,,
876ad1b40ffffff,,,
876ad395affffff,,,
8796d622cffffff,,,
8796d4412ffffff,,,
8796d6274ffffff,,,
876ad39a2ffffff,,,
8796d2568ffffff,,,
876ac558effffff,,,
876ad138dffffff,,,
876af10c6ffffff,,,
8796d0706ffffff,,,
876ac2035ffffff,,,
8796d34acffffff,,,
876ac0964ffffff,,,
876ac4628ffffff,,,
876ac648affffff,,,
8796892eaffffff,,,
876ade0aaffffff,,,
876ad22abffffff,,,
876ad2289ffffff,,,
876ac64acffffff,,,
8796d2d1bffffff,,,
876ade088ffffff,,,
876ac464affffff,,,
876ac01b1ffffff,,,
876ac2013ffffff,,,
8796d06e4ffffff,,,
8796d2546ffffff,,,
876ad1ad6ffffff,,,
876ac0986ffffff,,,
8796d620affffff,,,
876ad579affffff,,,
876ade85dffffff,,,
876ac5524ffffff,,,
876ad1323ffffff,,,
8796d34ceffffff,,,
876af105cffffff,,,
876ad3185ffffff,,,
876ac4d71ffffff,,,
8796d3442ffffff,,,
876ac275cffffff,,,
876ac6420ffffff,,,
876ade01effffff,,,
8796d6953ffffff,,,
876ad3211ffffff,,,
8796d24dcffffff,,,
8796d3c81ffffff,,,
876af10e8ffffff,,,
876ac5c6dffffff,,,
876ad1a6cffffff,,,
876ac55b0ffffff,,,
876af17a5ffffff,,,
8796d61a0ffffff,,,
876ad38ceffffff,,,
876ad311bffffff,,,
876ac6b69ffffff,,,
8796d6296ffffff,,,
876ac0890ffffff,,,
876ac26f2ffffff,,,
876ac4554ffffff,,,
876ad1b62ffffff,,,
8796d2c25ffffff,,,
876ac5d63ffffff,,,
876ad0353ffffff,,,
876ac63b6ffffff,,,
879689216ffffff,,,
8796d68e9ffffff,,,
8796d0770ffffff,,,
876ac00ddffffff,,,
8796d0610ffffff,,,
876ac3da1ffffff,,,
876ae3adaffffff,,,
8796d2472ffffff,,,
876ac5c03ffffff,,,
876ad1a02ffffff,,,
8796d6136ffffff,,,
876ad3864ffffff,,,
876ade114ffffff,,,
876ad56c6ffffff,,,
876ac5450ffffff,,,
876ad30b1ffffff,,,
876ac6516ffffff,,,
8796d2d85ffffff,,,
876ac46b4ffffff,,,
876ac4c9dffffff,,,
876ad0a9cffffff,,,
876adc89bffffff,,,
876ac2852ffffff,,,
876ac0826ffffff,,,
876ac2688ffffff,,,
876ac44eaffffff,,,
876ad02e9ffffff,,,
876ac634cffffff,,,
876ac6cc9ffffff,,,
876adac03ffffff,0.000202421944699091,2025-09,valid
876ac0073ffffff,,,
8796d05a6ffffff,,,
876ae3a70ffffff,,,
8796d2408ffffff,,,
876ac5b99ffffff,,,
876ad1998ffffff,,,
876af16d1ffffff,,,
8796d60ccffffff,,,
876ad565cffffff,,,
876ad50ddffffff,,,
876ac4c33ffffff,,,
8796d3cebffffff,,,
876ad1419ffffff,,,
876ac561affffff,,,
876ac6a95ffffff,,,
876adc831ffffff,,,
876ae34f1ffffff,,,
876ade693ffffff,,,
876ac261effffff,,,
876ac4480ffffff,,,
8796d2b51ffffff,,,
876ac62e2ffffff,,,
8796d6815ffffff,,,
876ac0009ffffff,,,
876ad3a2effffff,,,
8796d6300ffffff,,,
876ae3a06ffffff,,,
8796d239effffff,,,
876ad192effffff,,,
8796d449effffff,,,
8796d6062ffffff,,,
876ad3790ffffff,,,
876ae3253ffffff,,,
876ac2109ffffff,,,
8796d329affffff,,,
876ac6a2bffffff,,,
876ac0752ffffff,,,
876ac25b4ffffff,,,
876ae22edffffff,,,
8796d6ab3ffffff,,,
8796d0c85ffffff,,,
876ac4416ffffff,,,
876ad0215ffffff,,,
876ac6580ffffff,,,
876adc014ffffff,,,
876ac471effffff,,,
8796d67abffffff,,,
8796d04d2ffffff,,,
8796d2334ffffff,,,
876ac5ac5ffffff,,,
876ad18c4ffffff,,,
876ad3726ffffff,,,
876ade931ffffff,,,
876ac5312ffffff,,,
876ad1111ffffff,,,
876ac6d33ffffff,,,
8796d35a2ffffff,,,
876aded72ffffff,,,
876ac254affffff,,,
8796d0c1bffffff,,,
876ac43acffffff,,,
876ad32e5ffffff,,,
876ac620effffff,,,
8796d3d55ffffff,,,
876ad1483ffffff,,,
8796d6741ffffff,,,
876ac5684ffffff,,,
8796d0468ffffff,,,
8796d22caffffff,,,
876ad185affffff,,,
8796d0091ffffff,,,
876aded08ffffff,,,
876ac2c93ffffff,,,
876ac4af5ffffff,,,
876ad3a98ffffff,,,
8796d636affffff,,,
876ad1c36ffffff,,,
876ade555ffffff,,,
876ac24e0ffffff,,,
8796d26a6ffffff,,,
876ac4342ffffff,,,
8796d2a13ffffff,,,
876ac61a4ffffff,,,
876ac2173ffffff,,,
876af1cdcffffff,,,
8796d2260ffffff,,,
8796d6b1dffffff,,,
876af1529ffffff,,,
876ad3652ffffff,,,
876ada524ffffff,,,
876ac4788ffffff,,,
876aee45effffff,,,
876adec9effffff,,,
876ac2926ffffff,,,
876ac2c29ffffff,,,
876ac4a8bffffff,,,
8796d315cffffff,,,
876ac68edffffff,,,
876ac0ac4ffffff,,,
876ad26ecffffff,,,
876ade4ebffffff,,,
876ade99bffffff,,,
876ac0614ffffff,,,
876ac2476ffffff,,,
876ac42d8ffffff,,,
876ac6d9dffffff,,,
8796d29a9ffffff,,,
8796d360cffffff,,,
8796d666dffffff,,,
876aeec11ffffff,,,
8796d0394ffffff,,,
876ad1786ffffff,,,
8796d38a5ffffff,,,
876adec34ffffff,,,
876ac0d5dffffff,,,
876ac4a21ffffff,,,
876af1226ffffff,,,
876ad14edffffff,,,
8796d30f2ffffff,,,
876ac6883ffffff,,,
876ade481ffffff,,,
876ac05aaffffff,,,
876ac240cffffff,,,
876ac426effffff,,,
876ad5964ffffff,,,
876ad006dffffff,,,
876ac60d0ffffff,,,
876ad3b02ffffff,,,
8796d6603ffffff,,,
876af3a6affffff,,,
876ad1ca0ffffff,,,
8796d218cffffff,,,
876ac591dffffff,,,
8796d2710ffffff,,,
876ad171cffffff,,,
876af1455ffffff,,,
876ac516affffff,,,
876adcd68ffffff,,,
876ac0cf3ffffff,,,
876ac2b55ffffff,,,
8796d3088ffffff,,,
876ac6819ffffff,,,
876adc5b5ffffff,,,
8796d6d4cffffff,,,
876ac0540ffffff,,,
876ac23a2ffffff,,,
876ac6654ffffff,,,
876ada58effffff,,,
876ac4204ffffff,,,
8796d28d5ffffff,,,
876aee4c8ffffff,,,
876ad0003ffffff,,,
876ae26c9ffffff,,,
876ac2990ffffff,,,
876ac6066ffffff,,,
876ac0b2effffff,,,
876af3a00ffffff,,,
876ad5b29ffffff,,,
8796d02c0ffffff,,,
8796d2122ffffff,,,
876ac58b3ffffff,,,
876ad16b2ffffff,,,
8796d3676ffffff,,,
876af324dffffff,,,
876ad3514ffffff,,,
876ad5376ffffff,,,
876ac5100ffffff,,,
876ac0c89ffffff,,,
876ac2aebffffff,,,
876ac494dffffff,,,
876ad074cffffff,,,
8796d301effffff,,,
876adc54bffffff,,,
876ad521bffffff,,,
8796d6ce2ffffff,0.010000000000029104,2026-07,valid
876ac04d6ffffff,,,
876ac419affffff,,,
876af1290ffffff,,,
8796d286bffffff,,,
8796d0256ffffff,,,
876ac5849ffffff,,,
876ad1648ffffff,,,
876af1381ffffff,,,
876ad34aaffffff,,,
876ad530cffffff,,,
876aeed6cffffff,,,
876ac5096ffffff,,,
876adcc94ffffff,,,
876ad3b6cffffff,,,
876ac2a81ffffff,,,
876af1a43ffffff,,,
876ad1d0affffff,,,
876ac48e3ffffff,,,
876ac6745ffffff,,,
876adc4e1ffffff,,,
876ac40a9ffffff,,,
876ac046cffffff,,,
876ac22ceffffff,,,
876ac4130ffffff,,,
8796d2801ffffff,,,
876af1acaffffff,,,
876ad1d91ffffff,,,
876ad5a55ffffff,,,
876ae36b6ffffff,,,
8796d204effffff,,,
876ad3440ffffff,,,
876ad52a2ffffff,,,
876aeed02ffffff,,,
876ac502cffffff,,,
876adc45affffff,,,
876ad065bffffff,,,
876adcc2affffff,,,
876ac485cffffff,,,
876aee532ffffff,,,
876ac0bb5ffffff,,,
876ac66dbffffff,,,
876ac0b98ffffff,,,
876ac0402ffffff,,,
876ac40c6ffffff,,,
876adcc0dffffff,,,
8796d36e0ffffff,,,
876adadabffffff,,,
876af1a60ffffff,,,
8796d645bffffff,0.020000000000005822,2026-07,valid
876ad3b89ffffff,,,
876aeece5ffffff,,,
8796d0182ffffff,,,
876ae364cffffff,,,
876ac5775ffffff,,,
876af12adffffff,,,
876ad1574ffffff,,,
876ad5285ffffff,,,
876aeec98ffffff,,,
8796d3693ffffff,,,
876ad3423ffffff,,,
876ac0b4bffffff,0.939999999999837,2026-06,valid
876ac29adffffff,,,
876ae26e6ffffff,,,
8796d2031ffffff,,,
876aee4e5ffffff,,,
876ada5abffffff,0.010000000000023284,2026-07,valid
876ad060effffff,,,
876ae3699ffffff,,,
876ac6671ffffff,,,
876adc40dffffff,,,
8796d6ba4ffffff,,,
876ac405cffffff,,,
8796d272dffffff,,,
876af1aadffffff,,,
876ad1d74ffffff,,,
876ac570bffffff,,,
876af1243ffffff,,,
876ad150affffff,,,
876ad336cffffff,,,
876ac4113ffffff,,,
876aeec2effffff,,,
876adacf4ffffff,,,
876ac22b1ffffff,,,
8796d3629ffffff,,,
876ac0ae1ffffff,,,
876ac2943ffffff,,,
876ac47a5ffffff,,,
876adc4c4ffffff,,,
876ac6728ffffff,,,
876ac48c6ffffff,,,
876aee59cffffff,,,
876ac2190ffffff,,,
876ac2a64ffffff,,,
8796d26c3ffffff,,,
876ad1c53ffffff,,,
876ac0c02ffffff,,,
876ad3ab5ffffff,,,
8796d00aeffffff,,,
876ac56a1ffffff,,,
876ad14a0ffffff,,,
8796d3d72ffffff,,,
876ad3302ffffff,,,
876adac8affffff,,,
8796d374affffff,,,
876ac6d50ffffff,,,
876ade94effffff,,,
876ac28d9ffffff,,,
876aee411ffffff,,,
876ac659dffffff,,,
876ad239cffffff,,,
876ade19bffffff,0.48999999999992433,2026-07,valid
8796d6ad0ffffff,,,
876ac2126ffffff,,,
876ad348dffffff,,,
8796d2659ffffff,,,
8796d631dffffff,,,
876af1364ffffff,,,
876ad162bffffff,,,
876ad3a4bffffff,,,
876ac582cffffff,,,
8796d209bffffff,,,
876ad1436ffffff,,,
8796d3d08ffffff,,,
876ad3298ffffff,,,
8796d3555ffffff,,,
876ad5aa2ffffff,,,
876ac6ce6ffffff,,,
876ade8e4ffffff,,,
876ac0a0dffffff,,,
876ac46d1ffffff,,,
8796d2da2ffffff,,,
8796d284effffff,,,
876ac6533ffffff,,,
876ade131ffffff,,,
8796d078dffffff,,,
876ac5d80ffffff,,,
876ac231bffffff,,,
8796d62b3ffffff,,,
876ad5843ffffff,,,
876ae34a4ffffff,,,
8796d6cc5ffffff,,,
8796d3c9effffff,,,
876ad322effffff,,,
876adc52effffff,,,
876ac6792ffffff,,,
8796d3001ffffff,,,
876ac4930ffffff,,,
8796d34ebffffff,,,
876ac2aceffffff,,,
876ac09a3ffffff,,,
876ac0c6cffffff,,,
876ac2805ffffff,,,
876ac64c9ffffff,,,
876adcce1ffffff,,,
876ad22c8ffffff,,,
8796d37b4ffffff,,,
876ac2052ffffff,,,
876ac50e3ffffff,,,
8796d0723ffffff,,,
8796d2585ffffff,0.020000000000023284,2026-07,valid
876ac5d16ffffff,,,
876ad1b15ffffff,,,
8796d6249ffffff,,,
876ac5563ffffff,,,
876ad1362ffffff,,,
876af109bffffff,,,
876ad5359ffffff,,,
8796d3c34ffffff,,,
876ac4db0ffffff,,,
8796d3481ffffff,,,
876ad1695ffffff,,,
876ac6c12ffffff,,,
876ac5896ffffff,,,
8796d2105ffffff,,,
876adc9aeffffff,,,
8796d02a3ffffff,,,
876ade810ffffff,,,
876ac279bffffff,,,
8796d2cceffffff,,,
876ad5b0cffffff,,,
876ad3caaffffff,,,
8796d6992ffffff,0.01245160293825931,2026-07,valid
876ac0186ffffff,,,
8796d251bffffff,,,
876ac6049ffffff,,,
876ac5cacffffff,,,
876ad1aabffffff,,,
876ad390dffffff,,,
876ac2385ffffff,,,
876ad315affffff,,,
876ac0523ffffff,,,
8796d15b5ffffff,,,
876ac4d46ffffff,,,
876ad0b45ffffff,,,
876ac6ba8ffffff,,,
876adc944ffffff,,,
876ade7a6ffffff,0.028376378249917032,2026-07,valid
876adc598ffffff,,,
876ac2731ffffff,,,
876ac499affffff,,,
876ac4593ffffff,,,
8796d2c64ffffff,,,
876ad0392ffffff,,,
879689255ffffff,,,
876adc191ffffff,,,
8796d6928ffffff,,,
876ac0cd6ffffff,,,
876ac011cffffff,,,
8796d24b1ffffff,,,
876ac5c42ffffff,,,
876ad1a41ffffff,,,
8796d6175ffffff,,,
876ad38a3ffffff,,,
876adcd4bffffff,,,
876ad5705ffffff,,,
876ae3366ffffff,,,
8796d381effffff,,,
876ad128effffff,,,
876ad30f0ffffff,,,
876ac514dffffff,,,
876ac4cdcffffff,,,
876ad0adbffffff,,,
876ac0865ffffff,,,
8796d0d98ffffff,,,
876ac4529ffffff,2.341363262777826,2025-05,valid
876ad0328ffffff,,,
876ac638bffffff,,,
876ad3561ffffff,,,
876af329affffff,,,
876ac00b2ffffff,,,
876af1710ffffff,,,
876ac5900ffffff,,,
8796d610bffffff,,,
876ad569bffffff,,,
876ac5425ffffff,,,
876ad1224ffffff,,,
876ad3086ffffff,,,
876ad5b76ffffff,,,
876ac4c72ffffff,,,
876ad0a71ffffff,,,
876af3a4dffffff,,,
876ac6ad4ffffff,,,
876ac60b3ffffff,,,
876ac265dffffff,,,
876ad0050ffffff,,,
8796d2922ffffff,,,
876ac4251ffffff,,,
876aee195ffffff,,,
8796d2b90ffffff,,,
876ac6321ffffff,,,
8796d6854ffffff,,,
876ac0048ffffff,,,
876ac058dffffff,,,
876ae3a45ffffff,,,
876ade464ffffff,0.35371765511387754,2026-07,valid
876ad196dffffff,,,
876af16a6ffffff,,,
876ad2665ffffff,,,
8796d60a1ffffff,,,
876ac6866ffffff,,,
8796d30d5ffffff,,,
876ad5631ffffff,,,
876ac4a04ffffff,,,
876ae3292ffffff,,,
876ac2ba2ffffff,,,
876ad301cffffff,,,
876ac2da6ffffff,,,
876ac0d40ffffff,,,
876ac4c08ffffff,,,
876ac6a6affffff,,,
876adc806ffffff,,,
876adcdb5ffffff,,,
8796d3888ffffff,,,
876ac0791ffffff,,,
8796d0cc4ffffff,,,
876ac4455ffffff,,,
8796d2b26ffffff,,,
876ad0254ffffff,,,
8796d0511ffffff,,,
8796d2373ffffff,,,
876ac5b04ffffff,,,
876ad1903ffffff,,,
876ad3765ffffff,,,
876ae3228ffffff,,,
876ad1150ffffff,,,
876af14a2ffffff,,,
876ad1769ffffff,,,
876ac596affffff,,,
876adedb1ffffff,,,
876ac4b9effffff,,,
876ac6a00ffffff,,,
876ac2589ffffff,,,
876ae22c2ffffff,,,
8796d0c5affffff,,,
876ac624dffffff,,,
8796d6650ffffff,,,
8796d6780ffffff,,,
8796d2309ffffff,,,
876ac611dffffff,,,
876ac5a9affffff,,,
8796d298cffffff,,,
876ad1899ffffff,,,
876ac2459ffffff,,,
876ad10e6ffffff,,,
876ac2cd2ffffff,,,
876ac4b34ffffff,,,
876ade4ceffffff,,,
876ac6996ffffff,,,
876ac68d0ffffff,,,
876ade594ffffff,,,
876ac4a6effffff,,,
876ac4381ffffff,,,
8796d2a52ffffff,,,
876ac2c0cffffff,,,
876ac0daaffffff,,,
8796d6716ffffff,,,
876ac5a30ffffff,,,
876adec81ffffff,,,
876af1568ffffff,,,
876ad3691ffffff,,,
8796d38f2ffffff,,,
876ad1020ffffff,,,
8796d394effffff,,,
876adecddffffff,,,
876ac2c68ffffff,,,
876ac4acaffffff,,,
8796d319bffffff,,,
876ac692cffffff,,,
876ade52affffff,,,
876ad3635ffffff,,,
876af336effffff,,,
876ac24b5ffffff,,,
876af150cffffff,,,
8796d2243ffffff,,,
8796d66acffffff,,,
8796d2235ffffff,,,
876af3b21ffffff,,,
876ad1012ffffff,,,
8796d38e4ffffff,,,
876adec73ffffff,,,
876ac0d9cffffff,,,
876ac4a60ffffff,,,
8796d3131ffffff,,,
876ac68c2ffffff,,,
876ac4325ffffff,,,
876ade4c0ffffff,,,
876ac24c3ffffff,,,
876ac244bffffff,,,
876ac42adffffff,,,
876ad00acffffff,,,
8796d6642ffffff,,,
876af3aa9ffffff,,,
876ac595cffffff,,,
876ad175bffffff,,,
8796d31a9ffffff,,,
876ac4ad8ffffff,,,
876af1494ffffff,,,
876ac2c76ffffff,,,
876ac51a9ffffff,,,
876adec09ffffff,,,
876ac0d32ffffff,,,
876ac2b94ffffff,,,
876adecebffffff,,,
876ac6858ffffff,,,
876ade456ffffff,,,
876ac4243ffffff,,,
8796d2914ffffff,,,
8796d395cffffff,,,
876ad108affffff,,,
876ad0042ffffff,,,
876ac60a5ffffff,,,
876ad5b68ffffff,,,
8796d2161ffffff,,,
876ac58f2ffffff,,,
876ad16f1ffffff,,,
876af142affffff,,,
876ad3553ffffff,,,
876ad53b5ffffff,,,
8796d3810ffffff,,,
876af1576ffffff,,,
876ac0cc8ffffff,,,
876ac2b2affffff,,,
8796d22adffffff,,,
876ac498cffffff,,,
8796d044bffffff,,,
8796d305dffffff,,,
876adc58affffff,,,
876ac0515ffffff,,,
8796d28aaffffff,,,
876af1b73ffffff,,,
876af3b8bffffff,,,
8796d6724ffffff,,,
8796d0295ffffff,,,
876ac5888ffffff,,,
8796d2a60ffffff,,,
876ad34e9ffffff,,,
876ad534bffffff,,,
876ac252dffffff,,,
876aeedabffffff,,,
876ac50d5ffffff,,,
8796d37a6ffffff,,,
876adccd3ffffff,,,
876ade5a2ffffff,,,
876adeb35ffffff,,,
876ac0c5effffff,,,
876ac2ac0ffffff,,,
876ac69a4ffffff,,,
876ac4b42ffffff,,,
876ac4922ffffff,,,
876ad0721ffffff,,,
876ac6784ffffff,,,
876adc520ffffff,,,
876ac2ce0ffffff,,,
876ac04abffffff,,,
876ac230dffffff,,,
8796d2840ffffff,,,
876aded55ffffff,,,
876af1b09ffffff,,,
876af396bffffff,,,
876ad5a94ffffff,,,
8796d022bffffff,,,
876ae36f5ffffff,,,
8796d208dffffff,,,
876ad10f4ffffff,,,
876ac581effffff,,,
876ad161dffffff,,,
876af1356ffffff,,,
876ad52e1ffffff,,,
876aeed41ffffff,,,
876ac506bffffff,,,
876adcc69ffffff,,,
876ac2a56ffffff,,,
876aee58effffff,,,
876ad3709ffffff,,,
876ac671affffff,,,
876adc4b6ffffff,,,
8796d6c4dffffff,,,
876ac5aa8ffffff,,,
876ac0441ffffff,,,
876ac4105ffffff,,,
8796d04b5ffffff,,,
876ad1d66ffffff,,,
876ad5a2affffff,,,
876ae368bffffff,,,
8796d2023ffffff,,,
876ac57b4ffffff,,,
8796d678effffff,,,
876af12ecffffff,,,
876ad15b3ffffff,,,
876ad3415ffffff,,,
876ac5001ffffff,,,
876ac625bffffff,,,
876adad9dffffff,,,
8796d2acaffffff,,,
8796d36d2ffffff,,,
876ae22d0ffffff,,,
876ac0b8affffff,,,
876aee524ffffff,,,
876ac0735ffffff,,,
876ac484effffff,,,
876ad064dffffff,,,
876ac66b0ffffff,,,
876adc44cffffff,,,
876ac6a0effffff,,,
876ac4bacffffff,,,
876ac409bffffff,,,
8796d276cffffff,,,
876ac2d4affffff,,,
876af1a35ffffff,,,
876ad3b5effffff,,,
876af1282ffffff,,,
876ad1549ffffff,,,
876ad33abffffff,,,
876ad520dffffff,,,
876aeec6dffffff,,,
876adad33ffffff,,,
8796d3668ffffff,,,
876ad115effffff,,,
876ac0b20ffffff,,,
876ac2982ffffff,,,
876ada580ffffff,,,
876ae3236ffffff,,,
876ac6646ffffff,,,
876ac4031ffffff,,,
8796d2702ffffff,,,
876ad1c92ffffff,,,
876ad3af4ffffff,,,
876af382dffffff,,,
876ad3773ffffff,,,
8796d6045ffffff,,,
8796d00edffffff,,,
876ac56e0ffffff,,,
876ad1911ffffff,,,
876af164affffff,,,
876af1218ffffff,,,
876ac5b12ffffff,,,
8796d2381ffffff,,,
8796d3db1ffffff,,,
876ad3341ffffff,,,
876aeec03ffffff,,,
876ade98dffffff,,,
876ac0ab6ffffff,,,
876ac2918ffffff,,,
876ae2651ffffff,,,
876aee450ffffff,,,
876ada516ffffff,,,
876ac62c5ffffff,,,
876ad0262ffffff,,,
8796d2b34ffffff,,,
876ac2165ffffff,,,
876ac4463ffffff,,,
8796d0cd2ffffff,,,
8796d2698ffffff,,,
876ac2601ffffff,,,
876ad1c28ffffff,,,
8796d635cffffff,,,
876ad3a8affffff,,,
8796d0083ffffff,,,
876adc814ffffff,,,
876ad1475ffffff,,,
876ac4c16ffffff,,,
876ac2db4ffffff,,,
8796d3594ffffff,,,
876ac6d25ffffff,,,
876ade923ffffff,,,
876ac28aeffffff,,,
876ac4710ffffff,,,
876ada4acffffff,,,
876ad302affffff,,,
876af0248ffffff,,,
876ac6572ffffff,,,
876ade170ffffff,,,
8796d6aa5ffffff,,,
8796d262effffff,,,
8796d4490ffffff,,,
876ae32a0ffffff,,,
8796d62f2ffffff,,,
876ad3a20ffffff,,,
8796d0019ffffff,,,
876ae34e3ffffff,,,
876ad140bffffff,,,
8796d3cddffffff,,,
876ad326dffffff,,,
8796d352affffff,,,
876af16b4ffffff,,,
876ac2844ffffff,,,
876ac46a6ffffff,,,
876ac6508ffffff,,,
876ae3a53ffffff,,,
8796d0589ffffff,,,
876ade106ffffff,,,
876ac2091ffffff,,,
8796d0762ffffff,,,
876ac5d55ffffff,,,
876ad1b54ffffff,,,
876ac0056ffffff,,,
8796d6862ffffff,,,
8796d6288ffffff,,,
876ad39b6ffffff,,,
876ac55a2ffffff,,,
876ad13a1ffffff,,,
876af10daffffff,,,
876ad02ccffffff,,,
8796d2b9effffff,,,
876ac44cdffffff,,,
8796d3c73ffffff,,,
876ad3203ffffff,,,
876ad5065ffffff,,,
8796d34c0ffffff,,,
876ac0809ffffff,,,
876ac6c51ffffff,,,
8796d2d0dffffff,,,
876ac6ae2ffffff,,,
876ac649effffff,,,
876ac4c80ffffff,,,
876ad229dffffff,,,
876ade09cffffff,,,
8796d255affffff,,,
876ac5cebffffff,,,
876ad1aeaffffff,,,
8796d621effffff,,,
876ad394cffffff,,,
876ad57aeffffff,,,
8796d3c09ffffff,,,
876ad3199ffffff,,,
876ad3094ffffff,,,
876ac4d85ffffff,,,
876ad1232ffffff,,,
8796d3456ffffff,,,
876adc983ffffff,,,
876ac5433ffffff,,,
876ae330affffff,,,
876ac090effffff,,,
876ac2770ffffff,,,
8796d2ca3ffffff,,,
876ac6434ffffff,,,
876ad56a9ffffff,,,
876ade032ffffff,,,
876ac015bffffff,,,
8796d6119ffffff,,,
8796d068effffff,,,
8796d24f0ffffff,,,
876ac5c81ffffff,,,
876af171effffff,,,
876ad1a80ffffff,,,
8796d2455ffffff,,,
876ad38e2ffffff,,,
876ac3d84ffffff,,,
876ad5744ffffff,,,
876ac54ceffffff,,,
876ad12cdffffff,,,
876ac4d1bffffff,,,
876ac00c0ffffff,,,
876adc919ffffff,,,
8796d68ccffffff,,,
876ac08a4ffffff,,,
876ac2706ffffff,,,
876ac4568ffffff,,,
876adc135ffffff,,,
876ac6399ffffff,,,
876ad0336ffffff,,,
8796d2c08ffffff,,,
87968922affffff,,,
8796d0da6ffffff,,,
876ac26d5ffffff,,,
876ac00f1ffffff,,,
8796d0624ffffff,,,
876ac3db5ffffff,,,
876ac0873ffffff,,,
876ae3aeeffffff,,,
8796d2486ffffff,,,
876ad1a16ffffff,,,
8796d614affffff,,,
876ac6b4cffffff,,,
876ad0ae9ffffff,,,
876ad56daffffff,,,
876ac4ceaffffff,,,
876ac5464ffffff,,,
876ad1263ffffff,,,
876ad30c5ffffff,,,
876ac4cb1ffffff,,,
8796d3382ffffff,,,
876ac6b13ffffff,,,
876ac269cffffff,,,
876ac6360ffffff,,,
876ad129cffffff,,,
8796d6893ffffff,,,
876ac549dffffff,,,
8796d241cffffff,,,
876ae3374ffffff,,,
876ac5badffffff,,,
876ad19acffffff,,,
876af16e5ffffff,,,
8796d60e0ffffff,,,
876ad380effffff,,,
876ad5670ffffff,,,
876ad5713ffffff,,,
876ae32d1ffffff,,,
876ad38b1ffffff,,,
8796d6183ffffff,,,
876ad305bffffff,,,
876af1788ffffff,,,
876ad0a46ffffff,,,
876ac5c50ffffff,,,
876ac6aa9ffffff,,,
876ac2632ffffff,,,
8796d065dffffff,,,
876ac4494ffffff,,,
8796d2b65ffffff,,,
876ad0293ffffff,,,
876ac62f6ffffff,,,
876adc092ffffff,,,
876ac012affffff,,,
8796d6829ffffff,,,
876ac001dffffff,,,
8796d6936ffffff,,,
876ade001ffffff,,,
8796d0550ffffff,,,
879689263ffffff,,,
876ac6403ffffff,,,
876ad03a0ffffff,,,
8796d2c72ffffff,,,
876ac45a1ffffff,,,
876ae3a1affffff,,,
8796d23b2ffffff,,,
876ac5b43ffffff,,,
876ad1942ffffff,,,
8796d6076ffffff,,,
876ad37a4ffffff,,,
876ad5606ffffff,,,
876ac08ddffffff,,,
876ade7b4ffffff,0.39594723523186115,2026-07,valid
876aee8b3ffffff,,,
876adc952ffffff,,,
876ac6bb6ffffff,,,
8796d3425ffffff,,,
876ac4d54ffffff,,,
876ac0766ffffff,,,
8796d0c99ffffff,,,
876ac442affffff,,,
876ad0229ffffff,,,
876ac628cffffff,,,
8796d04e6ffffff,,,
8796d2348ffffff,,,
876ad18d8ffffff,,,
876af1611ffffff,,,
876ad3168ffffff,,,
8796d600cffffff,,,
876ad1306ffffff,,,
876ac5326ffffff,,,
876ad1125ffffff,,,
876aded86ffffff,,,
876ac2d11ffffff,,,
876ac4b73ffffff,,,
876ac255effffff,,,
8796d2a91ffffff,,,
876ac6222ffffff,,,
876ad391bffffff,,,
8796d6755ffffff,,,
8796d22deffffff,,,
876ad186effffff,,,
8796d2529ffffff,,,
876ad36d0ffffff,,,
8796d398dffffff,,,
876aded1cffffff,,,
876ac4b09ffffff,,,
876ac0194ffffff,,,
8796d69a0ffffff,,,
876ac696bffffff,,,
876ad276affffff,,,
876ade569ffffff,,,
876ac0692ffffff,,,
8796892cdffffff,,,
876ac646dffffff,,,
8796d2cdcffffff,,,
876ac24f4ffffff,,,
876ac460bffffff,,,
876ac4356ffffff,,,
876ac27a9ffffff,,,
8796d66ebffffff,,,
876af3b52ffffff,,,
876ade81effffff,,,
8796d0412ffffff,,,
8796d2274ffffff,,,
876ac5a05ffffff,,,
876ac6c20ffffff,,,
876ad1804ffffff,,,
876ad3666ffffff,,,
876ad1051ffffff,,,
8796d3923ffffff,,,
876adecb2ffffff,,,
8796d3170ffffff,,,
876ac6901ffffff,,,
876ac0628ffffff,,,
876ac248affffff,,,
876ac42ecffffff,,,
876ad00ebffffff,,,
8796d3c42ffffff,,,
876af10a9ffffff,,,
876ad1370ffffff,,,
876ac5571ffffff,,,
876ac614effffff,,,
8796d6681ffffff,,,
876af3ae8ffffff,,,
8796d03a8ffffff,,,
8796d220affffff,,,
876ac599bffffff,,,
876ad179affffff,,,
876af14d3ffffff,,,
876ad3985ffffff,,,
876adec48ffffff,,,
876ac0d71ffffff,,,
876ad1b23ffffff,,,
876ac4a35ffffff,,,
8796d3106ffffff,,,
876ac5d24ffffff,,,
8796d2593ffffff,,,
876ade495ffffff,,,
8796d0731ffffff,,,
876ac2420ffffff,,,
876ac2060ffffff,,,
876ac4282ffffff,,,
8796d2953ffffff,,,
876ad0081ffffff,,,
876ac60e4ffffff,,,
8796d6a0affffff,,,
876ade0d5ffffff,,,
876ad22d6ffffff,,,
8796d21a0ffffff,,,
876ac5931ffffff,,,
8796d2d46ffffff,,,
876ac4675ffffff,,,
876ad1730ffffff,,,
876af1469ffffff,,,
876af32cbffffff,,,
876ad3592ffffff,,,
876ac2813ffffff,,,
876ac09b1ffffff,,,
876ac2b69ffffff,,,
876ade888ffffff,,,
8796d309cffffff,,,
876ac682dffffff,,,
876ac6c8affffff,,,
876ade42bffffff,,,
876ac0554ffffff,,,
876ac23b6ffffff,,,
876ac4218ffffff,,,
8796d28e9ffffff,,,
876af3a14ffffff,,,
876ad3cdbffffff,,,
8796d02d4ffffff,,,
8796d2136ffffff,,,
876ad16c6ffffff,,,
876af3261ffffff,,,
876ad3528ffffff,,,
876ad538affffff,,,
876ac5114ffffff,,,
8796d3cacffffff,,,
876adcd12ffffff,,,
876ac0c9dffffff,,,
876ac4961ffffff,,,
876ad0760ffffff,,,
8796d3032ffffff,,,
876ae34b2ffffff,,,
876ac04eaffffff,,,
876ac41aeffffff,,,
876ac6010ffffff,,,
876af1b48ffffff,,,
8796d62c1ffffff,,,
876ad1b8dffffff,,,
876ad5ad3ffffff,,,
876ac5d8effffff,,,
8796d20ccffffff,,,
876ac585dffffff,,,
876ad165cffffff,,,
876af1395ffffff,,,
8796d079bffffff,,,
876ad5320ffffff,,,
876ac20caffffff,,,
876aeed80ffffff,,,
876ac50aaffffff,,,
876adcca8ffffff,,,
8796d6a74ffffff,,,
876ac0c33ffffff,,,
876ac2a95ffffff,,,
876ac6541ffffff,,,
8796d2db0ffffff,0.009999999999994178,2026-07,valid
876ac6759ffffff,,,
876adc4f5ffffff,,,
876ac0480ffffff,,,
876ac4144ffffff,,,
8796d2815ffffff,,,
876ac0a1bffffff,,,
876af1adeffffff,,,
876ad1da5ffffff,,,
8796d64d9ffffff,0.030000000000029104,2026-07,valid
876af3940ffffff,,,
876ade8f2ffffff,,,
876ad5a69ffffff,,,
8796d0200ffffff,,,
876ae36caffffff,,,
876ac6cf4ffffff,,,
8796d3563ffffff,,,
8796d2062ffffff,,,
876af132bffffff,,,
876ad3454ffffff,,,
876ad52b6ffffff,,,
876aeed16ffffff,,,
876ac5040ffffff,,,
8796d3711ffffff,,,
876ac2a2bffffff,,,
876aee563ffffff,,,
876ad32a6ffffff,,,
876ac488dffffff,,,
876adc48bffffff,,,
8796d3d16ffffff,,,
876ad1444ffffff,,,
876ac0416ffffff,,,
876ac40daffffff,,,
8796d27abffffff,,,
8796d0052ffffff,,,
876af1a74ffffff,,,
876ad3b9dffffff,,,
8796d0196ffffff,,,
876ae3660ffffff,,,
876ac5789ffffff,,,
876af12c1ffffff,,,
876ad1588ffffff,,,
876ad3a59ffffff,,,
8796d632bffffff,,,
876ad524cffffff,,,
876aeecacffffff,,,
876ac4823ffffff,,,
876ad0622ffffff,,,
876ac6685ffffff,,,
876ac2134ffffff,,,
876adc421ffffff,,,
876ac4070ffffff,,,
8796d6adeffffff,,,
876ade1a9ffffff,,,
8796d2741ffffff,,,
876ad23aaffffff,,,
876ad1cd1ffffff,,,
8796d45a3ffffff,,,
876ac65abffffff,,,
876af1a0affffff,,,
876ac4749ffffff,,,
876ad3b33ffffff,,,
876af386cffffff,,,
876ad151effffff,,,
876ad3380ffffff,,,
876ac0a85ffffff,,,
876aeec42ffffff,,,
876ade95cffffff,,,
876ac0af5ffffff,,,
876ae2690ffffff,,,
876ac6d5effffff,,,
876ada555ffffff,,,
876adac98ffffff,0.056944463269555254,2026-07,valid
876ac661bffffff,,,
876ac21a4ffffff,,,
876ac4006ffffff,,,
8796d639bffffff,,,
876ad3ac9ffffff,,,
876ad592bffffff,,,
8796d00c2ffffff,,,
876ad3310ffffff,,,
876ac56b5ffffff,,,
8796d3d80ffffff,,,
876ad14aeffffff,,,
876ad14b4ffffff,,,
8796d3d86ffffff,,,
876ad3316ffffff,,,
876adac9effffff,0.001386837182412141,2026-07,valid
876ac6d64ffffff,,,
876ae3586ffffff,,,
876ade962ffffff,,,
876ac0a8bffffff,,,
876ac28edffffff,,,
876ad5925ffffff,,,
876aee425ffffff,,,
876ad3ac3ffffff,,,
8796d6395ffffff,,,
876ac65b1ffffff,,,
876ad1c61ffffff,,,
8796d6ae4ffffff,,,
8796d26d1ffffff,,,
876ac4000ffffff,,,
8796d266dffffff,,,
876ac219effffff,,,
8796d6331ffffff,,,
8796d0058ffffff,,,
876ad144affffff,,,
8796d3d1cffffff,,,
876ad32acffffff,,,
876adac34ffffff,,,
8796d3569ffffff,,,
876ac6615ffffff,,,
876ac47b3ffffff,,,
876aee489ffffff,,,
876ac0a21ffffff,0.030000000000011642,2026-06,valid
876ac2883ffffff,,,
876ae268affffff,,,
876ac2951ffffff,,,
876ac46e5ffffff,,,
8796d2db6ffffff,,,
876ada481ffffff,,,
876ade145ffffff,,,
876ac20d0ffffff,,,
8796d07a1ffffff,,,
8796d2603ffffff,,,
876adad02ffffff,,,
876ac5d94ffffff,,,
876ad1b93ffffff,,,
8796d3cb2ffffff,,,
876ad3242ffffff,,,
876ac6c90ffffff,,,
876ade88effffff,,,
876ac2819ffffff,,,
876ad1518ffffff,,,
876af1251ffffff,,,
876ac5719ffffff,,,
8796d2d4cffffff,,,
876ac64ddffffff,,,
876ad22dcffffff,,,
8796d6a10ffffff,,,
876ac2066ffffff,,,
8796d2599ffffff,0.018559159530114097,2026-07,valid
876ac5d2affffff,,,
876ad1b29ffffff,,,
8796d625dffffff,,,
876ad398bffffff,,,
876af3866ffffff,,,
876ad3b2dffffff,,,
876af1a04ffffff,,,
8796d459dffffff,,,
876ad1ccbffffff,,,
876ad1376ffffff,,,
8796d3c48ffffff,,,
876ac406affffff,,,
8796d3495ffffff,,,
876ac6c26ffffff,,,
876ade824ffffff,,,
876ac03a6ffffff,,,
876ac094dffffff,,,
8796d6bb2ffffff,,,
876ac4611ffffff,,,
8796d2ce2ffffff,,,
876adc41bffffff,,,
876ac6473ffffff,,,
8796892d3ffffff,,,
876ac481dffffff,,,
876aee4f3ffffff,,,
876ade071ffffff,,,
876ae26f4ffffff,,,
876ac019affffff,,,
8796d06cdffffff,,,
876ac5cc0ffffff,,,
876ac0b59ffffff,0.5297704872041038,2026-06,valid
876ad3921ffffff,,,
876ad5783ffffff,,,
876ac550dffffff,,,
876ad130cffffff,,,
876af1045ffffff,,,
876ad316effffff,,,
8796d36a1ffffff,,,
876aeeca6ffffff,,,
876ac4d5affffff,,,
876ad0b59ffffff,,,
8796d342bffffff,,,
876ac08e3ffffff,,,
876ac2745ffffff,,,
876ad03a6ffffff,,,
876ad5246ffffff,,,
876ac6409ffffff,,,
879689269ffffff,,,
876adc1a5ffffff,,,
876ac0130ffffff,,,
876ad1582ffffff,,,
8796d0663ffffff,,,
8796d24c5ffffff,,,
876ac5783ffffff,,,
876ac5c56ffffff,,,
876ad1a55ffffff,,,
876af178effffff,,,
8796d6189ffffff,,,
876ae365affffff,,,
8796d0190ffffff,,,
876ad5719ffffff,,,
876ac54a3ffffff,,,
876ad12a2ffffff,,,
876ad3104ffffff,,,
876ac4cf0ffffff,,,
8796d6469ffffff,,,
876ac6b52ffffff,,,
876af1a6effffff,,,
876ad1d35ffffff,,,
8796d27a5ffffff,,,
876ac26dbffffff,,,
876ac40d4ffffff,,,
8796d2c0effffff,,,
8796d68d2ffffff,,,
876ac0410ffffff,,,
876ac00c6ffffff,,,
876ac3d8affffff,,,
876ae3ac3ffffff,,,
8796d245bffffff,,,
876adc485ffffff,,,
876af1724ffffff,,,
876ac66e9ffffff,,,
876ad384dffffff,,,
876aee55dffffff,,,
876ad309affffff,,,
876ac2a25ffffff,,,
876ac4c86ffffff,,,
876ac6ae8ffffff,,,
876adc884ffffff,,,
876ac2671ffffff,,,
8796d370bffffff,,,
876ac44d3ffffff,,,
8796d2ba4ffffff,,,
876ad02d2ffffff,,,
876aeed10ffffff,,,
876ac6335ffffff,,,
8796d6868ffffff,,,
876ac005cffffff,,,
876ac3d20ffffff,,,
876ae3a59ffffff,,,
876ac5b82ffffff,,,
876ad1981ffffff,,,
876ad52b0ffffff,,,
8796d60b5ffffff,,,
876ad5645ffffff,,,
876ad344effffff,,,
876ae32a6ffffff,,,
876ad3030ffffff,,,
876af1325ffffff,,,
8796d205cffffff,,,
876ac4c1cffffff,,,
876ae36c4ffffff,,,
876adc81affffff,,,
876ac07a5ffffff,,,
8796d0cd8ffffff,,,
876ac4469ffffff,,,
876ad5a63ffffff,,,
876ad0268ffffff,,,
876ac62cbffffff,,,
876af1ad8ffffff,,,
8796d0525ffffff,,,
876ac5b18ffffff,,,
876af1650ffffff,,,
8796d604bffffff,,,
876ad1164ffffff,,,
876ac2d50ffffff,,,
876ac4bb2ffffff,,,
8796d3283ffffff,,,
876ac6a14ffffff,,,
876ac6753ffffff,,,
876ac48f1ffffff,,,
876ac259dffffff,,,
876ae22d6ffffff,,,
8796d2ad0ffffff,,,
876ac6261ffffff,,,
876ac0c2dffffff,,,
8796d6794ffffff,,,
8796d231dffffff,,,
876ac5aaeffffff,,,
876ad18adffffff,,,
876adcca2ffffff,,,
8796d3775ffffff,,,
876ac50a4ffffff,,,
876aded5bffffff,,,
876ac2ce6ffffff,,,
876ac4b48ffffff,,,
876ac69aaffffff,,,
876ade5a8ffffff,,,
876ad531affffff,,,
876ac2533ffffff,,,
8796d0c04ffffff,,,
876ac4395ffffff,,,
876ad1656ffffff,,,
8796d2a66ffffff,,,
8796d672affffff,,,
8796d20c6ffffff,,,
8796d0451ffffff,,,
8796d22b3ffffff,,,
876ad1843ffffff,,,
876ad36a5ffffff,,,
876ad5acdffffff,,,
876ad1090ffffff,,,
8796d3962ffffff,,,
876adecf1ffffff,,,
876af1b42ffffff,,,
876ac4adeffffff,,,
876ac600affffff,,,
876ac6940ffffff,,,
876ac41a8ffffff,,,
876ac24c9ffffff,,,
876ac432bffffff,,,
876ac04e4ffffff,,,
876ac618dffffff,,,
8796d66c0ffffff,,,
876adc559ffffff,,,
8796d2249ffffff,,,
8796d302cffffff,,,
876ad075affffff,,,
876ac495bffffff,,,
876af1512ffffff,,,
876ad1026ffffff,,,
876ac0db0ffffff,,,
876ac2c12ffffff,,,
876ac4a74ffffff,,,
876ac68d6ffffff,,,
876adcd0cffffff,,,
876ade4d4ffffff,,,
876ac42c1ffffff,,,
8796d2992ffffff,,,
876ac510effffff,,,
876ad00c0ffffff,,,
876ac6123ffffff,,,
8796d6656ffffff,,,
876ac5970ffffff,,,
876ad5384ffffff,,,
876af14a8ffffff,,,
876af325bffffff,,,
8796d388effffff,,,
876ad16c0ffffff,,,
876adec1dffffff,,,
876ac58c1ffffff,,,
8796d2130ffffff,,,
876ac0d46ffffff,,,
876ac2ba8ffffff,,,
876ac4a0affffff,,,
8796d02ceffffff,,,
8796d30dbffffff,,,
876ac686cffffff,,,
876ad266bffffff,,,
876ade46affffff,,,
876ac0593ffffff,,,
876ad3cd5ffffff,,,
876af3a0effffff,,,
8796d2928ffffff,,,
876ad0056ffffff,,,
876ac6074ffffff,,,
876af3a53ffffff,,,
876ad0011ffffff,,,
8796d28e3ffffff,,,
876ac4212ffffff,,,
8796d0313ffffff,,,
876ac23b0ffffff,,,
8796d2175ffffff,,,
876ac5906ffffff,,,
876ac054effffff,,,
876ad1705ffffff,,,
8796d6d5affffff,0.04507863933299909,2026-07,valid
876ade425ffffff,,,
876ac5153ffffff,,,
8796d3824ffffff,,,
876adcd51ffffff,,,
876adebb3ffffff,,,
8796d3096ffffff,,,
876ac0cdcffffff,,,
876ac49a0ffffff,,,
8796d3071ffffff,,,
876ac6802ffffff,,,
876adc59effffff,,,
876ac2b63ffffff,,,
876ade400ffffff,,,
876ac0529ffffff,,,
876ac238bffffff,,,
876ac0d01ffffff,,,
876ad5b12ffffff,,,
8796d02a9ffffff,,,
876adcd76ffffff,,,
8796d210bffffff,,,
876ac589cffffff,,,
876ad169bffffff,,,
876ac50e9ffffff,,,
876ac0c72ffffff,,,
876ac2ad4ffffff,,,
876ac4936ffffff,,,
876ad0735ffffff,,,
876ac6798ffffff,,,
876adc534ffffff,,,
876ad358cffffff,,,
876af32c5ffffff,,,
876ac2321ffffff,,,
876ac4183ffffff,,,
876af1463ffffff,,,
876ad172affffff,,,
8796d2854ffffff,,,
876ac592bffffff,,,
8796d219affffff,,,
876af1b1dffffff,,,
876ad5aa8ffffff,,,
8796d20a1ffffff,,,
876ac5832ffffff,,,
876ad1631ffffff,,,
876af136affffff,,,
876ad5ba1ffffff,,,
876ad3493ffffff,,,
876ad52f5ffffff,,,
8796d6611ffffff,,,
876aeed55ffffff,,,
8796d3750ffffff,,,
876ac60deffffff,,,
8796d294dffffff,,,
876ac0c08ffffff,,,
876ac2a6affffff,,,
876ac241affffff,,,
876aee5a2ffffff,,,
876ac48ccffffff,,,
876ad06cbffffff,,,
876ac672effffff,,,
876ac0455ffffff,,,
876ac4119ffffff,,,
876af1ab3ffffff,,,
876ac6891ffffff,,,
8796d3100ffffff,,,
876af1300ffffff,,,
876ad3429ffffff,,,
876ad528bffffff,,,
876aeecebffffff,,,
876ac5015ffffff,,,
876ac0d6bffffff,,,
876adadb1ffffff,,,
8796d36e6ffffff,,,
876adcc13ffffff,,,
876adec42ffffff,,,
876ac0b9effffff,,,
876ac2a00ffffff,,,
876ac4862ffffff,,,
876ad0661ffffff,,,
8796d38b3ffffff,,,
876ac66c4ffffff,,,
876adc460ffffff,,,
8796d2780ffffff,,,
876ad1d10ffffff,,,
876af1a49ffffff,,,
8796d6444ffffff,,,
876ad3b72ffffff,,,
876af1296ffffff,,,
876ad155dffffff,,,
876ad5221ffffff,,,
876af14cdffffff,,,
876ad1794ffffff,,,
876ac5995ffffff,,,
8796d2204ffffff,,,
876aeec81ffffff,,,
8796d03a2ffffff,,,
876ac0b34ffffff,,,
876ac2996ffffff,,,
876aee4ceffffff,,,
876ada594ffffff,,,
876ac665affffff,,,
876af3ae2ffffff,,,
8796d6b8dffffff,,,
876ac6148ffffff,,,
876ad00e5ffffff,,,
876ac4045ffffff,,,
876ac42e6ffffff,,,
8796d2716ffffff,,,
876ad1ca6ffffff,,,
876ac2484ffffff,,,
876ad3b08ffffff,,,
876ad596affffff,,,
876ac0622ffffff,,,
876ac56f4ffffff,,,
876af122cffffff,,,
876ad14f3ffffff,,,
876ad3355ffffff,,,
876adacddffffff,,,
8796d3612ffffff,,,
876ac6da3ffffff,,,
876ac4a99ffffff,,,
876ade9a1ffffff,,,
876ac292cffffff,,,
876ac478effffff,,,
876ada52affffff,,,
8796d6b23ffffff,,,
876adecacffffff,,,
8796d26acffffff,,,
8796d6370ffffff,,,
876ad3a9effffff,,,
8796d391dffffff,,,
876ad104bffffff,,,
876ad1489ffffff,,,
8796d3d5bffffff,,,
876ad32ebffffff,,,
876ad514dffffff,,,
8796d35a8ffffff,,,
876ad3660ffffff,,,
876ac0a60ffffff,0.10000000000005238,2026-06,valid
876ac28c2ffffff,,,
876ac4724ffffff,,,
8796d226effffff,,,
876ac6586ffffff,,,
8796d040cffffff,,,
876ade184ffffff,,,
8796d2642ffffff,,,
8796d44a4ffffff,,,
8796d6306ffffff,,,
876ad3a34ffffff,,,
876af3b4cffffff,,,
8796d66e5ffffff,,,
876ac5620ffffff,,,
8796d3cf1ffffff,,,
876ac61b2ffffff,,,
8796d2a21ffffff,,,
876ad3281ffffff,,,
876ac4350ffffff,,,
876ac24eeffffff,,,
876ac068cffffff,,,
876ade8cdffffff,,,
876ac2858ffffff,,,
876ade563ffffff,,,
8796d2d8bffffff,,,
876ac651cffffff,,,
876ade11affffff,,,
876ac6965ffffff,,,
876ac20a5ffffff,,,
8796d0776ffffff,,,
876ac4b03ffffff,,,
876ac5d69ffffff,,,
876ad1b68ffffff,,,
8796d629cffffff,,,
876ac2ca1ffffff,,,
876ae348dffffff,,,
876ac55b6ffffff,,,
876ad13b5ffffff,,,
876af10eeffffff,,,
8796d34d4ffffff,,,
876aded16ffffff,,,
876ac6c65ffffff,,,
876ade863ffffff,,,
876ad10b5ffffff,,,
876ac098cffffff,,,
876ac4650ffffff,,,
8796d2d21ffffff,,,
876ac64b2ffffff,,,
876ad22b1ffffff,,,
876ade0b0ffffff,,,
8796d070cffffff,,,
8796d256effffff,,,
8796d6232ffffff,,,
876ad3960ffffff,,,
876ad36caffffff,,,
876ac554cffffff,,,
876af15a1ffffff,,,
876ad1868ffffff,,,
876ad134bffffff,,,
8796d22d8ffffff,,,
876af1084ffffff,,,
8796d3c1dffffff,,,
876ad31adffffff,,,
8796d0476ffffff,,,
876ac4d99ffffff,,,
8796d346affffff,,,
876ac0922ffffff,,,
876ac2784ffffff,,,
876ac6448ffffff,,,
8796892a8ffffff,,,
876ade046ffffff,,,
876ac621cffffff,,,
8796d2a8bffffff,,,
8796d06a2ffffff,,,
8796d2504ffffff,,,
876ac5c95ffffff,,,
876ad1a94ffffff,,,
876ac2558ffffff,,,
876ad38f6ffffff,,,
876ad5758ffffff,,,
876ac06f6ffffff,,,
876ac54e2ffffff,,,
876ad12e1ffffff,,,
876ad3143ffffff,,,
8796d159effffff,,,
8796d3400ffffff,,,
876ac6b91ffffff,,,
876ac2d0bffffff,,,
876ac271affffff,,,
8796d2c4dffffff,,,
8796d6911ffffff,,,
876ac0105ffffff,,,
876aded80ffffff,,,
8796d249affffff,,,
876ac5c2bffffff,,,
876ad1a2affffff,,,
876af1763ffffff,,,
8796d615effffff,,,
876ad388cffffff,,,
876ad56eeffffff,,,
876ac5320ffffff,,,
876ad30d9ffffff,,,
876aee99bffffff,,,
876ac4cc5ffffff,,,
876ad0ac4ffffff,,,
8796d3396ffffff,,,
876ade725ffffff,,,
876ac084effffff,,,
876ac26b0ffffff,,,
8796d0d81ffffff,,,
876ac4512ffffff,,,
876ad0311ffffff,,,
876ad3734ffffff,,,
8796d6006ffffff,,,
876ac6374ffffff,,,
876adc110ffffff,,,
876af160bffffff,,,
876ad18d2ffffff,,,
876ac5ad3ffffff,,,
8796d2342ffffff,,,
876ac009bffffff,,,
8796d2430ffffff,,,
8796d04e0ffffff,,,
8796d60f4ffffff,,,
876ad3822ffffff,,,
876ad5684ffffff,,,
876ae32e5ffffff,,,
876ac540effffff,,,
876ad120dffffff,,,
876ac4c5bffffff,,,
876ad0a5affffff,,,
876ac6286ffffff,,,
876ad0223ffffff,,,
8796d2af5ffffff,,,
876ac4424ffffff,,,
8796d0c93ffffff,,,
876ac2646ffffff,,,
876ac44a8ffffff,,,
876ac630affffff,,,
876adc0a6ffffff,,,
876ac0031ffffff,,,
876ac0760ffffff,,,
8796d0564ffffff,,,
876ae3a2effffff,,,
876ad1956ffffff,,,
8796d608affffff,,,
876ad561affffff,,,
876ac53a4ffffff,,,
876ad11a3ffffff,,,
876ad3005ffffff,,,
876ac2d75ffffff,,,
876ac6a53ffffff,,,
8796d0cadffffff,,,
876ac62a0ffffff,,,
8796d235cffffff,,,
876ad18ecffffff,,,
876af1625ffffff,,,
876ad1189ffffff,,,
8796d6020ffffff,,,
876ad374effffff,,,
876ae3211ffffff,,,
876ae3261ffffff,,,
876aded9affffff,,,
876ac2d25ffffff,,,
876ad5600ffffff,,,
876ad379effffff,,,
8796d6070ffffff,,,
876ac0710ffffff,,,
876ac2572ffffff,,,
876af1675ffffff,,,
8796d23acffffff,,,
8796d2aa5ffffff,,,
876ac6236ffffff,,,
876ae3a14ffffff,,,
8796d054affffff,,,
8796d6769ffffff,,,
8796d0490ffffff,,,
8796d22f2ffffff,,,
876ac5a83ffffff,,,
876ad1882ffffff,,,
8796d6823ffffff,,,
876ad36e4ffffff,,,
876adc08cffffff,,,
8796d39a1ffffff,,,
876ac62f0ffffff,,,
876ad028dffffff,,,
876ac448effffff,,,
876aded30ffffff,,,
876ac4b1dffffff,,,
876ac262cffffff,,,
876ac06a6ffffff,,,
876ac2508ffffff,,,
876ac436affffff,,,
876ac6aa3ffffff,,,
876ad0a40ffffff,,,
876af3b66ffffff,,,
876ac4c41ffffff,,,
8796d0426ffffff,,,
8796d2288ffffff,,,
876ac5a19ffffff,,,
876ad1818ffffff,,,
876af1551ffffff,,,
876ad1065ffffff,,,
876ad3055ffffff,,,
876adecc6ffffff,,,
876ac2c51ffffff,,,
876ac4ab3ffffff,,,
8796d3184ffffff,,,
876ac6915ffffff,,,
876ade513ffffff,,,
876ac249effffff,,,
876ac4300ffffff,,,
876ae32cbffffff,,,
876ac6162ffffff,,,
876af1c9affffff,,,
8796d6695ffffff,,,
876ad566affffff,,,
8796d221effffff,,,
876ad17aeffffff,,,
876ad3808ffffff,,,
8796d60daffffff,,,
876ad19a6ffffff,,,
876af3349ffffff,,,
876ad3610ffffff,,,
8796d2416ffffff,,,
8796d05b4ffffff,,,
8796d38cdffffff,,,
876adec5cffffff,,,
876ac0d85ffffff,,,
876ac4a49ffffff,,,
8796d311affffff,,,
876ac68abffffff,,,
876ac0081ffffff,,,
876ade4a9ffffff,,,
8796d688dffffff,,,
876ac2434ffffff,,,
876ac635affffff,,,
876ac4296ffffff,,,
8796d662bffffff,,,
876ac2696ffffff,,,
8796d21b4ffffff,,,
876ac0834ffffff,,,
876ac5945ffffff,,,
876ad1744ffffff,,,
876ad35a6ffffff,,,
876adc8a9ffffff,,,
876ac6b0dffffff,,,
876ac5192ffffff,,,
876ac4cabffffff,,,
876adcd90ffffff,,,
876ac0d1bffffff,,,
8796d30b0ffffff,,,
876ac6841ffffff,,,
876ad2640ffffff,,,
876ac0568ffffff,,,
876ac422cffffff,,,
876ad002bffffff,,,
876ac608effffff,,,
876af3a28ffffff,,,
876ad5b51ffffff,,,
876ad125dffffff,,,
8796d02e8ffffff,,,
8796d214affffff,,,
876ac545effffff,,,
876ac58dbffffff,,,
876ad16daffffff,,,
876af3275ffffff,,,
876ad539effffff,,,
876ac5128ffffff,,,
876adcd26ffffff,,,
876ad56d4ffffff,,,
876ac0cb1ffffff,,,
876ac2b13ffffff,,,
876ac4975ffffff,,,
876ad3872ffffff,,,
8796d6144ffffff,,,
876ad0774ffffff,,,
8796d3046ffffff,,,
876af1749ffffff,,,
876ad1a10ffffff,,,
876ac5c11ffffff,,,
8796d2480ffffff,0.06000000000009313,2026-07,valid
876adc573ffffff,,,
876ae3ae8ffffff,,,
876ac2360ffffff,,,
8796d061effffff,,,
8796d2893ffffff,,,
876ac6024ffffff,,,
876af1b5cffffff,,,
876ad3c85ffffff,,,
876ac00ebffffff,,,
8796d20e0ffffff,,,
876ac5871ffffff,,,
876ad1670ffffff,,,
876af13a9ffffff,,,
876af320bffffff,,,
876ad34d2ffffff,,,
876ad5334ffffff,,,
876ad0361ffffff,,,
8796d2c33ffffff,,,
876ac4562ffffff,,,
876aeed94ffffff,,,
876ac2700ffffff,,,
876ac2aa9ffffff,,,
876ac490bffffff,,,
876ac089effffff,,,
876ad070affffff,,,
876ac676dffffff,,,
876adc509ffffff,,,
876ac0494ffffff,,,
876adc913ffffff,,,
876ac4158ffffff,,,
8796d2829ffffff,,,
876ac4d15ffffff,,,
876af1af2ffffff,,,
8796d1584ffffff,,,
8796d64edffffff,,,
876af3954ffffff,,,
8796d0214ffffff,,,
876ae36deffffff,,,
8796d2076ffffff,,,
876ad1606ffffff,,,
876ad3468ffffff,,,
876ad52caffffff,,,
876aeed2affffff,,,
876ac5054ffffff,,,
8796d3725ffffff,,,
876ad3129ffffff,,,
876adcc52ffffff,,,
876ac48a1ffffff,,,
876ac6703ffffff,,,
876ac54c8ffffff,,,
876ac042affffff,,,
876ac40eeffffff,,,
876af1a88ffffff,,,
876ad3bb1ffffff,,,
876ad5a13ffffff,,,
8796d01aaffffff,,,
876ae3674ffffff,,,
876ad38dcffffff,,,
8796d61aeffffff,,,
8796d200cffffff,,,
876ac579dffffff,,,
876af12d5ffffff,,,
876af17b3ffffff,,,
876ad159cffffff,,,
8796d24eaffffff,,,
876ad5260ffffff,,,
876aeecc0ffffff,,,
876adad86ffffff,,,
8796d0688ffffff,,,
876ac0b73ffffff,,,
876ac0155ffffff,,,
876aee50dffffff,,,
876ac6699ffffff,,,
8796d6961ffffff,,,
876adc435ffffff,,,
876ade02cffffff,,,
876ac4084ffffff,,,
87968928effffff,,,
876ac642effffff,,,
8796d2c9dffffff,,,
8796d2755ffffff,,,
876ad1ce5ffffff,,,
876af1a1effffff,,,
876ac276affffff,,,
876ac0908ffffff,,,
876ae360affffff,,,
876ac5733ffffff,,,
876af126bffffff,,,
876ad1532ffffff,,,
876ad3394ffffff,,,
876aeec56ffffff,,,
8796d3450ffffff,,,
876adad1cffffff,,,
8796d3651ffffff,,,
876ac0b09ffffff,,,
876ac296bffffff,,,
876aee4a3ffffff,,,
876ac401affffff,,,
876ad3193ffffff,,,
8796d26ebffffff,,,
8796d3c03ffffff,,,
876af106affffff,,,
876ad1331ffffff,,,
876ac5532ffffff,,,
876ad3addffffff,,,
8796d00d6ffffff,,,
876ae3409ffffff,,,
876af1201ffffff,,,
876ad14c8ffffff,,,
8796d3d9affffff,,,
876ad332affffff,,,
876ad57a8ffffff,,,
876adacb2ffffff,,,
876ad3946ffffff,,,
8796d6218ffffff,,,
876ade976ffffff,,,
876ad1ae4ffffff,,,
876ac2901ffffff,,,
876ac5ce5ffffff,,,
8796d2554ffffff,,,
876ac4763ffffff,,,
8796d06f2ffffff,,,
876ac2021ffffff,,,
876ac214effffff,,,
8796d2681ffffff,,,
876ad1c11ffffff,,,
8796d6345ffffff,,,
876ad3a73ffffff,,,
876ade096ffffff,,,
876ac6498ffffff,,,
876ad145effffff,,,
876ac4636ffffff,,,
8796d3d30ffffff,,,
876ad32c0ffffff,,,
876ac0972ffffff,,,
876ac6d0effffff,,,
876ade90cffffff,,,
876ade849ffffff,,,
876ac0a35ffffff,,,
876ada495ffffff,,,
876ac655bffffff,,,
876ac6c4bffffff,,,
876ade159ffffff,,,
8796d6a8effffff,,,
876ac20e4ffffff,,,
8796d07b5ffffff,,,
876ac5da8ffffff,,,
8796d62dbffffff,,,
876ad3a09ffffff,,,
876ad586bffffff,,,
8796d0002ffffff,,,
876ae34ccffffff,,,
8796d3cc6ffffff,,,
876ad3256ffffff,,,
8796d3513ffffff,,,
8796d3c6dffffff,,,
876af10d4ffffff,,,
876ad139bffffff,,,
876ac559cffffff,,,
876ac6ca4ffffff,,,
876ae3473ffffff,,,
876ade8a2ffffff,,,
876ac282dffffff,,,
8796d2d60ffffff,,,
876ac64f1ffffff,,,
876ad22f0ffffff,,,
8796d6a24ffffff,,,
876ad39b0ffffff,,,
8796d6282ffffff,,,
876ad1b4effffff,,,
8796d074bffffff,,,
8796d25adffffff,,,
8796d6271ffffff,,,
8796d075cffffff,,,
876ac558bffffff,,,
876ac208bffffff,,,
876ad138affffff,,,
876af10c3ffffff,,,
8796d3c5cffffff,,,
876ad504effffff,,,
8796d6a35ffffff,,,
876ade100ffffff,,,
8796d34a9ffffff,,,
876ac0961ffffff,,,
876ac6502ffffff,,,
8796d2d71ffffff,,,
876ac4625ffffff,,,
8796d2cf6ffffff,,,
876ac46a0ffffff,,,
876ad2286ffffff,,,
876ade085ffffff,,,
876ac01aeffffff,,,
876ac2010ffffff,,,
8796d06e1ffffff,,,
8796d2543ffffff,,,
876ac5cd4ffffff,,,
876ad1ad3ffffff,,,
876ade8b3ffffff,,,
876ad3935ffffff,,,
876ac6cb5ffffff,,,
8796d3524ffffff,,,
876ac5521ffffff,,,
876ad1320ffffff,,,
876af1059ffffff,,,
876ad3182ffffff,,,
876ac4d6effffff,,,
876ad0b6dffffff,,,
876ad50c9ffffff,,,
876ac2759ffffff,,,
8796d2c8cffffff,,,
876ac641dffffff,,,
876ade01bffffff,,,
8796d6950ffffff,,,
876ad1405ffffff,,,
876ac0144ffffff,,,
8796d24d9ffffff,,,
876ac5c6affffff,,,
876ad1a69ffffff,,,
876af17a2ffffff,,,
876ae34ddffffff,,,
8796d0013ffffff,,,
8796d619dffffff,,,
876ad38cbffffff,,,
876ad572dffffff,,,
876ad12b6ffffff,,,
876ad3118ffffff,,,
876ad3a1affffff,,,
8796d62ecffffff,,,
876ac4d04ffffff,,,
8796d448affffff,,,
876ac6b66ffffff,,,
8796d2628ffffff,,,
876ac088dffffff,,,
876ac4551ffffff,,,
8796d2c22ffffff,,,
876ac20f5ffffff,,,
876ad0350ffffff,,,
876ac63b3ffffff,,,
879689213ffffff,,,
8796d68e6ffffff,,,
876ac00daffffff,,,
8796d060dffffff,,,
876ade16affffff,,,
876ac3d9effffff,,,
876ac5c00ffffff,,,
876ac656cffffff,,,
876ada4a6ffffff,,,
8796d6133ffffff,,,
876ac470affffff,,,
876ad3861ffffff,,,
876ad56c3ffffff,,,
876ae3324ffffff,,,
876ac28a8ffffff,,,
876ac544dffffff,,,
876ad124cffffff,,,
876ad30aeffffff,,,
876ac0a46ffffff,,,
876ac4c9affffff,,,
876ad0a99ffffff,,,
876ade91dffffff,,,
876adc898ffffff,,,
876ac0823ffffff,,,
876ac2685ffffff,,,
8796d358effffff,,,
876ad02e6ffffff,,,
876ac6349ffffff,,,
876ac0070ffffff,,,
8796d05a3ffffff,,,
876ac3d34ffffff,,,
876ae3a6dffffff,,,
8796d2405ffffff,,,
876ac5b96ffffff,,,
876af16ceffffff,,,
876ad1995ffffff,,,
8796d60c9ffffff,,,
876ad32d1ffffff,,,
876ad5659ffffff,,,
8796d3d41ffffff,,,
876ad3044ffffff,,,
876ac4c30ffffff,,,
876ac6a92ffffff,,,
876adc82effffff,,,
876ade690ffffff,,,
876ac261bffffff,,,
8796d0cecffffff,,,
876ad3a84ffffff,,,
8796d6356ffffff,,,
8796d2b4effffff,,,
8796d6812ffffff,,,
876ad1c22ffffff,,,
8796d44f4ffffff,,,
876ac0006ffffff,,,
8796d2692ffffff,,,
876ae3a03ffffff,,,
8796d239bffffff,,,
876ac5b2cffffff,,,
876ad192bffffff,,,
876af1664ffffff,,,
876ad378dffffff,,,
876ae3250ffffff,,,
876ac2d64ffffff,,,
8796d6b09ffffff,,,
876ac6a28ffffff,,,
876ada510ffffff,0.03999999999999418,2026-07,valid
876ac25b1ffffff,,,
876ac4774ffffff,,,
876ae22eaffffff,,,
8796d0c82ffffff,,,
876ac4413ffffff,,,
876ae264bffffff,,,
876ac2912ffffff,,,
8796d2ae4ffffff,,,
876ad0212ffffff,,,
876ac6275ffffff,,,
876ac0ab0ffffff,,,
8796d67a8ffffff,,,
8796d2331ffffff,,,
876ac5ac2ffffff,,,
876ac6d89ffffff,,,
876ad18c1ffffff,,,
876adacc3ffffff,,,
876ad3723ffffff,,,
876ad110effffff,,,
876ac4b5cffffff,,,
8796d0c18ffffff,,,
876ac43a9ffffff,,,
8796d3dabffffff,,,
876ad14d9ffffff,,,
876af1212ffffff,,,
876ac620bffffff,,,
876ae35b1ffffff,,,
8796d0465ffffff,,,
876ad10a4ffffff,,,
8796d3976ffffff,,,
876ad3aeeffffff,,,
876aded05ffffff,,,
876ac2c90ffffff,,,
876ac4af2ffffff,,,
876ad1c8cffffff,,,
876ac6954ffffff,,,
876ac402bffffff,,,
876ad2753ffffff,,,
876ade552ffffff,,,
876ac24ddffffff,,,
8796d2a10ffffff,,,
876ac61a1ffffff,,,
876af1cd9ffffff,,,
8796d66d4ffffff,,,
8796d225dffffff,,,
876ac6640ffffff,,,
876af1526ffffff,,,
876aee4b4ffffff,,,
876ae26b5ffffff,,,
8796d390cffffff,,,
876adec9bffffff,,,
876ac2c26ffffff,,,
876ac0b1affffff,,,
876ac4a88ffffff,,,
8796d3159ffffff,,,
876ac68eaffffff,,,
876ad26e9ffffff,,,
876ade4e8ffffff,,,
876ac0611ffffff,,,
8796d3662ffffff,,,
876ac2473ffffff,,,
876ac42d5ffffff,,,
8796d29a6ffffff,,,
876ad00d4ffffff,,,
8796d666affffff,,,
8796d0391ffffff,,,
876ac5984ffffff,,,
876ad1783ffffff,,,
876ad33a5ffffff,,,
8796d38a2ffffff,,,
876ad1543ffffff,,,
876ac5744ffffff,,,
876adec31ffffff,,,
876ac0d5affffff,,,
876ac4a1effffff,,,
876ae361bffffff,,,
876ac6880ffffff,,,
876ac2409ffffff,,,
876ac426bffffff,,,
876ad3b58ffffff,,,
876ad006affffff,,,
876ac60cdffffff,,,
876ad1cf6ffffff,,,
8796d6600ffffff,,,
8796d2766ffffff,,,
876ac4095ffffff,,,
8796d2189ffffff,,,
876ac591affffff,,,
876ad1719ffffff,,,
876af1452ffffff,,,
876adcd65ffffff,,,
876ac0cf0ffffff,,,
876ac2b52ffffff,,,
876ac49b4ffffff,,,
876adc446ffffff,,,
876ac66aaffffff,,,
8796d3085ffffff,,,
876ac6816ffffff,,,
876ac4848ffffff,,,
876aee51effffff,,,
876adc5b2ffffff,,,
876ade414ffffff,,,
8796d6d49ffffff,,,
876ac4201ffffff,,,
876ac0b84ffffff,,,
8796d28d2ffffff,,,
876ad0000ffffff,,,
876ac6063ffffff,,,
876ad3cc4ffffff,,,
876ad5b26ffffff,,,
876ac58b0ffffff,,,
8796d36ccffffff,,,
876af324affffff,,,
876ad3511ffffff,,,
876ad5373ffffff,,,
876aeecd1ffffff,,,
876ac0c86ffffff,,,
876ac2ae8ffffff,,,
876ac494affffff,,,
876ad0749ffffff,,,
8796d301bffffff,,,
876ad5271ffffff,,,
876ac67acffffff,,,
876adc548ffffff,,,
876ac04d3ffffff,,,
876ac2335ffffff,,,
876ad15adffffff,,,
876af12e6ffffff,,,
876ac57aeffffff,,,
8796d201dffffff,,,
8796d2868ffffff,,,
876af1b31ffffff,,,
8796d0253ffffff,,,
876ad5a24ffffff,,,
8796d20b5ffffff,,,
876ac5846ffffff,,,
876ad1645ffffff,,,
876ad5309ffffff,,,
876af1a99ffffff,,,
876ad1d60ffffff,,,
876aeed69ffffff,,,
876ac5093ffffff,,,
8796d3764ffffff,,,
876adcc91ffffff,,,
876ac0c1cffffff,,,
876aee5b6ffffff,,,
876ac48e0ffffff,,,
876ac6742ffffff,,,
8796d6c75ffffff,,,
876ac0469ffffff,,,
876ac22cbffffff,,,
876ac412dffffff,,,
876adc4b0ffffff,,,
876ad1d8effffff,,,
876ac6714ffffff,,,
876af3929ffffff,,,
876ac48b2ffffff,,,
876ad5a52ffffff,,,
876aee588ffffff,,,
876ae36b3ffffff,,,
8796d204bffffff,,,
876ac2a50ffffff,,,
876af1314ffffff,,,
876ac5029ffffff,,,
876ac0bb2ffffff,,,
876ac2a14ffffff,,,
876adcc63ffffff,,,
876aee54cffffff,,,
8796d3736ffffff,,,
876ac4876ffffff,,,
876ac5065ffffff,,,
876ad0675ffffff,,,
876ac66d8ffffff,,,
876adc474ffffff,,,
8796d6c0bffffff,0.08000000000001746,2026-07,valid
876ac40c3ffffff,,,
8796d2794ffffff,,,
876ad52dbffffff,,,
876ad1d24ffffff,,,
876af1a5dffffff,,,
8796d6458ffffff,,,
876ad3b86ffffff,,,
876ae3649ffffff,,,
876af1350ffffff,,,
876ac5772ffffff,,,
876ac5818ffffff,,,
876af12aaffffff,,,
876ad1571ffffff,,,
876ad5235ffffff,,,
876aeec95ffffff,,,
8796d3690ffffff,,,
876ad5a8effffff,,,
876ac0b48ffffff,0.24859608212562226,2026-06,valid
876ac29aaffffff,,,
876ae26e3ffffff,,,
876aee4e2ffffff,,,
876af3965ffffff,,,
876ac480cffffff,,,
876ada5a8ffffff,0.009999999999976717,2026-07,valid
876ad060bffffff,,,
876af1b03ffffff,,,
876ac666effffff,,,
876adc40affffff,,,
8796d6ba1ffffff,,,
876ac0395ffffff,,,
876ac4169ffffff,,,
876ac4059ffffff,,,
8796d272affffff,,,
8796d458cffffff,,,
876ad3b1cffffff,,,
876ac04a5ffffff,,,
876ac5708ffffff,,,
876af1240ffffff,,,
876ad3369ffffff,,,
876aeec2bffffff,,,
876adacf1ffffff,,,
876adc51affffff,,,
8796d3626ffffff,,,
876ad071bffffff,,,
876ade9b5ffffff,,,
876ac491cffffff,,,
876ac2940ffffff,,,
876ac47a2ffffff,,,
876af02daffffff,,,
876ac6604ffffff,,,
876ac0c58ffffff,,,
876ac218dffffff,,,
8796d26c0ffffff,,,
876adcccdffffff,,,
876ad1c50ffffff,,,
8796d37a0ffffff,,,
8796d6384ffffff,,,
876ad3ab2ffffff,,,
876aeeda5ffffff,,,
8796d00abffffff,,,
876ad149dffffff,,,
876ac6d4dffffff,,,
876ad5345ffffff,,,
876ade94bffffff,,,
876ad34e3ffffff,,,
876ac0a74ffffff,0.022589340193927887,2026-07,valid
876ac28d6ffffff,,,
876ad1681ffffff,,,
876aee40effffff,,,
876ac5882ffffff,,,
8796d20f1ffffff,,,
876ac659affffff,,,
876ad2399ffffff,,,
876ade198ffffff,0.22999999999993598,2026-07,valid
8796d6acdffffff,,,
876ac2123ffffff,,,
8796d2656ffffff,,,
8796d631affffff,,,
876ad3a48ffffff,,,
8796d6568ffffff,0.20998398095138165,2026-07,valid
876ac5634ffffff,,,
876af1b6dffffff,,,
876ad1433ffffff,,,
876ac6035ffffff,,,
8796d3d05ffffff,,,
8796d28a4ffffff,,,
876ad3295ffffff,,,
876adac1dffffff,0.01979757768935182,2025-09,valid
8796d3552ffffff,,,
876ac6ce3ffffff,,,
876ac2371ffffff,,,
876ade8e1ffffff,,,
876ac0a0affffff,,,
876ac286cffffff,,,
876ac46ceffffff,,,
876adc584ffffff,,,
876ac6530ffffff,,,
876ac4986ffffff,,,
876ade12effffff,,,
8796d078affffff,,,
876ac2b24ffffff,,,
8796d62b0ffffff,,,
876ad5840ffffff,,,
876ac0cc2ffffff,,,
876ae34a1ffffff,,,
8796d3c9bffffff,,,
876ad322bffffff,,,
8796d34e8ffffff,,,
8796d380affffff,,,
876ac09a0ffffff,,,
876ac2802ffffff,,,
876ac4664ffffff,,,
8796d2d35ffffff,,,
876ac64c6ffffff,,,
876ad22c5ffffff,,,
876ade0c4ffffff,,,
8796d0720ffffff,,,
8796d2582ffffff,,,
876ac5d13ffffff,,,
876ad354dffffff,,,
876ad1b12ffffff,,,
876af1424ffffff,,,
876ad16ebffffff,,,
8796d6246ffffff,,,
876ac58ecffffff,,,
8796d215bffffff,,,
876ad3974ffffff,,,
876ac5560ffffff,,,
876af1098ffffff,,,
8796d3c31ffffff,,,
876ac4dadffffff,,,
876ad5b62ffffff,,,
876adc9abffffff,,,
876ade80dffffff,,,
876ac0936ffffff,,,
876ac2798ffffff,,,
8796d290effffff,,,
8796d2ccbffffff,,,
876ac645cffffff,,,
876ad225bffffff,,,
876ac0183ffffff,,,
8796d06b6ffffff,,,
8796d2518ffffff,,,
876ac5ca9ffffff,,,
876ad1aa8ffffff,,,
876ad390affffff,,,
876ad576cffffff,,,
876ade450ffffff,,,
876ad2651ffffff,,,
876ac54f6ffffff,,,
876ac6852ffffff,,,
8796d30c1ffffff,,,
876ad12f5ffffff,,,
8796d15b2ffffff,,,
876ac4d43ffffff,,,
876ac2b8effffff,,,
8796d3414ffffff,,,
876ac6ba5ffffff,,,
876ac0d2cffffff,,,
876ac08ccffffff,,,
876ac272effffff,,,
876ac4590ffffff,,,
876adec03ffffff,,,
8796d2c61ffffff,,,
879689252ffffff,,,
876adcda1ffffff,,,
876adc18effffff,,,
8796d3874ffffff,,,
8796d6925ffffff,,,
876ac51a3ffffff,,,
876ac0119ffffff,,,
8796d064cffffff,,,
8796d24aeffffff,,,
8796d6172ffffff,,,
876ad38a0ffffff,,,
876ad5702ffffff,,,
876ae3363ffffff,,,
876ac548cffffff,,,
876ad128bffffff,,,
876ad30edffffff,,,
876ac4cd9ffffff,,,
876ad0ad8ffffff,,,
876af148effffff,,,
876ad1755ffffff,,,
876ac5956ffffff,,,
876ac0862ffffff,,,
876ac26c4ffffff,,,
8796d0d95ffffff,,,
876ac4526ffffff,,,
876ad0325ffffff,,,
876ac6388ffffff,,,
876adc124ffffff,,,
8796d2444ffffff,,,
876af170dffffff,,,
8796d6108ffffff,,,
876ad3836ffffff,,,
876ad5698ffffff,,,
876ac6109ffffff,,,
876ac5422ffffff,,,
876ad1221ffffff,,,
876ad3083ffffff,,,
876ac2445ffffff,,,
876ad0a6effffff,,,
876ac6ad1ffffff,,,
876ac265affffff,,,
876aee192ffffff,,,
8796d2b8dffffff,,,
876ac631effffff,,,
8796d6851ffffff,,,
876ac0045ffffff,,,
8796d312bffffff,,,
876ae3a42ffffff,,,
876ac4a5affffff,,,
876ad196affffff,,,
876af16a3ffffff,,,
8796d609effffff,,,
876ad562effffff,,,
876ad3019ffffff,,,
876ac0d96ffffff,,,
876ac2da3ffffff,,,
876ac4c05ffffff,,,
876adec6dffffff,,,
876adc803ffffff,,,
8796d38deffffff,,,
876ad100cffffff,,,
876ac078effffff,,,
8796d0cc1ffffff,,,
876ac4452ffffff,,,
8796d2b23ffffff,,,
876ad0251ffffff,,,
876ac62b4ffffff,,,
8796d050effffff,,,
8796d2370ffffff,,,
876ac5b01ffffff,,,
876ad3621ffffff,,,
876af335affffff,,,
876ad1900ffffff,,,
8796d6034ffffff,,,
876ad3762ffffff,,,
876ae3225ffffff,,,
876ad114dffffff,,,
876adedaeffffff,,,
876ac4b9bffffff,,,
876ac0724ffffff,,,
876ac2586ffffff,,,
876ac624affffff,,,
876af3b0dffffff,,,
8796d66a6ffffff,,,
876ac6173ffffff,,,
8796d04a4ffffff,,,
876ac4311ffffff,,,
8796d2306ffffff,,,
876ad1896ffffff,,,
876ad10e3ffffff,,,
8796d39b5ffffff,,,
876ade524ffffff,,,
876aded44ffffff,,,
876ac4b31ffffff,,,
876ac6926ffffff,,,
8796d3195ffffff,,,
876ac4ac4ffffff,,,
876ac6993ffffff,,,
876ac2c62ffffff,,,
876ade591ffffff,,,
876ac251cffffff,,,
8796d6713ffffff,,,
8796d229cffffff,,,
876ac5a2dffffff,,,
876ad182cffffff,,,
876af1565ffffff,,,
876ad368effffff,,,
8796d3948ffffff,,,
876ad1076ffffff,,,
876adecdaffffff,,,
876ac2c65ffffff,,,
8796d3198ffffff,,,
876ad368bffffff,,,
876ac6929ffffff,,,
876af1562ffffff,,,
876ad1829ffffff,,,
876ac24b2ffffff,,,
876ac5a2affffff,,,
8796d2299ffffff,,,
876ac4314ffffff,,,
876ac6176ffffff,,,
8796d66a9ffffff,,,
8796d2232ffffff,,,
8796d6710ffffff,,,
876af335dffffff,,,
876ad3624ffffff,,,
8796d2a4cffffff,,,
8796d38e1ffffff,,,
876adec70ffffff,,,
876ac0d99ffffff,,,
876ac4a5dffffff,,,
876ac2519ffffff,,,
8796d312effffff,,,
876ac2448ffffff,,,
876ac42aaffffff,,,
876ade58effffff,,,
876ad00a9ffffff,,,
876ac610cffffff,,,
876ac6990ffffff,,,
876ac4b2effffff,,,
876ad3d6dffffff,,,
876ac5959ffffff,,,
876ac2cccffffff,,,
876ad1758ffffff,,,
876af1491ffffff,,,
876ac51a6ffffff,,,
876aded41ffffff,,,
876adcda4ffffff,,,
876adec06ffffff,,,
876ac2b91ffffff,,,
8796d39b2ffffff,,,
876ad10e0ffffff,,,
8796d30c4ffffff,,,
876ac6855ffffff,,,
876ad2654ffffff,,,
876ade453ffffff,,,
876ac4240ffffff,,,
8796d2911ffffff,,,
876ac60a2ffffff,,,
876ad5b65ffffff,,,
8796d215effffff,,,
876ad16eeffffff,,,
876af3289ffffff,,,
876ad36f5ffffff,,,
876ad3550ffffff,,,
876ad53b2ffffff,,,
876ad1893ffffff,,,
876ac5a94ffffff,,,
8796d2303ffffff,,,
8796d380dffffff,,,
8796d04a1ffffff,,,
876ac0cc5ffffff,,,
876ac4989ffffff,,,
8796d305affffff,,,
876ac0512ffffff,,,
876ac2374ffffff,,,
876af1b70ffffff,,,
8796d656bffffff,0.05000000000004075,2026-07,valid
8796d0292ffffff,,,
8796d2ab6ffffff,,,
8796d20f4ffffff,,,
876ac5885ffffff,,,
8796d0c54ffffff,,,
876ad1684ffffff,,,
876ac2583ffffff,,,
876ad34e6ffffff,,,
876ad5348ffffff,,,
876ac0721ffffff,,,
876aeeda8ffffff,,,
876ac50d2ffffff,,,
8796d37a3ffffff,,,
876adccd0ffffff,,,
876adeb32ffffff,,,
876ac0c5bffffff,,,
876ac4b98ffffff,,,
876ad071effffff,,,
876ac6781ffffff,,,
876adc51dffffff,,,
876ac2d36ffffff,,,
876ac04a8ffffff,,,
876ac230affffff,,,
876ac416cffffff,,,
876af1b06ffffff,,,
876af3968ffffff,,,
876ad5a91ffffff,,,
876adedabffffff,,,
8796d0228ffffff,,,
876ae36f2ffffff,,,
8796d208affffff,,,
876ac581bffffff,,,
876ad161affffff,,,
876af1353ffffff,,,
876ad114affffff,,,
876ad52deffffff,,,
876ac5068ffffff,,,
876ae3222ffffff,,,
876adcc66ffffff,,,
876ac2a53ffffff,,,
876aee58bffffff,,,
876ac48b5ffffff,,,
876adc4b3ffffff,,,
8796d6c4affffff,,,
8796d6031ffffff,,,
876ac4102ffffff,,,
876ad1d63ffffff,,,
876af1636ffffff,,,
876af1a9cffffff,,,
8796d236dffffff,,,
876ae3688ffffff,,,
8796d2020ffffff,,,
876ac57b1ffffff,,,
8796d050bffffff,,,
876af12e9ffffff,,,
876ad15b0ffffff,,,
876ad3412ffffff,,,
876ad5274ffffff,,,
876aeecd4ffffff,,,
876adad9affffff,,,
876ac62b1ffffff,,,
876ad024effffff,,,
8796d2b20ffffff,,,
876aee521ffffff,,,
876ac484bffffff,,,
876ad064affffff,,,
876ac66adffffff,,,
876ac078bffffff,,,
876ac2236ffffff,,,
876ac4098ffffff,,,
8796d2769ffffff,,,
876adc800ffffff,,,
876af1a32ffffff,,,
876ac6a64ffffff,,,
876ad3b5bffffff,,,
876ac4c02ffffff,,,
876ac2da0ffffff,,,
876ad1546ffffff,,,
876ad33a8ffffff,,,
876ad520affffff,,,
876aeec6affffff,,,
876adad30ffffff,,,
8796d3665ffffff,,,
876ac0b1dffffff,,,
876ad3016ffffff,,,
876ac6643ffffff,,,
876ad11b4ffffff,,,
876ac53b5ffffff,,,
8796d6b76ffffff,,,
876ae328cffffff,,,
876ac402effffff,,,
876ad3af1ffffff,,,
876ad562bffffff,,,
8796d00eaffffff,,,
876ae35b4ffffff,,,
8796d609bffffff,,,
876af1215ffffff,,,
876ad14dcffffff,,,
8796d3daeffffff,,,
876af16a0ffffff,,,
876aeec00ffffff,,,
876adacc6ffffff,,,
876ac6d8cffffff,,,
8796d0575ffffff,,,
876ade98affffff,,,
876ac0ab3ffffff,,,
876ac2915ffffff,,,
876ae264effffff,,,
876ada513ffffff,0.03000000000005821,2026-07,valid
876ac0042ffffff,,,
8796d684effffff,,,
8796d6b0cffffff,,,
876ac2162ffffff,,,
8796d2695ffffff,,,
876ad1c25ffffff,,,
876ac631bffffff,,,
8796d2b8affffff,,,
8796d6359ffffff,,,
8796d0080ffffff,,,
876ad1472ffffff,,,
8796d3d44ffffff,,,
876ad32d4ffffff,,,
8796d3591ffffff,,,
876ac6d22ffffff,,,
876ade920ffffff,,,
876ac6aceffffff,,,
876ad0a6bffffff,,,
876ac28abffffff,,,
876ac4c6cffffff,,,
876ac470dffffff,,,
876af0245ffffff,,,
8796d6aa2ffffff,,,
8796d262bffffff,,,
8796d448dffffff,,,
876ad3a1dffffff,,,
8796d0016ffffff,,,
876ae34e0ffffff,,,
876ad3080ffffff,,,
876ad1408ffffff,,,
876ad121effffff,,,
8796d3cdaffffff,,,
876ad326affffff,,,
876ad50ccffffff,,,
876ae32f6ffffff,,,
876ade8b6ffffff,,,
876ac2841ffffff,,,
876ac46a3ffffff,,,
8796d2d74ffffff,,,
876ac6505ffffff,,,
876ad5695ffffff,,,
876ade103ffffff,,,
876ad3833ffffff,,,
8796d6105ffffff,,,
876ac208effffff,,,
876ac5d52ffffff,,,
876af170affffff,,,
876ad1b51ffffff,,,
8796d2441ffffff,,,
8796d6285ffffff,,,
876ad39b3ffffff,,,
876ae3476ffffff,,,
876ad139effffff,,,
8796d3c70ffffff,,,
876ac00acffffff,,,
876ad3200ffffff,,,
876ac6c4effffff,,,
876ade84cffffff,,,
876adc121ffffff,,,
876ac6385ffffff,,,
876ac0975ffffff,,,
876ad0322ffffff,,,
876ac4523ffffff,,,
8796d2d0affffff,,,
8796d0d92ffffff,,,
876ac649bffffff,,,
876ac26c1ffffff,,,
876ad229affffff,,,
876ade099ffffff,,,
876ac2024ffffff,,,
8796d06f5ffffff,,,
876ac5ce8ffffff,,,
876ade736ffffff,,,
8796d621bffffff,,,
876ad3949ffffff,,,
876ad57abffffff,,,
876adc8d4ffffff,,,
876ae340cffffff,,,
876ad0ad5ffffff,,,
876ac4cd6ffffff,,,
876ac5535ffffff,,,
876ad1334ffffff,,,
876af106dffffff,,,
8796d3c06ffffff,,,
876ad3196ffffff,,,
876ac4d82ffffff,,,
8796d3453ffffff,,,
876adc980ffffff,,,
876ad30eaffffff,,,
876ac090bffffff,,,
876ac276dffffff,,,
876ad1288ffffff,,,
8796d2ca0ffffff,,,
876ac6431ffffff,,,
876ac5489ffffff,,,
8796d6964ffffff,,,
876ae3360ffffff,,,
876ac0158ffffff,,,
8796d068bffffff,,,
8796d24edffffff,,,
876af17b6ffffff,,,
8796d61b1ffffff,,,
876ad5741ffffff,,,
876ac54cbffffff,,,
876ad12caffffff,,,
876ad389dffffff,,,
876ad312cffffff,,,
876ac4d18ffffff,,,
876af1774ffffff,,,
876adc916ffffff,0.16325815364084817,2025-05,valid
876adc916ffffff,0.4045055945473213,2025-09,valid
876ac08a1ffffff,,,
8796d24abffffff,,,
876ac2703ffffff,,,
876ac4565ffffff,,,
8796d2c36ffffff,,,
876ad0364ffffff,,,
8796d0649ffffff,,,
876ac00eeffffff,,,
8796d0621ffffff,,,
876ac3db2ffffff,,,
876ac0116ffffff,,,
876ae3aebffffff,,,
8796d2483ffffff,,,
876ac5c14ffffff,,,
8796d6922ffffff,,,
876ad1a13ffffff,,,
876adc18bffffff,,,
876af174cffffff,,,
876ad038cffffff,,,
8796d2c5effffff,,,
876ac458dffffff,,,
876ad3875ffffff,,,
876ac272bffffff,,,
876ac5461ffffff,,,
876ad1260ffffff,,,
876ad30c2ffffff,,,
876ac08c9ffffff,,,
876ac4caeffffff,,,
876ac6b10ffffff,,,
876adc8acffffff,,,
876ac6ba2ffffff,,,
8796d3411ffffff,,,
876ac2699ffffff,,,
876ac4d40ffffff,,,
876ac635dffffff,,,
8796d6890ffffff,,,
876ac0084ffffff,,,
8796d2419ffffff,,,
876ac5baaffffff,,,
876ad19a9ffffff,,,
876af16e2ffffff,,,
8796d60ddffffff,,,
876ad380bffffff,,,
876ad566dffffff,,,
876ad3154ffffff,,,
876ae32ceffffff,,,
876ad3058ffffff,,,
876ad12f2ffffff,,,
876ac54f3ffffff,,,
876ac4c44ffffff,,,
876ad0a43ffffff,,,
876ac6aa6ffffff,,,
876ac4491ffffff,,,
876ad5769ffffff,,,
8796d2b62ffffff,,,
876ad0290ffffff,,,
876ac62f3ffffff,,,
8796d6826ffffff,,,
876ac001affffff,,,
876ad1aa5ffffff,,,
8796d054dffffff,,,
876ac5ca6ffffff,,,
8796d2515ffffff,,,
876ac5b40ffffff,,,
8796d6073ffffff,,,
8796d06b3ffffff,,,
876ad37a1ffffff,,,
876ad5603ffffff,,,
876ae3264ffffff,,,
876ad118cffffff,,,
876ac0180ffffff,,,
8796d698cffffff,,,
876aee8b0ffffff,,,
876ac6459ffffff,,,
8796d2cc8ffffff,,,
876ac0763ffffff,,,
8796d0c96ffffff,,,
876ad0226ffffff,,,
876ac6289ffffff,,,
876ac2795ffffff,,,
876ac0933ffffff,,,
8796d04e3ffffff,,,
8796d2345ffffff,,,
876ade80affffff,,,
876ac5ad6ffffff,,,
876ad18d5ffffff,,,
876adc9a8ffffff,,,
876af160effffff,,,
876ac6c0cffffff,,,
8796d6009ffffff,,,
876ac4daaffffff,,,
876ac5323ffffff,,,
876ad1122ffffff,,,
876aded83ffffff,,,
876ac2d0effffff,,,
876ac4b70ffffff,,,
876ac255bffffff,,,
8796d3c2effffff,,,
876af1095ffffff,,,
876ad135cffffff,,,
876ac555dffffff,,,
8796d2a8effffff,,,
8796d6752ffffff,,,
8796d22dbffffff,,,
876ad186bffffff,,,
876af15a4ffffff,,,
876ad36cdffffff,,,
876ad3971ffffff,,,
8796d6243ffffff,,,
8796d398affffff,,,
876aded19ffffff,,,
876ac2ca4ffffff,,,
876ac5d10ffffff,,,
876ac4b06ffffff,,,
876ac6968ffffff,,,
8796d071dffffff,,,
876ade566ffffff,,,
876ac204cffffff,,,
876ac24f1ffffff,,,
876ac4353ffffff,,,
8796d2a24ffffff,,,
876ad0152ffffff,,,
876ac61b5ffffff,,,
876ade0c1ffffff,,,
8796d66e8ffffff,,,
876ad22c2ffffff,,,
876ac64c3ffffff,,,
8796d2d32ffffff,,,
8796d2271ffffff,,,
876ac4661ffffff,,,
876ac5a02ffffff,,,
876ad1801ffffff,,,
876ad3663ffffff,,,
876ac099dffffff,,,
876ad104effffff,,,
8796d3920ffffff,,,
876ade874ffffff,,,
876ac4a9cffffff,,,
876ac6c76ffffff,,,
8796d34e5ffffff,,,
876ac0625ffffff,,,
876ac42e9ffffff,,,
876ad00e8ffffff,,,
876ac614bffffff,,,
876af3ae5ffffff,,,
8796d03a5ffffff,,,
876ad3228ffffff,,,
876ac5998ffffff,,,
876af14d0ffffff,,,
8796d3c98ffffff,,,
8796d38b6ffffff,,,
876ae349effffff,,,
876adec45ffffff,,,
876ac0d6effffff,,,
876ac4a32ffffff,,,
8796d3103ffffff,,,
876ac6894ffffff,,,
876ade492ffffff,,,
8796d62adffffff,,,
876ac241dffffff,,,
8796d2950ffffff,,,
876ac60e1ffffff,,,
8796d6614ffffff,,,
876ad5ba4ffffff,,,
8796d219dffffff,,,
876ac592effffff,,,
876ac20b6ffffff,,,
876ad172dffffff,,,
876af1466ffffff,,,
876af32c8ffffff,,,
876ade12bffffff,,,
876ac0d04ffffff,,,
876ac2b66ffffff,,,
876ac652dffffff,,,
8796d2d9cffffff,,,
876ac46cbffffff,,,
8796d3099ffffff,,,
876ac682affffff,,,
876ad2629ffffff,,,
876ac2869ffffff,,,
876ade428ffffff,,,
8796d6d5dffffff,,,
876ac0551ffffff,,,
876ac23b3ffffff,,,
876ac4215ffffff,,,
8796d28e6ffffff,,,
876ade8deffffff,,,
876ad0014ffffff,,,
876af3a11ffffff,,,
876ac6ce0ffffff,,,
876ad3cd8ffffff,,,
876adac1affffff,,,
8796d02d1ffffff,,,
8796d2133ffffff,,,
876ac58c4ffffff,,,
876ad16c3ffffff,,,
876af325effffff,,,
876ac5111ffffff,,,
876ac0c9affffff,,,
876ac495effffff,,,
876ad3292ffffff,,,
876ad075dffffff,,,
876adc55cffffff,,,
8796d3d02ffffff,,,
876ad1430ffffff,,,
876ac5631ffffff,,,
876ac41abffffff,,,
876ac600dffffff,,,
876af1b45ffffff,,,
876ad5ad0ffffff,,,
8796d20c9ffffff,,,
876ac585affffff,,,
876ad1659ffffff,,,
876af1392ffffff,,,
876ad3a45ffffff,,,
876ad531dffffff,,,
876adcca5ffffff,,,
8796d44b5ffffff,,,
876ac0c30ffffff,,,
876ac2a92ffffff,,,
8796d2653ffffff,,,
876ac48f4ffffff,,,
876ac6756ffffff,,,
876adc4f2ffffff,,,
876ac2120ffffff,,,
876ac4141ffffff,,,
8796d2812ffffff,,,
876af1adbffffff,,,
876ad1da2ffffff,,,
8796d6acaffffff,,,
876ade195ffffff,,,
876ad5a66ffffff,,,
876ad2396ffffff,,,
876af026dffffff,,,
876af1328ffffff,,,
876ac4735ffffff,,,
876ad3451ffffff,,,
876aee40bffffff,,,
876ad52b3ffffff,,,
876ac28d3ffffff,,,
876aeed13ffffff,,,
8796d370effffff,,,
876ac0a71ffffff,,,
876ac2a28ffffff,,,
876ade948ffffff,,,
876aee560ffffff,,,
876ac488affffff,,,
876ac6d4affffff,,,
876adac84ffffff,0.07868320947768073,2026-07,valid
876ac66ecffffff,,,
876adc488ffffff,,,
876ac0413ffffff,,,
8796d27a8ffffff,,,
876af1a71ffffff,,,
8796d646cffffff,,,
876ad3b9affffff,,,
8796d0193ffffff,,,
876ae365dffffff,,,
876ac5786ffffff,,,
8796d3d6cffffff,,,
876ad149affffff,,,
876ad1585ffffff,,,
876ad5249ffffff,,,
876aeeca9ffffff,,,
8796d36a4ffffff,,,
8796d00a8ffffff,,,
876ac0b5cffffff,0.037168943330653986,2026-06,valid
876aee4f6ffffff,,,
876ac4820ffffff,,,
876ac6682ffffff,,,
876adc41effffff,,,
8796d6381ffffff,,,
8796d6bb5ffffff,,,
876ad1c4dffffff,,,
876ac406dffffff,,,
876ad1cceffffff,,,
8796d45a0ffffff,,,
876ad3b30ffffff,,,
876af3869ffffff,,,
876ac218affffff,,,
876ac571cffffff,,,
876af1254ffffff,,,
876ad151bffffff,,,
8796d6b34ffffff,,,
876ac0af2ffffff,,,
876ac6601ffffff,,,
876ac2954ffffff,,,
876ae268dffffff,,,
876aee48cffffff,,,
876ac47b6ffffff,,,
876aee475ffffff,,,
876ada552ffffff,,,
876ac6618ffffff,,,
876ac21a1ffffff,,,
876ac4003ffffff,,,
876ade9b2ffffff,,,
8796d26d4ffffff,,,
876ad1c64ffffff,,,
876ac6db4ffffff,,,
8796d3623ffffff,,,
876adaceeffffff,,,
8796d4536ffffff,,,
876aeec28ffffff,,,
8796d6398ffffff,,,
876ad3ac6ffffff,,,
876ad5928ffffff,,,
876ae3589ffffff,,,
876ac56b2ffffff,0.029851987531118923,2026-06,valid
876ad14b1ffffff,,,
8796d3d83ffffff,,,
876ad3313ffffff,,,
876adac9bffffff,0.020029377472483578,2026-07,valid
876ac6d61ffffff,,,
876ad3366ffffff,,,
876ac0a88ffffff,,,
876ac28eaffffff,,,
876ad1504ffffff,,,
876aee422ffffff,,,
876ac5705ffffff,,,
876ac474cffffff,,,
876ac65aeffffff,,,
8796d0112ffffff,,,
876ade1acffffff,,,
8796d6ae1ffffff,,,
8796d266affffff,,,
876ad3b19ffffff,,,
8796d632effffff,,,
876ad3a5cffffff,,,
8796d4589ffffff,,,
8796d0055ffffff,,,
8796d3d19ffffff,,,
876ad32a9ffffff,,,
876ac4056ffffff,,,
876adac31ffffff,,,
8796d3566ffffff,,,
876ade8f5ffffff,,,
876ac0a1effffff,,,
876ac2880ffffff,,,
876ac46e2ffffff,,,
876ac0392ffffff,,,
8796d2db3ffffff,0.010866212042141584,2026-07,valid
8796d6b9effffff,,,
876ac6544ffffff,,,
876ac666bffffff,,,
876ad0608ffffff,,,
876ada5a5ffffff,,,
876ade142ffffff,,,
876ac4809ffffff,,,
876ac20cdffffff,,,
8796d079effffff,,,
876ae26e0ffffff,,,
8796d2600ffffff,,,
876ac5d91ffffff,,,
876ad1b90ffffff,,,
876ac0b45ffffff,,,
8796d62c4ffffff,,,
876ae34b5ffffff,,,
8796d368dffffff,,,
876ac6c8dffffff,,,
876aeec92ffffff,,,
876ade88bffffff,,,
876ac09b4ffffff,,,
876ac2816ffffff,,,
876ada414ffffff,0.11000000000019208,2026-07,valid
8796d2d49ffffff,,,
876ac64daffffff,,,
876ad5232ffffff,,,
876ad22d9ffffff,,,
8796d6a0dffffff,,,
876ac2063ffffff,,,
8796d0734ffffff,,,
8796d2596ffffff,,,
876ad156effffff,,,
876ad1b26ffffff,,,
8796d625affffff,,,
876ad3988ffffff,,,
876ae3646ffffff,,,
876ac5574ffffff,,,
876ad1373ffffff,,,
876af10acffffff,,,
8796d3c45ffffff,,,
8796d3492ffffff,,,
876ac6c23ffffff,,,
876ade821ffffff,,,
876ad3b83ffffff,,,
876ac094affffff,,,
876ac27acffffff,,,
876af1a5affffff,,,
876ad1d21ffffff,,,
876ac460effffff,,,
8796d2791ffffff,,,
876ac6470ffffff,,,
8796892d0ffffff,,,
876ac40c0ffffff,,,
8796d69a3ffffff,,,
8796d06caffffff,,,
8796d252cffffff,,,
876ad391effffff,,,
876ad5780ffffff,,,
876ac550affffff,,,
876ad1309ffffff,,,
876af1042ffffff,,,
876adc471ffffff,,,
876ac66d5ffffff,,,
876ad0672ffffff,,,
876ad316bffffff,,,
876ac4873ffffff,,,
876ac2a11ffffff,,,
8796d3428ffffff,,,
876adc955ffffff,,,
876ac08e0ffffff,,,
876ac2742ffffff,,,
876ac45a4ffffff,,,
8796d2c75ffffff,,,
876ad03a3ffffff,,,
876adcc24ffffff,,,
876ac6406ffffff,,,
879689266ffffff,,,
876adc1a2ffffff,,,
876ac5026ffffff,,,
876ade004ffffff,,,
876ac012dffffff,,,
8796d0660ffffff,,,
8796d24c2ffffff,,,
876ac5c53ffffff,,,
876ad1a52ffffff,,,
876af178bffffff,,,
8796d6186ffffff,,,
876ad38b4ffffff,,,
876ad529cffffff,,,
876ac54a0ffffff,,,
876ad3101ffffff,,,
876ac4cedffffff,,,
876ad0aecffffff,,,
876af1311ffffff,,,
8796d2048ffffff,,,
876ac0876ffffff,,,
876ac26d8ffffff,,,
876ae36b0ffffff,,,
8796d2c0bffffff,,,
876ac639cffffff,,,
876ac00c3ffffff,,,
876ae3ac0ffffff,,,
8796d2458ffffff,,,
876af1721ffffff,,,
8796d611cffffff,,,
876ad384affffff,,,
876ad1d8bffffff,,,
876af1ac4ffffff,,,
876ad56acffffff,,,
876ae330dffffff,,,
876ac5436ffffff,,,
876ad1235ffffff,,,
876ac412affffff,,,
876ac22c8ffffff,,,
876ac4c83ffffff,,,
876ad0a82ffffff,,,
876ac6ae5ffffff,,,
876ac0466ffffff,,,
876adc881ffffff,,,
8796d6c72ffffff,,,
876ac080cffffff,,,
876aee1a6ffffff,,,
876ac44d0ffffff,,,
8796d2ba1ffffff,,,
876ac48ddffffff,,,
876ac6332ffffff,,,
876aee5b3ffffff,,,
8796d6865ffffff,,,
876ac0059ffffff,,,
8796d058cffffff,,,
876ac0c19ffffff,,,
876ae3a56ffffff,,,
8796d60b2ffffff,,,
876ad5642ffffff,,,
876ae32a3ffffff,,,
876adcc8effffff,,,
8796d3761ffffff,,,
876ad302dffffff,,,
876ac5090ffffff,,,
876aeed66ffffff,,,
876ac4c19ffffff,,,
876ac07a2ffffff,,,
876ac2604ffffff,,,
8796d0cd5ffffff,,,
876ad5306ffffff,,,
876ac4466ffffff,,,
876ad0265ffffff,,,
876ac62c8ffffff,,,
876ad34a4ffffff,,,
876ad1642ffffff,,,
8796d0522ffffff,,,
876ac5843ffffff,,,
8796d20b2ffffff,,,
8796d2384ffffff,,,
876ac5b15ffffff,,,
8796d0250ffffff,,,
876af164dffffff,,,
876ad1914ffffff,,,
8796d6048ffffff,,,
876ad3776ffffff,,,
876ad1161ffffff,,,
876ac2d4dffffff,,,
876af1b2effffff,,,
8796d3280ffffff,,,
876ac6a11ffffff,,,
8796d2865ffffff,,,
876ac4194ffffff,,,
876ac2332ffffff,,,
876ac259affffff,,,
876ae22d3ffffff,,,
876ac04d0ffffff,,,
8796d2acdffffff,,,
8796d6cdcffffff,0.04000000000000582,2026-07,valid
876ac625effffff,,,
8796d6791ffffff,,,
876adc545ffffff,,,
876ac67a9ffffff,,,
8796d3018ffffff,,,
876ad0746ffffff,,,
8796d231affffff,,,
876ac5aabffffff,,,
876ad18aaffffff,,,
876ac2ae5ffffff,,,
876ad370cffffff,,,
876ac0c83ffffff,,,
876aded58ffffff,,,
876ac2ce3ffffff,,,
876ac4b45ffffff,,,
876ade5a5ffffff,,,
876ac2530ffffff,,,
8796d0c01ffffff,,,
876ac4392ffffff,,,
8796d2a63ffffff,,,
876ad5370ffffff,,,
8796d044effffff,,,
8796d22b0ffffff,,,
876ad350effffff,,,
876ad1840ffffff,,,
876ad36a2ffffff,,,
876ad16acffffff,,,
876ac58adffffff,,,
8796d211cffffff,,,
876ad108dffffff,,,
876adeceeffffff,,,
876ac4adbffffff,,,
8796d31acffffff,,,
876ad5b23ffffff,,,
876ac24c6ffffff,,,
876ad3cc1ffffff,,,
876ac4328ffffff,,,
876ac618affffff,,,
876af1cc2ffffff,,,
876ac6060ffffff,,,
876af3b24ffffff,,,
8796d2246ffffff,,,
876ac239cffffff,,,
876ad1023ffffff,,,
8796d38f5ffffff,,,
876adec84ffffff,,,
876ade411ffffff,,,
876ac0dadffffff,,,
876ac4a71ffffff,,,
876ac6813ffffff,,,
8796d3082ffffff,,,
8796d3142ffffff,,,
876ac49b1ffffff,,,
876ac68d3ffffff,,,
876ade4d1ffffff,,,
876ac245cffffff,,,
876ac0cedffffff,,,
876ac6120ffffff,,,
8796d6653ffffff,,,
876ac596dffffff,,,
876ad176cffffff,,,
876adcd62ffffff,,,
8796d3835ffffff,,,
876ac5164ffffff,,,
8796d388bffffff,,,
876adec1affffff,,,
876ac0d43ffffff,,,
876ac2ba5ffffff,,,
8796d30d8ffffff,,,
876ac6869ffffff,,,
8796896c9ffffff,0.009999999999976717,2026-07,valid
876ad2668ffffff,,,
876ac0590ffffff,,,
876ad1716ffffff,,,
876ac4254ffffff,,,
8796d2925ffffff,,,
8796d2186ffffff,,,
876ad0053ffffff,,,
876ac60b6ffffff,,,
876af3a50ffffff,,,
8796d0310ffffff,,,
8796d2172ffffff,,,
876ac5903ffffff,,,
876ad5b8dffffff,,,
876ad1702ffffff,,,
876af329dffffff,,,
876ad3564ffffff,,,
876af3a64ffffff,,,
876ac5150ffffff,,,
8796d3821ffffff,,,
876adcd4effffff,,,
876ac60caffffff,,,
876adebb0ffffff,,,
876ac4268ffffff,,,
876ac0cd9ffffff,,,
876ac499dffffff,,,
876ac2406ffffff,,,
876adc59bffffff,,,
876ac0526ffffff,,,
876ac2388ffffff,,,
876ac05a4ffffff,,,
876ac604cffffff,,,
8796d02a6ffffff,,,
8796d2108ffffff,,,
876ac5899ffffff,,,
8796d30ecffffff,,,
876ad1698ffffff,,,
876ac4a1bffffff,,,
876ad535cffffff,,,
876ac50e6ffffff,,,
876adcce4ffffff,,,
876ac2ad1ffffff,,,
876ac4933ffffff,,,
876adec2effffff,,,
8796d3004ffffff,,,
876ac6795ffffff,,,
876adc531ffffff,,,
876ac231effffff,,,
876ac4180ffffff,,,
8796d2851ffffff,,,
876af1b1affffff,,,
876ad5aa5ffffff,,,
8796d209effffff,,,
876ad162effffff,,,
876ad3490ffffff,,,
876ad52f2ffffff,,,
876aeed52ffffff,,,
8796d374dffffff,,,
876ac0c05ffffff,,,
876ad1780ffffff,,,
876ac5981ffffff,,,
876ac48c9ffffff,,,
876ad06c8ffffff,,,
876ac672bffffff,,,
8796d038effffff,,,
876ac0452ffffff,,,
876ac22b4ffffff,,,
876ac4116ffffff,,,
876af3aceffffff,,,
876ae369cffffff,,,
8796d2034ffffff,,,
876ac6134ffffff,,,
876ad00d1ffffff,,,
8796d29a3ffffff,,,
876ac42d2ffffff,,,
876ad3426ffffff,,,
876ad5288ffffff,,,
876ac2470ffffff,,,
876aeece8ffffff,,,
876ac5012ffffff,,,
876adadaeffffff,,,
876ac060effffff,,,
8796d36e3ffffff,,,
876adcc10ffffff,,,
876ade4e5ffffff,,,
876ac0b9bffffff,,,
8796d3156ffffff,,,
876aee535ffffff,,,
876ac4a85ffffff,,,
876ad065effffff,,,
876ac66c1ffffff,,,
876adc45dffffff,,,
876ac2c23ffffff,,,
876ac40acffffff,,,
876ad1d0dffffff,,,
876af1a46ffffff,,,
8796d6441ffffff,,,
876adec98ffffff,,,
876af1293ffffff,,,
876ad155affffff,,,
8796d3909ffffff,,,
876ad521effffff,,,
876ac0b31ffffff,,,
876ac2993ffffff,,,
876ae26ccffffff,,,
876aee4cbffffff,,,
876ada591ffffff,0.007053821546285385,2026-07,valid
876ad364cffffff,,,
8796d6b8affffff,,,
876ac4042ffffff,,,
8796d2713ffffff,,,
876af1523ffffff,,,
876ad1ca3ffffff,,,
8796d225affffff,,,
876ad3b05ffffff,,,
876af1229ffffff,,,
876ad14f0ffffff,,,
876ad3352ffffff,,,
876aeec14ffffff,,,
876adacdaffffff,,,
876ac6da0ffffff,,,
8796d66d1ffffff,,,
876ade99effffff,,,
876af1cd6ffffff,,,
876ac2929ffffff,,,
876ac619effffff,,,
876ac478bffffff,,,
8796d2a0dffffff,,,
8796d6b20ffffff,,,
876ac24daffffff,,,
876ac2176ffffff,,,
8796d26a9ffffff,,,
8796d636dffffff,,,
876ad3a9bffffff,,,
8796d0094ffffff,,,
876ac6951ffffff,,,
876ad1486ffffff,,,
8796d3d58ffffff,,,
876ad32e8ffffff,,,
876ac2c8dffffff,,,
8796d35a5ffffff,,,
876ac6d36ffffff,,,
876ade934ffffff,,,
876aded02ffffff,,,
876ac4721ffffff,,,
876ac6583ffffff,,,
876ad2382ffffff,,,
8796d3973ffffff,,,
876ad10a1ffffff,,,
876ade181ffffff,,,
8796d6ab6ffffff,,,
876ac210cffffff,,,
8796d44a1ffffff,,,
8796d6303ffffff,,,
876ad3a31ffffff,,,
876ae34f4ffffff,,,
876ac561dffffff,0.19959253231149793,2025-06,valid
876ac561dffffff,0.029999999999930152,2026-01,valid
876ad141cffffff,,,
8796d3ceeffffff,,,
876ad36b6ffffff,,,
876adac06ffffff,,,
876af158dffffff,,,
876ad1854ffffff,,,
876ac6cccffffff,,,
8796d22c4ffffff,,,
876ade8caffffff,,,
876ac2855ffffff,,,
8796d0462ffffff,,,
8796d2d88ffffff,,,
876ac6519ffffff,,,
876ac20a2ffffff,,,
8796d0773ffffff,,,
876ac5d66ffffff,,,
876ad1b65ffffff,,,
8796d6299ffffff,,,
876ac6208ffffff,,,
876ae348affffff,,,
876ac43a6ffffff,,,
8796d0c15ffffff,,,
876ac55b3ffffff,,,
876ad13b2ffffff,,,
876ac2544ffffff,,,
876af10ebffffff,,,
8796d3c84ffffff,,,
876ad3214ffffff,,,
876ac06e2ffffff,,,
8796d34d1ffffff,,,
876ac6c62ffffff,,,
876ade860ffffff,,,
876ac4b59ffffff,,,
876ac0989ffffff,,,
876ac464dffffff,,,
8796d2d1effffff,,,
876ad22aeffffff,,,
876ade0adffffff,,,
8796d0709ffffff,,,
8796d256bffffff,,,
876aded6cffffff,,,
876ad395dffffff,,,
876ac5549ffffff,,,
876ad1348ffffff,,,
876af1081ffffff,,,
8796d3c1affffff,,,
876ad110bffffff,,,
876ac530cffffff,,,
876ad31aaffffff,,,
876ac4d96ffffff,,,
876adc994ffffff,,,
876ac2781ffffff,,,
8796d2cb4ffffff,,,
876ac6445ffffff,,,
8796892a5ffffff,,,
876ad3720ffffff,,,
876ac016cffffff,,,
8796d2501ffffff,,,
876ac5c92ffffff,,,
876ad1a91ffffff,,,
8796d232effffff,,,
876ad38f3ffffff,,,
8796d04ccffffff,,,
876ad5755ffffff,,,
876ad12deffffff,,,
876ad3140ffffff,,,
876ac4d2cffffff,,,
8796d67a5ffffff,,,
876ac6b8effffff,,,
876ac6272ffffff,,,
8796d2ae1ffffff,,,
876ac4410ffffff,,,
876ac08b5ffffff,,,
876ac25aeffffff,,,
8796d2c4affffff,,,
876ac074cffffff,,,
8796d690effffff,,,
876ac0102ffffff,,,
8796d0635ffffff,,,
876ac5c28ffffff,,,
876af1760ffffff,,,
8796d615bffffff,,,
876ad3889ffffff,,,
876ac6a25ffffff,,,
8796d3294ffffff,,,
876ad56ebffffff,,,
876ae334cffffff,,,
876ac5475ffffff,,,
876ac2d61ffffff,,,
876ad1274ffffff,,,
876ad30d6ffffff,,,
876aee998ffffff,,,
876ac4cc2ffffff,,,
876ad0ac1ffffff,,,
8796d3393ffffff,,,
876ac6b24ffffff,,,
876ade722ffffff,,,
876ac084bffffff,,,
876ac26adffffff,,,
876ad1175ffffff,,,
876ad030effffff,,,
876ac6371ffffff,,,
876ae324dffffff,,,
8796d68a4ffffff,,,
876ac0098ffffff,,,
8796d242dffffff,,,
876af16f6ffffff,,,
8796d60f1ffffff,,,
876ad5681ffffff,,,
876ad378affffff,,,
8796d605cffffff,,,
876ae32e2ffffff,,,
876af1661ffffff,,,
876ad1928ffffff,,,
876ac540bffffff,,,
876ac5b29ffffff,,,
8796d2398ffffff,,,
876ad120affffff,,,
876ad306cffffff,,,
876ae3a00ffffff,,,
8796d0536ffffff,,,
876ac4c58ffffff,,,
876ac2643ffffff,,,
876ac0003ffffff,,,
876ac44a5ffffff,,,
8796d2b76ffffff,,,
876ad02a4ffffff,,,
876adc0a3ffffff,,,
876ac002effffff,,,
8796d0561ffffff,,,
876ae3a2bffffff,,,
876ac62dcffffff,,,
876ac5b54ffffff,,,
8796d2b4bffffff,,,
876ad1953ffffff,,,
876af168cffffff,,,
8796d0ce9ffffff,,,
876ad37b5ffffff,,,
876ac2618ffffff,,,
876ac53a1ffffff,,,
876ac07b6ffffff,,,
876ad11a0ffffff,,,
876ad3002ffffff,,,
876ac2d8cffffff,,,
876adc82bffffff,,,
876ac6a50ffffff,,,
876ac4c2dffffff,,,
8796d0caaffffff,,,
8796d2b0cffffff,,,
876ac629dffffff,,,
8796d2359ffffff,,,
876ad18e9ffffff,,,
876af1622ffffff,,,
8796d601dffffff,,,
876ad374bffffff,,,
876ad3041ffffff,,,
876ae320effffff,,,
876ad1136ffffff,,,
876ac2d22ffffff,,,
876ac4b84ffffff,,,
876ac070dffffff,,,
876ad5656ffffff,,,
8796d2aa2ffffff,,,
876ac6233ffffff,,,
8796d60c6ffffff,,,
8796d6766ffffff,,,
876ad1992ffffff,,,
876af16cbffffff,,,
8796d048dffffff,,,
876ac5b93ffffff,,,
8796d2402ffffff,,,
876ac5a80ffffff,,,
876ae3a6affffff,,,
8796d05a0ffffff,,,
876ad36e1ffffff,,,
876ad10ccffffff,,,
8796d399effffff,,,
876ac006dffffff,,,
876aded2dffffff,,,
876ac4b1affffff,,,
876ac6346ffffff,,,
876ad02e3ffffff,,,
8796d2bb5ffffff,,,
876ac44e4ffffff,,,
876ac06a3ffffff,,,
876ac2682ffffff,,,
876ac2505ffffff,,,
876ac0820ffffff,,,
876af3b63ffffff,,,
8796d0423ffffff,,,
876adc895ffffff,,,
8796d2285ffffff,,,
876ad0a96ffffff,,,
876ac5a16ffffff,,,
876ad1815ffffff,,,
876af154effffff,,,
876ad1062ffffff,,,
8796d3934ffffff,,,
876adecc3ffffff,,,
876ac2c4effffff,,,
876ac4ab0ffffff,,,
8796d3181ffffff,,,
876ac6912ffffff,,,
876ade510ffffff,,,
876ad30abffffff,,,
876ac249bffffff,,,
876ad1249ffffff,,,
8796d6692ffffff,,,
876ac544affffff,,,
876ae3321ffffff,,,
8796d221bffffff,,,
876ac59acffffff,,,
876ad17abffffff,,,
876af14e4ffffff,,,
876ad360dffffff,,,
876ad56c0ffffff,,,
876ad385effffff,,,
8796d6130ffffff,,,
8796d38caffffff,,,
876af1735ffffff,,,
876adec59ffffff,,,
876ac0d82ffffff,,,
8796d246cffffff,,,
876ac4a46ffffff,,,
876ae3ad4ffffff,,,
8796d060affffff,,,
876ac68a8ffffff,,,
876ade4a6ffffff,,,
876ac2431ffffff,,,
876ac4293ffffff,,,
8796d2964ffffff,,,
8796d68e3ffffff,,,
876ac60f5ffffff,,,
8796d6628ffffff,,,
879689210ffffff,,,
876ac63b0ffffff,,,
876ad034dffffff,,,
876ac454effffff,,,
8796d21b1ffffff,,,
876ac5942ffffff,,,
876ad1741ffffff,,,
876ac26ecffffff,,,
876af32dcffffff,,,
876ad35a3ffffff,,,
876ac088affffff,,,
8796d3860ffffff,,,
876adcd8dffffff,,,
876ac0d18ffffff,,,
876ac6b63ffffff,,,
8796d30adffffff,,,
876ac4d01ffffff,,,
876ac0565ffffff,,,
876ac4229ffffff,,,
876ad0028ffffff,,,
876ac608bffffff,,,
876af3a25ffffff,,,
876ad5b4effffff,,,
8796d02e5ffffff,,,
876ac58d8ffffff,,,
876ad3115ffffff,,,
876af3272ffffff,,,
876ad539bffffff,,,
876ad12b3ffffff,,,
876ac54b4ffffff,,,
876ac5125ffffff,,,
876adcd23ffffff,,,
876ae338bffffff,,,
876ac0caeffffff,,,
876ac2b10ffffff,,,
876ac4972ffffff,,,
876ad0771ffffff,,,
876ad572affffff,,,
8796d3043ffffff,,,
876adc570ffffff,,,
876ad38c8ffffff,,,
8796d619affffff,,,
876ad1a66ffffff,,,
8796d2890ffffff,,,
876ac6021ffffff,,,
876af1b59ffffff,,,
8796d24d6ffffff,,,
876ad5ae4ffffff,,,
8796d20ddffffff,,,
8796d0674ffffff,,,
876ac586effffff,,,
876ad166dffffff,,,
876af13a6ffffff,,,
876ad5331ffffff,,,
876ac0141ffffff,,,
876aeed91ffffff,,,
8796d378cffffff,,,
8796d694dffffff,,,
876ade018ffffff,,,
876ad2219ffffff,,,
876adc1b6ffffff,,,
876ac0c44ffffff,,,
876ac641affffff,,,
876ac2aa6ffffff,,,
8796d2c89ffffff,,,
876ac4908ffffff,,,
876ac676affffff,,,
876adc506ffffff,,,
876ac2756ffffff,,,
876ac0491ffffff,,,
876ac08f4ffffff,,,
876ac4155ffffff,,,
8796d2826ffffff,,,
876ad1db6ffffff,,,
8796d64eaffffff,0.1407203138084808,2026-07,valid
876af3951ffffff,,,
8796d0211ffffff,,,
876ae36dbffffff,,,
876ad0b6affffff,,,
8796d2073ffffff,,,
876ac5804ffffff,,,
876ac4d6bffffff,,,
876ad1603ffffff,,,
876ad3465ffffff,,,
876ac5051ffffff,,,
8796d3722ffffff,,,
876aee574ffffff,,,
876ac489effffff,,,
876ac6700ffffff,,,
876adc49cffffff,,,
876ad131dffffff,,,
876ac551effffff,,,
876ac40ebffffff,,,
876ad1d4cffffff,,,
876af1a85ffffff,,,
876ad3baeffffff,,,
876ad5a10ffffff,,,
876ae3671ffffff,,,
8796d2009ffffff,,,
876ad5794ffffff,,,
876ac579affffff,,,
876af12d2ffffff,,,
876ad1599ffffff,,,
876ad3932ffffff,,,
8796d6204ffffff,,,
876ad525dffffff,,,
876ad1ad0ffffff,,,
876ac5cd1ffffff,,,
8796d2540ffffff,,,
876adad83ffffff,,,
8796d06deffffff,,,
876ac0b70ffffff,0.01586638234463284,2026-06,valid
876ac200dffffff,,,
876aee50affffff,,,
876ac4834ffffff,,,
876ac01abffffff,,,
876ac6696ffffff,,,
876adc432ffffff,,,
876ade082ffffff,6.584178878728411e-05,2026-07,valid
876ad2283ffffff,,,
8796892e4ffffff,,,
876ac6484ffffff,,,
8796d2cf3ffffff,,,
876ac4081ffffff,,,
876ac4622ffffff,,,
8796d2752ffffff,,,
876ad1ce2ffffff,,,
876af1a1bffffff,,,
8796d45b4ffffff,,,
876ad3b44ffffff,,,
876ac5730ffffff,,,
876ac095effffff,,,
876af1268ffffff,,,
876ad3391ffffff,,,
876ade835ffffff,,,
876aeec53ffffff,,,
876adad19ffffff,,,
8796d364effffff,,,
8796d34a6ffffff,,,
876ac0b06ffffff,,,
876ac2968ffffff,,,
876aee4a0ffffff,,,
876ac662cffffff,,,
876ac21b5ffffff,,,
876ad504bffffff,,,
8796d26e8ffffff,,,
8796d63acffffff,,,
8796d3c59ffffff,,,
876af10c0ffffff,,,
876ad3adaffffff,,,
876ac5588ffffff,,,
8796d00d3ffffff,,,
876ae359dffffff,,,
876ad14c5ffffff,,,
876ac6d75ffffff,,,
876ade973ffffff,,,
876ac0a9cffffff,,,
876aee436ffffff,,,
876ac4760ffffff,,,
876ad399cffffff,,,
8796d626effffff,,,
8796d4c93ffffff,,,
8796d6af5ffffff,,,
8796d25aaffffff,,,
876ac214bffffff,,,
8796d0748ffffff,,,
876ad1c0effffff,,,
8796d6342ffffff,,,
876ad3a70ffffff,,,
8796d6a21ffffff,,,
876ade0ecffffff,,,
876ad22edffffff,,,
876ad145bffffff,,,
876ac64eeffffff,,,
8796d2d5dffffff,,,
8796d3d2dffffff,,,
876ac468cffffff,,,
876ac6d0bffffff,,,
876ac282affffff,,,
876ade909ffffff,,,
876ac0a32ffffff,,,
876ac2894ffffff,,,
876ac46f6ffffff,,,
876ada492ffffff,,,
876ac6558ffffff,,,
876ade156ffffff,,,
876ac6ca1ffffff,,,
8796d3510ffffff,,,
8796d6a8bffffff,,,
876ac20e1ffffff,,,
8796d07b2ffffff,,,
8796d2614ffffff,,,
876ac5da5ffffff,,,
876ad1ba4ffffff,,,
8796d62d8ffffff,,,
876ad3a06ffffff,,,
876ad5868ffffff,,,
8796d3cc3ffffff,,,
876ad3253ffffff,,,
